CREATE TABLE IF NOT EXISTS "api_airport" ("id" integer NOT NULL PRIMARY KEY AUTOINCREMENT, "name" varchar(100) NOT NULL, "place_id" bigint NOT NULL REFERENCES "api_place" ("id") DEFERRABLE INITIALLY DEFERRED, "is_deleted" bool NOT NULL, "full_name" varchar(100) NOT NULL);
INSERT INTO "api_airport" VALUES(1,'SVO',1,0,'Шереметьево');
INSERT INTO "api_airport" VALUES(2,'SPB',2,0,'Пулково');
INSERT INTO "api_airport" VALUES(3,'DME',1,0,'Домодедово');
INSERT INTO "api_airport" VALUES(4,'LGA',3,0,'Laguardia');
INSERT INTO "api_airport" VALUES(5,'JFK',3,0,'Джон Кеннеди');
INSERT INTO "api_airport" VALUES(6,'EWR',3,0,'Ньюарк');
INSERT INTO "api_airport" VALUES(7,'LKR',4,0,'Хитроу');
INSERT INTO "api_airport" VALUES(8,'LGW',4,0,'Гатвик');
INSERT INTO "api_airport" VALUES(9,'LTN',4,0,'Лутон');
INSERT INTO "api_airport" VALUES(10,'STN',4,0,'Станстенд');
INSERT INTO "api_airport" VALUES(11,'NRT',5,0,'Нарита');
INSERT INTO "api_airport" VALUES(12,'HND',5,0,'Ханэда');
INSERT INTO "api_airport" VALUES(13,'CDG',5,0,'Шарль-де-Голль');
INSERT INTO "api_airport" VALUES(14,'ORY',6,0,'Орли');
INSERT INTO "api_airport" VALUES(15,'PEK',7,0,'Пекин Капитал');
INSERT INTO "api_airport" VALUES(16,'PKX',7,0,'Дасин');
CREATE UNIQUE INDEX "auth_group_permissions_group_id_permission_id_0cd325b0_uniq" ON "auth_group_permissions" ("group_id", "permission_id");
CREATE INDEX IF NOT EXISTS "auth_group_permissions_group_id_b120cbf9" ON "auth_group_permissions" ("group_id");
CREATE INDEX IF NOT EXISTS "auth_group_permissions_permission_id_84c5c92e" ON "auth_group_permissions" ("permission_id");
CREATE UNIQUE INDEX "auth_user_groups_user_id_group_id_94350c0c_uniq" ON "auth_user_groups" ("user_id", "group_id");
CREATE INDEX IF NOT EXISTS "auth_user_groups_user_id_6a12ed8b" ON "auth_user_groups" ("user_id");
CREATE INDEX IF NOT EXISTS "auth_user_groups_group_id_97559544" ON "auth_user_groups" ("group_id");
CREATE UNIQUE INDEX "auth_user_user_permissions_user_id_permission_id_14a6b632_uniq" ON "auth_user_user_permissions" ("user_id", "permission_id");
CREATE INDEX IF NOT EXISTS "auth_user_user_permissions_user_id_a95ead1b" ON "auth_user_user_permissions" ("user_id");
CREATE INDEX IF NOT EXISTS "auth_user_user_permissions_permission_id_1fbb5f2c" ON "auth_user_user_permissions" ("permission_id");
CREATE INDEX IF NOT EXISTS "django_admin_log_content_type_id_c4bce8eb" ON "django_admin_log" ("content_type_id");
CREATE INDEX IF NOT EXISTS "django_admin_log_user_id_c564eba6" ON "django_admin_log" ("user_id");
CREATE UNIQUE INDEX "django_content_type_app_label_model_76bd3d3b_uniq" ON "django_content_type" ("app_label", "model");
CREATE UNIQUE INDEX "auth_permission_content_type_id_codename_01ab375a_uniq" ON "auth_permission" ("content_type_id", "codename");
CREATE INDEX IF NOT EXISTS "auth_permission_content_type_id_2f476e4b" ON "auth_permission" ("content_type_id");
CREATE UNIQUE INDEX "api_user_groups_user_id_group_id_9c7ddfb5_uniq" ON "api_user_groups" ("user_id", "group_id");
CREATE INDEX IF NOT EXISTS "api_user_groups_user_id_a5ff39fa" ON "api_user_groups" ("user_id");
CREATE INDEX IF NOT EXISTS "api_user_groups_group_id_3af85785" ON "api_user_groups" ("group_id");
CREATE UNIQUE INDEX "api_user_user_permissions_user_id_permission_id_a06dd704_uniq" ON "api_user_user_permissions" ("user_id", "permission_id");
CREATE INDEX IF NOT EXISTS "api_user_user_permissions_user_id_f3945d65" ON "api_user_user_permissions" ("user_id");
CREATE INDEX IF NOT EXISTS "api_user_user_permissions_permission_id_305b7fea" ON "api_user_user_permissions" ("permission_id");
CREATE INDEX IF NOT EXISTS "django_session_expire_date_a5c62663" ON "django_session" ("expire_date");
CREATE INDEX IF NOT EXISTS "api_boardseat_board_id_c8b81e01" ON "api_boardseat" ("board_id");
CREATE INDEX IF NOT EXISTS "api_ticket_client_id_d04c22cf" ON "api_ticket" ("client_id");
CREATE INDEX IF NOT EXISTS "api_ticket_flight_seat_id_634dcb49" ON "api_ticket" ("flight_seat_id");
CREATE INDEX IF NOT EXISTS "api_airport_place_id_0a3400d0" ON "api_airport" ("place_id");
CREATE INDEX IF NOT EXISTS "api_board_model_id_f80a4023" ON "api_board" ("model_id");
CREATE INDEX IF NOT EXISTS "api_model_manufacturer_id_d978a9ae" ON "api_model" ("manufacturer_id");
CREATE INDEX IF NOT EXISTS "api_flight_board_id_723b5fc3" ON "api_flight" ("board_id");
CREATE INDEX IF NOT EXISTS "api_flight_arrival_airport_id_52080e3a" ON "api_flight" ("arrival_airport_id");
CREATE INDEX IF NOT EXISTS "api_flight_departure_airport_id_8d678b10" ON "api_flight" ("departure_airport_id");
CREATE INDEX IF NOT EXISTS "api_flightseat_flight_id_9bc0032c" ON "api_flightseat" ("flight_id");
CREATE TABLE IF NOT EXISTS "api_board" ("id" integer NOT NULL PRIMARY KEY AUTOINCREMENT, "board_number" varchar(50) NOT NULL, "year" integer NOT NULL, "seats_amount" integer NOT NULL, "is_deleted" bool NOT NULL, "model_id" bigint NULL REFERENCES "api_model" ("id") DEFERRABLE INITIALLY DEFERRED);
INSERT INTO "api_board" VALUES(1,'A646',2015,320,0,1);
INSERT INTO "api_board" VALUES(2,'AH323',2009,290,0,5);
INSERT INTO "api_board" VALUES(3,'X788-D',2011,285,0,3);
INSERT INTO "api_board" VALUES(4,'123',1941,123,1,8);
CREATE UNIQUE INDEX "auth_group_permissions_group_id_permission_id_0cd325b0_uniq" ON "auth_group_permissions" ("group_id", "permission_id");
CREATE INDEX IF NOT EXISTS "auth_group_permissions_group_id_b120cbf9" ON "auth_group_permissions" ("group_id");
CREATE INDEX IF NOT EXISTS "auth_group_permissions_permission_id_84c5c92e" ON "auth_group_permissions" ("permission_id");
CREATE UNIQUE INDEX "auth_user_groups_user_id_group_id_94350c0c_uniq" ON "auth_user_groups" ("user_id", "group_id");
CREATE INDEX IF NOT EXISTS "auth_user_groups_user_id_6a12ed8b" ON "auth_user_groups" ("user_id");
CREATE INDEX IF NOT EXISTS "auth_user_groups_group_id_97559544" ON "auth_user_groups" ("group_id");
CREATE UNIQUE INDEX "auth_user_user_permissions_user_id_permission_id_14a6b632_uniq" ON "auth_user_user_permissions" ("user_id", "permission_id");
CREATE INDEX IF NOT EXISTS "auth_user_user_permissions_user_id_a95ead1b" ON "auth_user_user_permissions" ("user_id");
CREATE INDEX IF NOT EXISTS "auth_user_user_permissions_permission_id_1fbb5f2c" ON "auth_user_user_permissions" ("permission_id");
CREATE INDEX IF NOT EXISTS "django_admin_log_content_type_id_c4bce8eb" ON "django_admin_log" ("content_type_id");
CREATE INDEX IF NOT EXISTS "django_admin_log_user_id_c564eba6" ON "django_admin_log" ("user_id");
CREATE UNIQUE INDEX "django_content_type_app_label_model_76bd3d3b_uniq" ON "django_content_type" ("app_label", "model");
CREATE UNIQUE INDEX "auth_permission_content_type_id_codename_01ab375a_uniq" ON "auth_permission" ("content_type_id", "codename");
CREATE INDEX IF NOT EXISTS "auth_permission_content_type_id_2f476e4b" ON "auth_permission" ("content_type_id");
CREATE UNIQUE INDEX "api_user_groups_user_id_group_id_9c7ddfb5_uniq" ON "api_user_groups" ("user_id", "group_id");
CREATE INDEX IF NOT EXISTS "api_user_groups_user_id_a5ff39fa" ON "api_user_groups" ("user_id");
CREATE INDEX IF NOT EXISTS "api_user_groups_group_id_3af85785" ON "api_user_groups" ("group_id");
CREATE UNIQUE INDEX "api_user_user_permissions_user_id_permission_id_a06dd704_uniq" ON "api_user_user_permissions" ("user_id", "permission_id");
CREATE INDEX IF NOT EXISTS "api_user_user_permissions_user_id_f3945d65" ON "api_user_user_permissions" ("user_id");
CREATE INDEX IF NOT EXISTS "api_user_user_permissions_permission_id_305b7fea" ON "api_user_user_permissions" ("permission_id");
CREATE INDEX IF NOT EXISTS "django_session_expire_date_a5c62663" ON "django_session" ("expire_date");
CREATE INDEX IF NOT EXISTS "api_boardseat_board_id_c8b81e01" ON "api_boardseat" ("board_id");
CREATE INDEX IF NOT EXISTS "api_ticket_client_id_d04c22cf" ON "api_ticket" ("client_id");
CREATE INDEX IF NOT EXISTS "api_ticket_flight_seat_id_634dcb49" ON "api_ticket" ("flight_seat_id");
CREATE INDEX IF NOT EXISTS "api_airport_place_id_0a3400d0" ON "api_airport" ("place_id");
CREATE INDEX IF NOT EXISTS "api_board_model_id_f80a4023" ON "api_board" ("model_id");
CREATE INDEX IF NOT EXISTS "api_model_manufacturer_id_d978a9ae" ON "api_model" ("manufacturer_id");
CREATE INDEX IF NOT EXISTS "api_flight_board_id_723b5fc3" ON "api_flight" ("board_id");
CREATE INDEX IF NOT EXISTS "api_flight_arrival_airport_id_52080e3a" ON "api_flight" ("arrival_airport_id");
CREATE INDEX IF NOT EXISTS "api_flight_departure_airport_id_8d678b10" ON "api_flight" ("departure_airport_id");
CREATE INDEX IF NOT EXISTS "api_flightseat_flight_id_9bc0032c" ON "api_flightseat" ("flight_id");
CREATE TABLE IF NOT EXISTS "api_boardseat" ("id" integer NOT NULL PRIMARY KEY AUTOINCREMENT, "seat_type" varchar(20) NOT NULL, "row_number" integer NOT NULL, "seat_number" integer NOT NULL, "board_id" bigint NOT NULL REFERENCES "api_board" ("id") DEFERRABLE INITIALLY DEFERRED, "is_deleted" bool NOT NULL, "seats_version" integer NOT NULL);
INSERT INTO "api_boardseat" VALUES(1333,'Business',1,1,1,0,1);
INSERT INTO "api_boardseat" VALUES(1334,'Business',2,1,1,0,1);
INSERT INTO "api_boardseat" VALUES(1335,'Business',3,1,1,0,1);
INSERT INTO "api_boardseat" VALUES(1336,'Business',4,1,1,0,1);
INSERT INTO "api_boardseat" VALUES(1337,'Business',5,1,1,0,1);
INSERT INTO "api_boardseat" VALUES(1338,'Business',6,1,1,0,1);
INSERT INTO "api_boardseat" VALUES(1339,'Business',1,2,1,0,1);
INSERT INTO "api_boardseat" VALUES(1340,'Business',2,2,1,0,1);
INSERT INTO "api_boardseat" VALUES(1341,'Business',3,2,1,0,1);
INSERT INTO "api_boardseat" VALUES(1342,'Business',4,2,1,0,1);
INSERT INTO "api_boardseat" VALUES(1343,'Business',5,2,1,0,1);
INSERT INTO "api_boardseat" VALUES(1344,'Business',6,2,1,0,1);
INSERT INTO "api_boardseat" VALUES(1345,'Economy',1,3,1,0,1);
INSERT INTO "api_boardseat" VALUES(1346,'Economy',2,3,1,0,1);
INSERT INTO "api_boardseat" VALUES(1347,'Economy',3,3,1,0,1);
INSERT INTO "api_boardseat" VALUES(1348,'Economy',4,3,1,0,1);
INSERT INTO "api_boardseat" VALUES(1349,'Economy',5,3,1,0,1);
INSERT INTO "api_boardseat" VALUES(1350,'Economy',6,3,1,0,1);
INSERT INTO "api_boardseat" VALUES(1351,'Economy',1,4,1,0,1);
INSERT INTO "api_boardseat" VALUES(1352,'Economy',2,4,1,0,1);
INSERT INTO "api_boardseat" VALUES(1353,'Economy',3,4,1,0,1);
INSERT INTO "api_boardseat" VALUES(1354,'Economy',4,4,1,0,1);
INSERT INTO "api_boardseat" VALUES(1355,'Economy',5,4,1,0,1);
INSERT INTO "api_boardseat" VALUES(1356,'Economy',6,4,1,0,1);
INSERT INTO "api_boardseat" VALUES(1357,'Economy',1,5,1,0,1);
INSERT INTO "api_boardseat" VALUES(1358,'Economy',2,5,1,0,1);
INSERT INTO "api_boardseat" VALUES(1359,'Economy',3,5,1,0,1);
INSERT INTO "api_boardseat" VALUES(1360,'Economy',4,5,1,0,1);
INSERT INTO "api_boardseat" VALUES(1361,'Economy',5,5,1,0,1);
INSERT INTO "api_boardseat" VALUES(1362,'Economy',6,5,1,0,1);
INSERT INTO "api_boardseat" VALUES(1363,'Economy',1,6,1,0,1);
INSERT INTO "api_boardseat" VALUES(1364,'Economy',2,6,1,0,1);
INSERT INTO "api_boardseat" VALUES(1365,'Economy',3,6,1,0,1);
INSERT INTO "api_boardseat" VALUES(1366,'Economy',4,6,1,0,1);
INSERT INTO "api_boardseat" VALUES(1367,'Economy',5,6,1,0,1);
INSERT INTO "api_boardseat" VALUES(1368,'Economy',6,6,1,0,1);
INSERT INTO "api_boardseat" VALUES(1369,'Economy',1,7,1,0,1);
INSERT INTO "api_boardseat" VALUES(1370,'Economy',2,7,1,0,1);
INSERT INTO "api_boardseat" VALUES(1371,'Economy',3,7,1,0,1);
INSERT INTO "api_boardseat" VALUES(1372,'Economy',4,7,1,0,1);
INSERT INTO "api_boardseat" VALUES(1373,'Economy',5,7,1,0,1);
INSERT INTO "api_boardseat" VALUES(1374,'Economy',6,7,1,0,1);
INSERT INTO "api_boardseat" VALUES(1375,'Economy',1,8,1,0,1);
INSERT INTO "api_boardseat" VALUES(1376,'Economy',2,8,1,0,1);
INSERT INTO "api_boardseat" VALUES(1377,'Economy',3,8,1,0,1);
INSERT INTO "api_boardseat" VALUES(1378,'Economy',4,8,1,0,1);
INSERT INTO "api_boardseat" VALUES(1379,'Economy',5,8,1,0,1);
INSERT INTO "api_boardseat" VALUES(1380,'Economy',6,8,1,0,1);
INSERT INTO "api_boardseat" VALUES(1381,'Economy',1,9,1,0,1);
INSERT INTO "api_boardseat" VALUES(1382,'Economy',2,9,1,0,1);
INSERT INTO "api_boardseat" VALUES(1383,'Economy',3,9,1,0,1);
INSERT INTO "api_boardseat" VALUES(1384,'Economy',4,9,1,0,1);
INSERT INTO "api_boardseat" VALUES(1385,'Economy',5,9,1,0,1);
INSERT INTO "api_boardseat" VALUES(1386,'Economy',6,9,1,0,1);
INSERT INTO "api_boardseat" VALUES(1387,'Economy',1,10,1,0,1);
INSERT INTO "api_boardseat" VALUES(1388,'Economy',2,10,1,0,1);
INSERT INTO "api_boardseat" VALUES(1389,'Economy',3,10,1,0,1);
INSERT INTO "api_boardseat" VALUES(1390,'Economy',4,10,1,0,1);
INSERT INTO "api_boardseat" VALUES(1391,'Economy',5,10,1,0,1);
INSERT INTO "api_boardseat" VALUES(1392,'Economy',6,10,1,0,1);
INSERT INTO "api_boardseat" VALUES(1393,'Economy',1,11,1,0,1);
INSERT INTO "api_boardseat" VALUES(1394,'Economy',2,11,1,0,1);
INSERT INTO "api_boardseat" VALUES(1395,'Economy',3,11,1,0,1);
INSERT INTO "api_boardseat" VALUES(1396,'Economy',4,11,1,0,1);
INSERT INTO "api_boardseat" VALUES(1397,'Economy',5,11,1,0,1);
INSERT INTO "api_boardseat" VALUES(1398,'Economy',6,11,1,0,1);
INSERT INTO "api_boardseat" VALUES(1399,'Economy',1,12,1,0,1);
INSERT INTO "api_boardseat" VALUES(1400,'Economy',2,12,1,0,1);
INSERT INTO "api_boardseat" VALUES(1401,'Economy',3,12,1,0,1);
INSERT INTO "api_boardseat" VALUES(1402,'Economy',4,12,1,0,1);
INSERT INTO "api_boardseat" VALUES(1403,'Economy',5,12,1,0,1);
INSERT INTO "api_boardseat" VALUES(1404,'Economy',6,12,1,0,1);
INSERT INTO "api_boardseat" VALUES(1405,'Economy',1,13,1,0,1);
INSERT INTO "api_boardseat" VALUES(1406,'Economy',2,13,1,0,1);
INSERT INTO "api_boardseat" VALUES(1407,'Economy',3,13,1,0,1);
INSERT INTO "api_boardseat" VALUES(1408,'Economy',4,13,1,0,1);
INSERT INTO "api_boardseat" VALUES(1409,'Economy',5,13,1,0,1);
INSERT INTO "api_boardseat" VALUES(1410,'Economy',6,13,1,0,1);
INSERT INTO "api_boardseat" VALUES(1411,'Business',1,1,2,0,1);
INSERT INTO "api_boardseat" VALUES(1412,'Business',2,1,2,0,1);
INSERT INTO "api_boardseat" VALUES(1413,'Business',3,1,2,0,1);
INSERT INTO "api_boardseat" VALUES(1414,'Business',4,1,2,0,1);
INSERT INTO "api_boardseat" VALUES(1415,'Business',1,2,2,0,1);
INSERT INTO "api_boardseat" VALUES(1416,'Business',2,2,2,0,1);
INSERT INTO "api_boardseat" VALUES(1417,'Business',3,2,2,0,1);
INSERT INTO "api_boardseat" VALUES(1418,'Business',4,2,2,0,1);
INSERT INTO "api_boardseat" VALUES(1419,'Business',1,3,2,0,1);
INSERT INTO "api_boardseat" VALUES(1420,'Business',2,3,2,0,1);
INSERT INTO "api_boardseat" VALUES(1421,'Business',3,3,2,0,1);
INSERT INTO "api_boardseat" VALUES(1422,'Business',4,3,2,0,1);
INSERT INTO "api_boardseat" VALUES(1423,'Business',1,4,2,0,1);
INSERT INTO "api_boardseat" VALUES(1424,'Business',2,4,2,0,1);
INSERT INTO "api_boardseat" VALUES(1425,'Business',3,4,2,0,1);
INSERT INTO "api_boardseat" VALUES(1426,'Business',4,4,2,0,1);
INSERT INTO "api_boardseat" VALUES(1427,'Economy',1,5,2,0,1);
INSERT INTO "api_boardseat" VALUES(1428,'Economy',2,5,2,0,1);
INSERT INTO "api_boardseat" VALUES(1429,'Economy',3,5,2,0,1);
INSERT INTO "api_boardseat" VALUES(1430,'Economy',4,5,2,0,1);
INSERT INTO "api_boardseat" VALUES(1431,'Economy',1,6,2,0,1);
INSERT INTO "api_boardseat" VALUES(1432,'Economy',2,6,2,0,1);
INSERT INTO "api_boardseat" VALUES(1433,'Economy',3,6,2,0,1);
INSERT INTO "api_boardseat" VALUES(1434,'Economy',4,6,2,0,1);
INSERT INTO "api_boardseat" VALUES(1435,'Economy',1,7,2,0,1);
INSERT INTO "api_boardseat" VALUES(1436,'Economy',2,7,2,0,1);
INSERT INTO "api_boardseat" VALUES(1437,'Economy',3,7,2,0,1);
INSERT INTO "api_boardseat" VALUES(1438,'Economy',4,7,2,0,1);
INSERT INTO "api_boardseat" VALUES(1439,'Economy',1,8,2,0,1);
INSERT INTO "api_boardseat" VALUES(1440,'Economy',2,8,2,0,1);
INSERT INTO "api_boardseat" VALUES(1441,'Economy',3,8,2,0,1);
INSERT INTO "api_boardseat" VALUES(1442,'Economy',4,8,2,0,1);
INSERT INTO "api_boardseat" VALUES(1443,'Economy',1,9,2,0,1);
INSERT INTO "api_boardseat" VALUES(1444,'Economy',2,9,2,0,1);
INSERT INTO "api_boardseat" VALUES(1445,'Economy',3,9,2,0,1);
INSERT INTO "api_boardseat" VALUES(1446,'Economy',4,9,2,0,1);
INSERT INTO "api_boardseat" VALUES(1447,'Economy',1,10,2,0,1);
INSERT INTO "api_boardseat" VALUES(1448,'Economy',2,10,2,0,1);
INSERT INTO "api_boardseat" VALUES(1449,'Economy',3,10,2,0,1);
INSERT INTO "api_boardseat" VALUES(1450,'Economy',4,10,2,0,1);
INSERT INTO "api_boardseat" VALUES(1451,'Economy',1,11,2,0,1);
INSERT INTO "api_boardseat" VALUES(1452,'Economy',2,11,2,0,1);
INSERT INTO "api_boardseat" VALUES(1453,'Economy',3,11,2,0,1);
INSERT INTO "api_boardseat" VALUES(1454,'Economy',4,11,2,0,1);
INSERT INTO "api_boardseat" VALUES(1455,'Economy',1,12,2,0,1);
INSERT INTO "api_boardseat" VALUES(1456,'Economy',2,12,2,0,1);
INSERT INTO "api_boardseat" VALUES(1457,'Economy',3,12,2,0,1);
INSERT INTO "api_boardseat" VALUES(1458,'Economy',4,12,2,0,1);
INSERT INTO "api_boardseat" VALUES(1459,'Economy',1,13,2,0,1);
INSERT INTO "api_boardseat" VALUES(1460,'Economy',2,13,2,0,1);
INSERT INTO "api_boardseat" VALUES(1461,'Economy',3,13,2,0,1);
INSERT INTO "api_boardseat" VALUES(1462,'Economy',4,13,2,0,1);
INSERT INTO "api_boardseat" VALUES(1463,'Economy',1,14,2,0,1);
INSERT INTO "api_boardseat" VALUES(1464,'Economy',2,14,2,0,1);
INSERT INTO "api_boardseat" VALUES(1465,'Economy',3,14,2,0,1);
INSERT INTO "api_boardseat" VALUES(1466,'Economy',4,14,2,0,1);
INSERT INTO "api_boardseat" VALUES(1467,'Economy',1,15,2,0,1);
INSERT INTO "api_boardseat" VALUES(1468,'Economy',2,15,2,0,1);
INSERT INTO "api_boardseat" VALUES(1469,'Economy',3,15,2,0,1);
INSERT INTO "api_boardseat" VALUES(1470,'Economy',4,15,2,0,1);
INSERT INTO "api_boardseat" VALUES(1471,'Business',1,1,1,0,2);
INSERT INTO "api_boardseat" VALUES(1472,'Business',2,1,1,0,2);
INSERT INTO "api_boardseat" VALUES(1473,'Business',3,1,1,0,2);
INSERT INTO "api_boardseat" VALUES(1474,'Business',4,1,1,0,2);
INSERT INTO "api_boardseat" VALUES(1475,'Business',5,1,1,0,2);
INSERT INTO "api_boardseat" VALUES(1476,'Business',6,1,1,0,2);
INSERT INTO "api_boardseat" VALUES(1477,'Business',7,1,1,0,2);
INSERT INTO "api_boardseat" VALUES(1478,'Business',8,1,1,0,2);
INSERT INTO "api_boardseat" VALUES(1479,'Business',1,2,1,0,2);
INSERT INTO "api_boardseat" VALUES(1480,'Business',2,2,1,0,2);
INSERT INTO "api_boardseat" VALUES(1481,'Business',3,2,1,0,2);
INSERT INTO "api_boardseat" VALUES(1482,'Business',4,2,1,0,2);
INSERT INTO "api_boardseat" VALUES(1483,'Business',5,2,1,0,2);
INSERT INTO "api_boardseat" VALUES(1484,'Business',6,2,1,0,2);
INSERT INTO "api_boardseat" VALUES(1485,'Business',7,2,1,0,2);
INSERT INTO "api_boardseat" VALUES(1486,'Business',8,2,1,0,2);
INSERT INTO "api_boardseat" VALUES(1487,'Economy',1,3,1,0,2);
INSERT INTO "api_boardseat" VALUES(1488,'Economy',2,3,1,0,2);
INSERT INTO "api_boardseat" VALUES(1489,'Economy',3,3,1,0,2);
INSERT INTO "api_boardseat" VALUES(1490,'Economy',4,3,1,0,2);
INSERT INTO "api_boardseat" VALUES(1491,'Economy',5,3,1,0,2);
INSERT INTO "api_boardseat" VALUES(1492,'Economy',6,3,1,0,2);
INSERT INTO "api_boardseat" VALUES(1493,'Economy',7,3,1,0,2);
INSERT INTO "api_boardseat" VALUES(1494,'Economy',8,3,1,0,2);
INSERT INTO "api_boardseat" VALUES(1495,'Economy',1,4,1,0,2);
INSERT INTO "api_boardseat" VALUES(1496,'Economy',2,4,1,0,2);
INSERT INTO "api_boardseat" VALUES(1497,'Economy',3,4,1,0,2);
INSERT INTO "api_boardseat" VALUES(1498,'Economy',4,4,1,0,2);
INSERT INTO "api_boardseat" VALUES(1499,'Economy',5,4,1,0,2);
INSERT INTO "api_boardseat" VALUES(1500,'Economy',6,4,1,0,2);
INSERT INTO "api_boardseat" VALUES(1501,'Economy',7,4,1,0,2);
INSERT INTO "api_boardseat" VALUES(1502,'Economy',8,4,1,0,2);
INSERT INTO "api_boardseat" VALUES(1503,'Economy',1,5,1,0,2);
INSERT INTO "api_boardseat" VALUES(1504,'Economy',2,5,1,0,2);
INSERT INTO "api_boardseat" VALUES(1505,'Economy',3,5,1,0,2);
INSERT INTO "api_boardseat" VALUES(1506,'Economy',4,5,1,0,2);
INSERT INTO "api_boardseat" VALUES(1507,'Economy',5,5,1,0,2);
INSERT INTO "api_boardseat" VALUES(1508,'Economy',6,5,1,0,2);
INSERT INTO "api_boardseat" VALUES(1509,'Economy',7,5,1,0,2);
INSERT INTO "api_boardseat" VALUES(1510,'Economy',8,5,1,0,2);
INSERT INTO "api_boardseat" VALUES(1511,'Economy',1,6,1,0,2);
INSERT INTO "api_boardseat" VALUES(1512,'Economy',2,6,1,0,2);
INSERT INTO "api_boardseat" VALUES(1513,'Economy',3,6,1,0,2);
INSERT INTO "api_boardseat" VALUES(1514,'Economy',4,6,1,0,2);
INSERT INTO "api_boardseat" VALUES(1515,'Economy',5,6,1,0,2);
INSERT INTO "api_boardseat" VALUES(1516,'Economy',6,6,1,0,2);
INSERT INTO "api_boardseat" VALUES(1517,'Economy',7,6,1,0,2);
INSERT INTO "api_boardseat" VALUES(1518,'Economy',8,6,1,0,2);
INSERT INTO "api_boardseat" VALUES(1519,'Economy',1,7,1,0,2);
INSERT INTO "api_boardseat" VALUES(1520,'Economy',2,7,1,0,2);
INSERT INTO "api_boardseat" VALUES(1521,'Economy',3,7,1,0,2);
INSERT INTO "api_boardseat" VALUES(1522,'Economy',4,7,1,0,2);
INSERT INTO "api_boardseat" VALUES(1523,'Economy',5,7,1,0,2);
INSERT INTO "api_boardseat" VALUES(1524,'Economy',6,7,1,0,2);
INSERT INTO "api_boardseat" VALUES(1525,'Economy',7,7,1,0,2);
INSERT INTO "api_boardseat" VALUES(1526,'Economy',8,7,1,0,2);
INSERT INTO "api_boardseat" VALUES(1527,'Economy',1,8,1,0,2);
INSERT INTO "api_boardseat" VALUES(1528,'Economy',2,8,1,0,2);
INSERT INTO "api_boardseat" VALUES(1529,'Economy',3,8,1,0,2);
INSERT INTO "api_boardseat" VALUES(1530,'Economy',4,8,1,0,2);
INSERT INTO "api_boardseat" VALUES(1531,'Economy',5,8,1,0,2);
INSERT INTO "api_boardseat" VALUES(1532,'Economy',6,8,1,0,2);
INSERT INTO "api_boardseat" VALUES(1533,'Economy',7,8,1,0,2);
INSERT INTO "api_boardseat" VALUES(1534,'Economy',8,8,1,0,2);
INSERT INTO "api_boardseat" VALUES(1535,'Economy',1,9,1,0,2);
INSERT INTO "api_boardseat" VALUES(1536,'Economy',2,9,1,0,2);
INSERT INTO "api_boardseat" VALUES(1537,'Economy',3,9,1,0,2);
INSERT INTO "api_boardseat" VALUES(1538,'Economy',4,9,1,0,2);
INSERT INTO "api_boardseat" VALUES(1539,'Economy',5,9,1,0,2);
INSERT INTO "api_boardseat" VALUES(1540,'Economy',6,9,1,0,2);
INSERT INTO "api_boardseat" VALUES(1541,'Economy',7,9,1,0,2);
INSERT INTO "api_boardseat" VALUES(1542,'Economy',8,9,1,0,2);
INSERT INTO "api_boardseat" VALUES(1543,'Economy',1,10,1,0,2);
INSERT INTO "api_boardseat" VALUES(1544,'Economy',2,10,1,0,2);
INSERT INTO "api_boardseat" VALUES(1545,'Economy',3,10,1,0,2);
INSERT INTO "api_boardseat" VALUES(1546,'Economy',4,10,1,0,2);
INSERT INTO "api_boardseat" VALUES(1547,'Economy',5,10,1,0,2);
INSERT INTO "api_boardseat" VALUES(1548,'Economy',6,10,1,0,2);
INSERT INTO "api_boardseat" VALUES(1549,'Economy',7,10,1,0,2);
INSERT INTO "api_boardseat" VALUES(1550,'Economy',8,10,1,0,2);
INSERT INTO "api_boardseat" VALUES(1551,'Economy',1,11,1,0,2);
INSERT INTO "api_boardseat" VALUES(1552,'Economy',2,11,1,0,2);
INSERT INTO "api_boardseat" VALUES(1553,'Economy',3,11,1,0,2);
INSERT INTO "api_boardseat" VALUES(1554,'Economy',4,11,1,0,2);
INSERT INTO "api_boardseat" VALUES(1555,'Economy',5,11,1,0,2);
INSERT INTO "api_boardseat" VALUES(1556,'Economy',6,11,1,0,2);
INSERT INTO "api_boardseat" VALUES(1557,'Economy',7,11,1,0,2);
INSERT INTO "api_boardseat" VALUES(1558,'Economy',8,11,1,0,2);
INSERT INTO "api_boardseat" VALUES(1559,'Economy',1,12,1,0,2);
INSERT INTO "api_boardseat" VALUES(1560,'Economy',2,12,1,0,2);
INSERT INTO "api_boardseat" VALUES(1561,'Economy',3,12,1,0,2);
INSERT INTO "api_boardseat" VALUES(1562,'Economy',4,12,1,0,2);
INSERT INTO "api_boardseat" VALUES(1563,'Economy',5,12,1,0,2);
INSERT INTO "api_boardseat" VALUES(1564,'Economy',6,12,1,0,2);
INSERT INTO "api_boardseat" VALUES(1565,'Economy',7,12,1,0,2);
INSERT INTO "api_boardseat" VALUES(1566,'Economy',8,12,1,0,2);
INSERT INTO "api_boardseat" VALUES(1567,'Economy',1,13,1,0,2);
INSERT INTO "api_boardseat" VALUES(1568,'Economy',2,13,1,0,2);
INSERT INTO "api_boardseat" VALUES(1569,'Economy',3,13,1,0,2);
INSERT INTO "api_boardseat" VALUES(1570,'Economy',4,13,1,0,2);
INSERT INTO "api_boardseat" VALUES(1571,'Economy',5,13,1,0,2);
INSERT INTO "api_boardseat" VALUES(1572,'Economy',6,13,1,0,2);
INSERT INTO "api_boardseat" VALUES(1573,'Economy',7,13,1,0,2);
INSERT INTO "api_boardseat" VALUES(1574,'Economy',8,13,1,0,2);
INSERT INTO "api_boardseat" VALUES(1575,'Economy',1,14,1,0,2);
INSERT INTO "api_boardseat" VALUES(1576,'Economy',2,14,1,0,2);
INSERT INTO "api_boardseat" VALUES(1577,'Economy',3,14,1,0,2);
INSERT INTO "api_boardseat" VALUES(1578,'Economy',4,14,1,0,2);
INSERT INTO "api_boardseat" VALUES(1579,'Economy',5,14,1,0,2);
INSERT INTO "api_boardseat" VALUES(1580,'Economy',6,14,1,0,2);
INSERT INTO "api_boardseat" VALUES(1581,'Economy',7,14,1,0,2);
INSERT INTO "api_boardseat" VALUES(1582,'Economy',8,14,1,0,2);
INSERT INTO "api_boardseat" VALUES(1583,'Economy',1,15,1,0,2);
INSERT INTO "api_boardseat" VALUES(1584,'Economy',2,15,1,0,2);
INSERT INTO "api_boardseat" VALUES(1585,'Economy',3,15,1,0,2);
INSERT INTO "api_boardseat" VALUES(1586,'Economy',4,15,1,0,2);
INSERT INTO "api_boardseat" VALUES(1587,'Economy',5,15,1,0,2);
INSERT INTO "api_boardseat" VALUES(1588,'Economy',6,15,1,0,2);
INSERT INTO "api_boardseat" VALUES(1589,'Economy',7,15,1,0,2);
INSERT INTO "api_boardseat" VALUES(1590,'Economy',8,15,1,0,2);
INSERT INTO "api_boardseat" VALUES(1591,'Business',1,1,1,0,3);
INSERT INTO "api_boardseat" VALUES(1592,'Business',2,1,1,0,3);
INSERT INTO "api_boardseat" VALUES(1593,'Business',3,1,1,0,3);
INSERT INTO "api_boardseat" VALUES(1594,'Business',4,1,1,0,3);
INSERT INTO "api_boardseat" VALUES(1595,'Business',5,1,1,0,3);
INSERT INTO "api_boardseat" VALUES(1596,'Business',6,1,1,0,3);
INSERT INTO "api_boardseat" VALUES(1597,'Business',7,1,1,0,3);
INSERT INTO "api_boardseat" VALUES(1598,'Business',8,1,1,0,3);
INSERT INTO "api_boardseat" VALUES(1599,'Business',9,1,1,0,3);
INSERT INTO "api_boardseat" VALUES(1600,'Business',1,2,1,0,3);
INSERT INTO "api_boardseat" VALUES(1601,'Business',2,2,1,0,3);
INSERT INTO "api_boardseat" VALUES(1602,'Business',3,2,1,0,3);
INSERT INTO "api_boardseat" VALUES(1603,'Business',4,2,1,0,3);
INSERT INTO "api_boardseat" VALUES(1604,'Business',5,2,1,0,3);
INSERT INTO "api_boardseat" VALUES(1605,'Business',6,2,1,0,3);
INSERT INTO "api_boardseat" VALUES(1606,'Business',7,2,1,0,3);
INSERT INTO "api_boardseat" VALUES(1607,'Business',8,2,1,0,3);
INSERT INTO "api_boardseat" VALUES(1608,'Business',9,2,1,0,3);
INSERT INTO "api_boardseat" VALUES(1609,'Economy',1,3,1,0,3);
INSERT INTO "api_boardseat" VALUES(1610,'Economy',2,3,1,0,3);
INSERT INTO "api_boardseat" VALUES(1611,'Economy',3,3,1,0,3);
INSERT INTO "api_boardseat" VALUES(1612,'Economy',4,3,1,0,3);
INSERT INTO "api_boardseat" VALUES(1613,'Economy',5,3,1,0,3);
INSERT INTO "api_boardseat" VALUES(1614,'Economy',6,3,1,0,3);
INSERT INTO "api_boardseat" VALUES(1615,'Economy',7,3,1,0,3);
INSERT INTO "api_boardseat" VALUES(1616,'Economy',8,3,1,0,3);
INSERT INTO "api_boardseat" VALUES(1617,'Economy',9,3,1,0,3);
INSERT INTO "api_boardseat" VALUES(1618,'Economy',1,4,1,0,3);
INSERT INTO "api_boardseat" VALUES(1619,'Economy',2,4,1,0,3);
INSERT INTO "api_boardseat" VALUES(1620,'Economy',3,4,1,0,3);
INSERT INTO "api_boardseat" VALUES(1621,'Economy',4,4,1,0,3);
INSERT INTO "api_boardseat" VALUES(1622,'Economy',5,4,1,0,3);
INSERT INTO "api_boardseat" VALUES(1623,'Economy',6,4,1,0,3);
INSERT INTO "api_boardseat" VALUES(1624,'Economy',7,4,1,0,3);
INSERT INTO "api_boardseat" VALUES(1625,'Economy',8,4,1,0,3);
INSERT INTO "api_boardseat" VALUES(1626,'Economy',9,4,1,0,3);
INSERT INTO "api_boardseat" VALUES(1627,'Economy',1,5,1,0,3);
INSERT INTO "api_boardseat" VALUES(1628,'Economy',2,5,1,0,3);
INSERT INTO "api_boardseat" VALUES(1629,'Economy',3,5,1,0,3);
INSERT INTO "api_boardseat" VALUES(1630,'Economy',4,5,1,0,3);
INSERT INTO "api_boardseat" VALUES(1631,'Economy',5,5,1,0,3);
INSERT INTO "api_boardseat" VALUES(1632,'Economy',6,5,1,0,3);
INSERT INTO "api_boardseat" VALUES(1633,'Economy',7,5,1,0,3);
INSERT INTO "api_boardseat" VALUES(1634,'Economy',8,5,1,0,3);
INSERT INTO "api_boardseat" VALUES(1635,'Economy',9,5,1,0,3);
INSERT INTO "api_boardseat" VALUES(1636,'Economy',1,6,1,0,3);
INSERT INTO "api_boardseat" VALUES(1637,'Economy',2,6,1,0,3);
INSERT INTO "api_boardseat" VALUES(1638,'Economy',3,6,1,0,3);
INSERT INTO "api_boardseat" VALUES(1639,'Economy',4,6,1,0,3);
INSERT INTO "api_boardseat" VALUES(1640,'Economy',5,6,1,0,3);
INSERT INTO "api_boardseat" VALUES(1641,'Economy',6,6,1,0,3);
INSERT INTO "api_boardseat" VALUES(1642,'Economy',7,6,1,0,3);
INSERT INTO "api_boardseat" VALUES(1643,'Economy',8,6,1,0,3);
INSERT INTO "api_boardseat" VALUES(1644,'Economy',9,6,1,0,3);
INSERT INTO "api_boardseat" VALUES(1645,'Economy',1,7,1,0,3);
INSERT INTO "api_boardseat" VALUES(1646,'Economy',2,7,1,0,3);
INSERT INTO "api_boardseat" VALUES(1647,'Economy',3,7,1,0,3);
INSERT INTO "api_boardseat" VALUES(1648,'Economy',4,7,1,0,3);
INSERT INTO "api_boardseat" VALUES(1649,'Economy',5,7,1,0,3);
INSERT INTO "api_boardseat" VALUES(1650,'Economy',6,7,1,0,3);
INSERT INTO "api_boardseat" VALUES(1651,'Economy',7,7,1,0,3);
INSERT INTO "api_boardseat" VALUES(1652,'Economy',8,7,1,0,3);
INSERT INTO "api_boardseat" VALUES(1653,'Economy',9,7,1,0,3);
INSERT INTO "api_boardseat" VALUES(1654,'Economy',1,8,1,0,3);
INSERT INTO "api_boardseat" VALUES(1655,'Economy',2,8,1,0,3);
INSERT INTO "api_boardseat" VALUES(1656,'Economy',3,8,1,0,3);
INSERT INTO "api_boardseat" VALUES(1657,'Economy',4,8,1,0,3);
INSERT INTO "api_boardseat" VALUES(1658,'Economy',5,8,1,0,3);
INSERT INTO "api_boardseat" VALUES(1659,'Economy',6,8,1,0,3);
INSERT INTO "api_boardseat" VALUES(1660,'Economy',7,8,1,0,3);
INSERT INTO "api_boardseat" VALUES(1661,'Economy',8,8,1,0,3);
INSERT INTO "api_boardseat" VALUES(1662,'Economy',9,8,1,0,3);
INSERT INTO "api_boardseat" VALUES(1663,'Economy',1,9,1,0,3);
INSERT INTO "api_boardseat" VALUES(1664,'Economy',2,9,1,0,3);
INSERT INTO "api_boardseat" VALUES(1665,'Economy',3,9,1,0,3);
INSERT INTO "api_boardseat" VALUES(1666,'Economy',4,9,1,0,3);
INSERT INTO "api_boardseat" VALUES(1667,'Economy',5,9,1,0,3);
INSERT INTO "api_boardseat" VALUES(1668,'Economy',6,9,1,0,3);
INSERT INTO "api_boardseat" VALUES(1669,'Economy',7,9,1,0,3);
INSERT INTO "api_boardseat" VALUES(1670,'Economy',8,9,1,0,3);
INSERT INTO "api_boardseat" VALUES(1671,'Economy',9,9,1,0,3);
INSERT INTO "api_boardseat" VALUES(1672,'Economy',1,10,1,0,3);
INSERT INTO "api_boardseat" VALUES(1673,'Economy',2,10,1,0,3);
INSERT INTO "api_boardseat" VALUES(1674,'Economy',3,10,1,0,3);
INSERT INTO "api_boardseat" VALUES(1675,'Economy',4,10,1,0,3);
INSERT INTO "api_boardseat" VALUES(1676,'Economy',5,10,1,0,3);
INSERT INTO "api_boardseat" VALUES(1677,'Economy',6,10,1,0,3);
INSERT INTO "api_boardseat" VALUES(1678,'Economy',7,10,1,0,3);
INSERT INTO "api_boardseat" VALUES(1679,'Economy',8,10,1,0,3);
INSERT INTO "api_boardseat" VALUES(1680,'Economy',9,10,1,0,3);
INSERT INTO "api_boardseat" VALUES(1681,'Economy',1,11,1,0,3);
INSERT INTO "api_boardseat" VALUES(1682,'Economy',2,11,1,0,3);
INSERT INTO "api_boardseat" VALUES(1683,'Economy',3,11,1,0,3);
INSERT INTO "api_boardseat" VALUES(1684,'Economy',4,11,1,0,3);
INSERT INTO "api_boardseat" VALUES(1685,'Economy',5,11,1,0,3);
INSERT INTO "api_boardseat" VALUES(1686,'Economy',6,11,1,0,3);
INSERT INTO "api_boardseat" VALUES(1687,'Economy',7,11,1,0,3);
INSERT INTO "api_boardseat" VALUES(1688,'Economy',8,11,1,0,3);
INSERT INTO "api_boardseat" VALUES(1689,'Economy',9,11,1,0,3);
INSERT INTO "api_boardseat" VALUES(1690,'Economy',1,12,1,0,3);
INSERT INTO "api_boardseat" VALUES(1691,'Economy',2,12,1,0,3);
INSERT INTO "api_boardseat" VALUES(1692,'Economy',3,12,1,0,3);
INSERT INTO "api_boardseat" VALUES(1693,'Economy',4,12,1,0,3);
INSERT INTO "api_boardseat" VALUES(1694,'Economy',5,12,1,0,3);
INSERT INTO "api_boardseat" VALUES(1695,'Economy',6,12,1,0,3);
INSERT INTO "api_boardseat" VALUES(1696,'Economy',7,12,1,0,3);
INSERT INTO "api_boardseat" VALUES(1697,'Economy',8,12,1,0,3);
INSERT INTO "api_boardseat" VALUES(1698,'Economy',9,12,1,0,3);
INSERT INTO "api_boardseat" VALUES(1699,'Economy',1,13,1,0,3);
INSERT INTO "api_boardseat" VALUES(1700,'Economy',2,13,1,0,3);
INSERT INTO "api_boardseat" VALUES(1701,'Economy',3,13,1,0,3);
INSERT INTO "api_boardseat" VALUES(1702,'Economy',4,13,1,0,3);
INSERT INTO "api_boardseat" VALUES(1703,'Economy',5,13,1,0,3);
INSERT INTO "api_boardseat" VALUES(1704,'Economy',6,13,1,0,3);
INSERT INTO "api_boardseat" VALUES(1705,'Economy',7,13,1,0,3);
INSERT INTO "api_boardseat" VALUES(1706,'Economy',8,13,1,0,3);
INSERT INTO "api_boardseat" VALUES(1707,'Economy',9,13,1,0,3);
INSERT INTO "api_boardseat" VALUES(1708,'Economy',1,14,1,0,3);
INSERT INTO "api_boardseat" VALUES(1709,'Economy',2,14,1,0,3);
INSERT INTO "api_boardseat" VALUES(1710,'Economy',3,14,1,0,3);
INSERT INTO "api_boardseat" VALUES(1711,'Economy',4,14,1,0,3);
INSERT INTO "api_boardseat" VALUES(1712,'Economy',5,14,1,0,3);
INSERT INTO "api_boardseat" VALUES(1713,'Economy',6,14,1,0,3);
INSERT INTO "api_boardseat" VALUES(1714,'Economy',7,14,1,0,3);
INSERT INTO "api_boardseat" VALUES(1715,'Economy',8,14,1,0,3);
INSERT INTO "api_boardseat" VALUES(1716,'Economy',9,14,1,0,3);
INSERT INTO "api_boardseat" VALUES(1717,'Economy',1,15,1,0,3);
INSERT INTO "api_boardseat" VALUES(1718,'Economy',2,15,1,0,3);
INSERT INTO "api_boardseat" VALUES(1719,'Economy',3,15,1,0,3);
INSERT INTO "api_boardseat" VALUES(1720,'Economy',4,15,1,0,3);
INSERT INTO "api_boardseat" VALUES(1721,'Economy',5,15,1,0,3);
INSERT INTO "api_boardseat" VALUES(1722,'Economy',6,15,1,0,3);
INSERT INTO "api_boardseat" VALUES(1723,'Economy',7,15,1,0,3);
INSERT INTO "api_boardseat" VALUES(1724,'Economy',8,15,1,0,3);
INSERT INTO "api_boardseat" VALUES(1725,'Economy',9,15,1,0,3);
INSERT INTO "api_boardseat" VALUES(1726,'Business',1,1,1,0,4);
INSERT INTO "api_boardseat" VALUES(1727,'Business',2,1,1,0,4);
INSERT INTO "api_boardseat" VALUES(1728,'Business',3,1,1,0,4);
INSERT INTO "api_boardseat" VALUES(1729,'Business',4,1,1,0,4);
INSERT INTO "api_boardseat" VALUES(1730,'Business',5,1,1,0,4);
INSERT INTO "api_boardseat" VALUES(1731,'Business',6,1,1,0,4);
INSERT INTO "api_boardseat" VALUES(1732,'Business',7,1,1,0,4);
INSERT INTO "api_boardseat" VALUES(1733,'Business',8,1,1,0,4);
INSERT INTO "api_boardseat" VALUES(1734,'Business',9,1,1,0,4);
INSERT INTO "api_boardseat" VALUES(1735,'Business',1,2,1,0,4);
INSERT INTO "api_boardseat" VALUES(1736,'Business',2,2,1,0,4);
INSERT INTO "api_boardseat" VALUES(1737,'Business',3,2,1,0,4);
INSERT INTO "api_boardseat" VALUES(1738,'Business',4,2,1,0,4);
INSERT INTO "api_boardseat" VALUES(1739,'Business',5,2,1,0,4);
INSERT INTO "api_boardseat" VALUES(1740,'Business',6,2,1,0,4);
INSERT INTO "api_boardseat" VALUES(1741,'Business',7,2,1,0,4);
INSERT INTO "api_boardseat" VALUES(1742,'Business',8,2,1,0,4);
INSERT INTO "api_boardseat" VALUES(1743,'Business',9,2,1,0,4);
INSERT INTO "api_boardseat" VALUES(1744,'Economy',1,3,1,0,4);
INSERT INTO "api_boardseat" VALUES(1745,'Economy',2,3,1,0,4);
INSERT INTO "api_boardseat" VALUES(1746,'Economy',3,3,1,0,4);
INSERT INTO "api_boardseat" VALUES(1747,'Economy',4,3,1,0,4);
INSERT INTO "api_boardseat" VALUES(1748,'Economy',5,3,1,0,4);
INSERT INTO "api_boardseat" VALUES(1749,'Economy',6,3,1,0,4);
INSERT INTO "api_boardseat" VALUES(1750,'Economy',7,3,1,0,4);
INSERT INTO "api_boardseat" VALUES(1751,'Economy',8,3,1,0,4);
INSERT INTO "api_boardseat" VALUES(1752,'Economy',9,3,1,0,4);
INSERT INTO "api_boardseat" VALUES(1753,'Economy',1,4,1,0,4);
INSERT INTO "api_boardseat" VALUES(1754,'Economy',2,4,1,0,4);
INSERT INTO "api_boardseat" VALUES(1755,'Economy',3,4,1,0,4);
INSERT INTO "api_boardseat" VALUES(1756,'Economy',4,4,1,0,4);
INSERT INTO "api_boardseat" VALUES(1757,'Economy',5,4,1,0,4);
INSERT INTO "api_boardseat" VALUES(1758,'Economy',6,4,1,0,4);
INSERT INTO "api_boardseat" VALUES(1759,'Economy',7,4,1,0,4);
INSERT INTO "api_boardseat" VALUES(1760,'Economy',8,4,1,0,4);
INSERT INTO "api_boardseat" VALUES(1761,'Economy',9,4,1,0,4);
INSERT INTO "api_boardseat" VALUES(1762,'Economy',1,5,1,0,4);
INSERT INTO "api_boardseat" VALUES(1763,'Economy',2,5,1,0,4);
INSERT INTO "api_boardseat" VALUES(1764,'Economy',3,5,1,0,4);
INSERT INTO "api_boardseat" VALUES(1765,'Economy',4,5,1,0,4);
INSERT INTO "api_boardseat" VALUES(1766,'Economy',5,5,1,0,4);
INSERT INTO "api_boardseat" VALUES(1767,'Economy',6,5,1,0,4);
INSERT INTO "api_boardseat" VALUES(1768,'Economy',7,5,1,0,4);
INSERT INTO "api_boardseat" VALUES(1769,'Economy',8,5,1,0,4);
INSERT INTO "api_boardseat" VALUES(1770,'Economy',9,5,1,0,4);
INSERT INTO "api_boardseat" VALUES(1771,'Economy',1,6,1,0,4);
INSERT INTO "api_boardseat" VALUES(1772,'Economy',2,6,1,0,4);
INSERT INTO "api_boardseat" VALUES(1773,'Economy',3,6,1,0,4);
INSERT INTO "api_boardseat" VALUES(1774,'Economy',4,6,1,0,4);
INSERT INTO "api_boardseat" VALUES(1775,'Economy',5,6,1,0,4);
INSERT INTO "api_boardseat" VALUES(1776,'Economy',6,6,1,0,4);
INSERT INTO "api_boardseat" VALUES(1777,'Economy',7,6,1,0,4);
INSERT INTO "api_boardseat" VALUES(1778,'Economy',8,6,1,0,4);
INSERT INTO "api_boardseat" VALUES(1779,'Economy',9,6,1,0,4);
INSERT INTO "api_boardseat" VALUES(1780,'Economy',1,7,1,0,4);
INSERT INTO "api_boardseat" VALUES(1781,'Economy',2,7,1,0,4);
INSERT INTO "api_boardseat" VALUES(1782,'Economy',3,7,1,0,4);
INSERT INTO "api_boardseat" VALUES(1783,'Economy',4,7,1,0,4);
INSERT INTO "api_boardseat" VALUES(1784,'Economy',5,7,1,0,4);
INSERT INTO "api_boardseat" VALUES(1785,'Economy',6,7,1,0,4);
INSERT INTO "api_boardseat" VALUES(1786,'Economy',7,7,1,0,4);
INSERT INTO "api_boardseat" VALUES(1787,'Economy',8,7,1,0,4);
INSERT INTO "api_boardseat" VALUES(1788,'Economy',9,7,1,0,4);
INSERT INTO "api_boardseat" VALUES(1789,'Economy',1,8,1,0,4);
INSERT INTO "api_boardseat" VALUES(1790,'Economy',2,8,1,0,4);
INSERT INTO "api_boardseat" VALUES(1791,'Economy',3,8,1,0,4);
INSERT INTO "api_boardseat" VALUES(1792,'Economy',4,8,1,0,4);
INSERT INTO "api_boardseat" VALUES(1793,'Economy',5,8,1,0,4);
INSERT INTO "api_boardseat" VALUES(1794,'Economy',6,8,1,0,4);
INSERT INTO "api_boardseat" VALUES(1795,'Economy',7,8,1,0,4);
INSERT INTO "api_boardseat" VALUES(1796,'Economy',8,8,1,0,4);
INSERT INTO "api_boardseat" VALUES(1797,'Economy',9,8,1,0,4);
INSERT INTO "api_boardseat" VALUES(1798,'Economy',1,9,1,0,4);
INSERT INTO "api_boardseat" VALUES(1799,'Economy',2,9,1,0,4);
INSERT INTO "api_boardseat" VALUES(1800,'Economy',3,9,1,0,4);
INSERT INTO "api_boardseat" VALUES(1801,'Economy',4,9,1,0,4);
INSERT INTO "api_boardseat" VALUES(1802,'Economy',5,9,1,0,4);
INSERT INTO "api_boardseat" VALUES(1803,'Economy',6,9,1,0,4);
INSERT INTO "api_boardseat" VALUES(1804,'Economy',7,9,1,0,4);
INSERT INTO "api_boardseat" VALUES(1805,'Economy',8,9,1,0,4);
INSERT INTO "api_boardseat" VALUES(1806,'Economy',9,9,1,0,4);
INSERT INTO "api_boardseat" VALUES(1807,'Economy',1,10,1,0,4);
INSERT INTO "api_boardseat" VALUES(1808,'Economy',2,10,1,0,4);
INSERT INTO "api_boardseat" VALUES(1809,'Economy',3,10,1,0,4);
INSERT INTO "api_boardseat" VALUES(1810,'Economy',4,10,1,0,4);
INSERT INTO "api_boardseat" VALUES(1811,'Economy',5,10,1,0,4);
INSERT INTO "api_boardseat" VALUES(1812,'Economy',6,10,1,0,4);
INSERT INTO "api_boardseat" VALUES(1813,'Economy',7,10,1,0,4);
INSERT INTO "api_boardseat" VALUES(1814,'Economy',8,10,1,0,4);
INSERT INTO "api_boardseat" VALUES(1815,'Economy',9,10,1,0,4);
INSERT INTO "api_boardseat" VALUES(1816,'Economy',1,11,1,0,4);
INSERT INTO "api_boardseat" VALUES(1817,'Economy',2,11,1,0,4);
INSERT INTO "api_boardseat" VALUES(1818,'Economy',3,11,1,0,4);
INSERT INTO "api_boardseat" VALUES(1819,'Economy',4,11,1,0,4);
INSERT INTO "api_boardseat" VALUES(1820,'Economy',5,11,1,0,4);
INSERT INTO "api_boardseat" VALUES(1821,'Economy',6,11,1,0,4);
INSERT INTO "api_boardseat" VALUES(1822,'Economy',7,11,1,0,4);
INSERT INTO "api_boardseat" VALUES(1823,'Economy',8,11,1,0,4);
INSERT INTO "api_boardseat" VALUES(1824,'Economy',9,11,1,0,4);
INSERT INTO "api_boardseat" VALUES(1825,'Economy',1,12,1,0,4);
INSERT INTO "api_boardseat" VALUES(1826,'Economy',2,12,1,0,4);
INSERT INTO "api_boardseat" VALUES(1827,'Economy',3,12,1,0,4);
INSERT INTO "api_boardseat" VALUES(1828,'Economy',4,12,1,0,4);
INSERT INTO "api_boardseat" VALUES(1829,'Economy',5,12,1,0,4);
INSERT INTO "api_boardseat" VALUES(1830,'Economy',6,12,1,0,4);
INSERT INTO "api_boardseat" VALUES(1831,'Economy',7,12,1,0,4);
INSERT INTO "api_boardseat" VALUES(1832,'Economy',8,12,1,0,4);
INSERT INTO "api_boardseat" VALUES(1833,'Economy',9,12,1,0,4);
INSERT INTO "api_boardseat" VALUES(1834,'Economy',1,13,1,0,4);
INSERT INTO "api_boardseat" VALUES(1835,'Economy',2,13,1,0,4);
INSERT INTO "api_boardseat" VALUES(1836,'Economy',3,13,1,0,4);
INSERT INTO "api_boardseat" VALUES(1837,'Economy',4,13,1,0,4);
INSERT INTO "api_boardseat" VALUES(1838,'Economy',5,13,1,0,4);
INSERT INTO "api_boardseat" VALUES(1839,'Economy',6,13,1,0,4);
INSERT INTO "api_boardseat" VALUES(1840,'Economy',7,13,1,0,4);
INSERT INTO "api_boardseat" VALUES(1841,'Economy',8,13,1,0,4);
INSERT INTO "api_boardseat" VALUES(1842,'Economy',9,13,1,0,4);
INSERT INTO "api_boardseat" VALUES(1843,'Economy',1,14,1,0,4);
INSERT INTO "api_boardseat" VALUES(1844,'Economy',2,14,1,0,4);
INSERT INTO "api_boardseat" VALUES(1845,'Economy',3,14,1,0,4);
INSERT INTO "api_boardseat" VALUES(1846,'Economy',4,14,1,0,4);
INSERT INTO "api_boardseat" VALUES(1847,'Economy',5,14,1,0,4);
INSERT INTO "api_boardseat" VALUES(1848,'Economy',6,14,1,0,4);
INSERT INTO "api_boardseat" VALUES(1849,'Economy',7,14,1,0,4);
INSERT INTO "api_boardseat" VALUES(1850,'Economy',8,14,1,0,4);
INSERT INTO "api_boardseat" VALUES(1851,'Economy',9,14,1,0,4);
INSERT INTO "api_boardseat" VALUES(1852,'Economy',1,15,1,0,4);
INSERT INTO "api_boardseat" VALUES(1853,'Economy',2,15,1,0,4);
INSERT INTO "api_boardseat" VALUES(1854,'Economy',3,15,1,0,4);
INSERT INTO "api_boardseat" VALUES(1855,'Economy',4,15,1,0,4);
INSERT INTO "api_boardseat" VALUES(1856,'Economy',5,15,1,0,4);
INSERT INTO "api_boardseat" VALUES(1857,'Economy',6,15,1,0,4);
INSERT INTO "api_boardseat" VALUES(1858,'Economy',7,15,1,0,4);
INSERT INTO "api_boardseat" VALUES(1859,'Economy',8,15,1,0,4);
INSERT INTO "api_boardseat" VALUES(1860,'Economy',9,15,1,0,4);
INSERT INTO "api_boardseat" VALUES(1861,'Economy',1,1,1,0,5);
INSERT INTO "api_boardseat" VALUES(1862,'Economy',2,1,1,0,5);
INSERT INTO "api_boardseat" VALUES(1863,'Economy',3,1,1,0,5);
INSERT INTO "api_boardseat" VALUES(1864,'Economy',4,1,1,0,5);
INSERT INTO "api_boardseat" VALUES(1865,'Economy',5,1,1,0,5);
INSERT INTO "api_boardseat" VALUES(1866,'Economy',6,1,1,0,5);
INSERT INTO "api_boardseat" VALUES(1867,'Economy',7,1,1,0,5);
INSERT INTO "api_boardseat" VALUES(1868,'Economy',8,1,1,0,5);
INSERT INTO "api_boardseat" VALUES(1869,'Economy',9,1,1,0,5);
INSERT INTO "api_boardseat" VALUES(1870,'Economy',1,2,1,0,5);
INSERT INTO "api_boardseat" VALUES(1871,'Economy',2,2,1,0,5);
INSERT INTO "api_boardseat" VALUES(1872,'Economy',3,2,1,0,5);
INSERT INTO "api_boardseat" VALUES(1873,'Economy',4,2,1,0,5);
INSERT INTO "api_boardseat" VALUES(1874,'Economy',5,2,1,0,5);
INSERT INTO "api_boardseat" VALUES(1875,'Economy',6,2,1,0,5);
INSERT INTO "api_boardseat" VALUES(1876,'Economy',7,2,1,0,5);
INSERT INTO "api_boardseat" VALUES(1877,'Economy',8,2,1,0,5);
INSERT INTO "api_boardseat" VALUES(1878,'Economy',9,2,1,0,5);
INSERT INTO "api_boardseat" VALUES(1879,'Economy',1,3,1,0,5);
INSERT INTO "api_boardseat" VALUES(1880,'Economy',2,3,1,0,5);
INSERT INTO "api_boardseat" VALUES(1881,'Economy',3,3,1,0,5);
INSERT INTO "api_boardseat" VALUES(1882,'Economy',4,3,1,0,5);
INSERT INTO "api_boardseat" VALUES(1883,'Economy',5,3,1,0,5);
INSERT INTO "api_boardseat" VALUES(1884,'Economy',6,3,1,0,5);
INSERT INTO "api_boardseat" VALUES(1885,'Economy',7,3,1,0,5);
INSERT INTO "api_boardseat" VALUES(1886,'Economy',8,3,1,0,5);
INSERT INTO "api_boardseat" VALUES(1887,'Economy',9,3,1,0,5);
INSERT INTO "api_boardseat" VALUES(1888,'Economy',1,4,1,0,5);
INSERT INTO "api_boardseat" VALUES(1889,'Economy',2,4,1,0,5);
INSERT INTO "api_boardseat" VALUES(1890,'Economy',3,4,1,0,5);
INSERT INTO "api_boardseat" VALUES(1891,'Economy',4,4,1,0,5);
INSERT INTO "api_boardseat" VALUES(1892,'Economy',5,4,1,0,5);
INSERT INTO "api_boardseat" VALUES(1893,'Economy',6,4,1,0,5);
INSERT INTO "api_boardseat" VALUES(1894,'Economy',7,4,1,0,5);
INSERT INTO "api_boardseat" VALUES(1895,'Economy',8,4,1,0,5);
INSERT INTO "api_boardseat" VALUES(1896,'Economy',9,4,1,0,5);
INSERT INTO "api_boardseat" VALUES(1897,'Economy',1,5,1,0,5);
INSERT INTO "api_boardseat" VALUES(1898,'Economy',2,5,1,0,5);
INSERT INTO "api_boardseat" VALUES(1899,'Economy',3,5,1,0,5);
INSERT INTO "api_boardseat" VALUES(1900,'Economy',4,5,1,0,5);
INSERT INTO "api_boardseat" VALUES(1901,'Economy',5,5,1,0,5);
INSERT INTO "api_boardseat" VALUES(1902,'Economy',6,5,1,0,5);
INSERT INTO "api_boardseat" VALUES(1903,'Economy',7,5,1,0,5);
INSERT INTO "api_boardseat" VALUES(1904,'Economy',8,5,1,0,5);
INSERT INTO "api_boardseat" VALUES(1905,'Economy',9,5,1,0,5);
INSERT INTO "api_boardseat" VALUES(1906,'Economy',1,6,1,0,5);
INSERT INTO "api_boardseat" VALUES(1907,'Economy',2,6,1,0,5);
INSERT INTO "api_boardseat" VALUES(1908,'Economy',3,6,1,0,5);
INSERT INTO "api_boardseat" VALUES(1909,'Economy',4,6,1,0,5);
INSERT INTO "api_boardseat" VALUES(1910,'Economy',5,6,1,0,5);
INSERT INTO "api_boardseat" VALUES(1911,'Economy',6,6,1,0,5);
INSERT INTO "api_boardseat" VALUES(1912,'Economy',7,6,1,0,5);
INSERT INTO "api_boardseat" VALUES(1913,'Economy',8,6,1,0,5);
INSERT INTO "api_boardseat" VALUES(1914,'Economy',9,6,1,0,5);
INSERT INTO "api_boardseat" VALUES(1915,'Economy',1,7,1,0,5);
INSERT INTO "api_boardseat" VALUES(1916,'Economy',2,7,1,0,5);
INSERT INTO "api_boardseat" VALUES(1917,'Economy',3,7,1,0,5);
INSERT INTO "api_boardseat" VALUES(1918,'Economy',4,7,1,0,5);
INSERT INTO "api_boardseat" VALUES(1919,'Economy',5,7,1,0,5);
INSERT INTO "api_boardseat" VALUES(1920,'Economy',6,7,1,0,5);
INSERT INTO "api_boardseat" VALUES(1921,'Economy',7,7,1,0,5);
INSERT INTO "api_boardseat" VALUES(1922,'Economy',8,7,1,0,5);
INSERT INTO "api_boardseat" VALUES(1923,'Economy',9,7,1,0,5);
INSERT INTO "api_boardseat" VALUES(1924,'Economy',1,8,1,0,5);
INSERT INTO "api_boardseat" VALUES(1925,'Economy',2,8,1,0,5);
INSERT INTO "api_boardseat" VALUES(1926,'Economy',3,8,1,0,5);
INSERT INTO "api_boardseat" VALUES(1927,'Economy',4,8,1,0,5);
INSERT INTO "api_boardseat" VALUES(1928,'Economy',5,8,1,0,5);
INSERT INTO "api_boardseat" VALUES(1929,'Economy',6,8,1,0,5);
INSERT INTO "api_boardseat" VALUES(1930,'Economy',7,8,1,0,5);
INSERT INTO "api_boardseat" VALUES(1931,'Economy',8,8,1,0,5);
INSERT INTO "api_boardseat" VALUES(1932,'Economy',9,8,1,0,5);
INSERT INTO "api_boardseat" VALUES(1933,'Economy',1,9,1,0,5);
INSERT INTO "api_boardseat" VALUES(1934,'Economy',2,9,1,0,5);
INSERT INTO "api_boardseat" VALUES(1935,'Economy',3,9,1,0,5);
INSERT INTO "api_boardseat" VALUES(1936,'Economy',4,9,1,0,5);
INSERT INTO "api_boardseat" VALUES(1937,'Economy',5,9,1,0,5);
INSERT INTO "api_boardseat" VALUES(1938,'Economy',6,9,1,0,5);
INSERT INTO "api_boardseat" VALUES(1939,'Economy',7,9,1,0,5);
INSERT INTO "api_boardseat" VALUES(1940,'Economy',8,9,1,0,5);
INSERT INTO "api_boardseat" VALUES(1941,'Economy',9,9,1,0,5);
INSERT INTO "api_boardseat" VALUES(1942,'Economy',1,10,1,0,5);
INSERT INTO "api_boardseat" VALUES(1943,'Economy',2,10,1,0,5);
INSERT INTO "api_boardseat" VALUES(1944,'Economy',3,10,1,0,5);
INSERT INTO "api_boardseat" VALUES(1945,'Economy',4,10,1,0,5);
INSERT INTO "api_boardseat" VALUES(1946,'Economy',5,10,1,0,5);
INSERT INTO "api_boardseat" VALUES(1947,'Economy',6,10,1,0,5);
INSERT INTO "api_boardseat" VALUES(1948,'Economy',7,10,1,0,5);
INSERT INTO "api_boardseat" VALUES(1949,'Economy',8,10,1,0,5);
INSERT INTO "api_boardseat" VALUES(1950,'Economy',9,10,1,0,5);
INSERT INTO "api_boardseat" VALUES(1951,'Economy',1,11,1,0,5);
INSERT INTO "api_boardseat" VALUES(1952,'Economy',2,11,1,0,5);
INSERT INTO "api_boardseat" VALUES(1953,'Economy',3,11,1,0,5);
INSERT INTO "api_boardseat" VALUES(1954,'Economy',4,11,1,0,5);
INSERT INTO "api_boardseat" VALUES(1955,'Economy',5,11,1,0,5);
INSERT INTO "api_boardseat" VALUES(1956,'Economy',6,11,1,0,5);
INSERT INTO "api_boardseat" VALUES(1957,'Economy',7,11,1,0,5);
INSERT INTO "api_boardseat" VALUES(1958,'Economy',8,11,1,0,5);
INSERT INTO "api_boardseat" VALUES(1959,'Economy',9,11,1,0,5);
INSERT INTO "api_boardseat" VALUES(1960,'Economy',1,12,1,0,5);
INSERT INTO "api_boardseat" VALUES(1961,'Economy',2,12,1,0,5);
INSERT INTO "api_boardseat" VALUES(1962,'Economy',3,12,1,0,5);
INSERT INTO "api_boardseat" VALUES(1963,'Economy',4,12,1,0,5);
INSERT INTO "api_boardseat" VALUES(1964,'Economy',5,12,1,0,5);
INSERT INTO "api_boardseat" VALUES(1965,'Economy',6,12,1,0,5);
INSERT INTO "api_boardseat" VALUES(1966,'Economy',7,12,1,0,5);
INSERT INTO "api_boardseat" VALUES(1967,'Economy',8,12,1,0,5);
INSERT INTO "api_boardseat" VALUES(1968,'Economy',9,12,1,0,5);
INSERT INTO "api_boardseat" VALUES(1969,'Economy',1,13,1,0,5);
INSERT INTO "api_boardseat" VALUES(1970,'Economy',2,13,1,0,5);
INSERT INTO "api_boardseat" VALUES(1971,'Economy',3,13,1,0,5);
INSERT INTO "api_boardseat" VALUES(1972,'Economy',4,13,1,0,5);
INSERT INTO "api_boardseat" VALUES(1973,'Economy',5,13,1,0,5);
INSERT INTO "api_boardseat" VALUES(1974,'Economy',6,13,1,0,5);
INSERT INTO "api_boardseat" VALUES(1975,'Economy',7,13,1,0,5);
INSERT INTO "api_boardseat" VALUES(1976,'Economy',8,13,1,0,5);
INSERT INTO "api_boardseat" VALUES(1977,'Economy',9,13,1,0,5);
INSERT INTO "api_boardseat" VALUES(1978,'Economy',1,14,1,0,5);
INSERT INTO "api_boardseat" VALUES(1979,'Economy',2,14,1,0,5);
INSERT INTO "api_boardseat" VALUES(1980,'Economy',3,14,1,0,5);
INSERT INTO "api_boardseat" VALUES(1981,'Economy',4,14,1,0,5);
INSERT INTO "api_boardseat" VALUES(1982,'Economy',5,14,1,0,5);
INSERT INTO "api_boardseat" VALUES(1983,'Economy',6,14,1,0,5);
INSERT INTO "api_boardseat" VALUES(1984,'Economy',7,14,1,0,5);
INSERT INTO "api_boardseat" VALUES(1985,'Economy',8,14,1,0,5);
INSERT INTO "api_boardseat" VALUES(1986,'Economy',9,14,1,0,5);
INSERT INTO "api_boardseat" VALUES(1987,'Economy',1,15,1,0,5);
INSERT INTO "api_boardseat" VALUES(1988,'Economy',2,15,1,0,5);
INSERT INTO "api_boardseat" VALUES(1989,'Economy',3,15,1,0,5);
INSERT INTO "api_boardseat" VALUES(1990,'Economy',4,15,1,0,5);
INSERT INTO "api_boardseat" VALUES(1991,'Economy',5,15,1,0,5);
INSERT INTO "api_boardseat" VALUES(1992,'Economy',6,15,1,0,5);
INSERT INTO "api_boardseat" VALUES(1993,'Economy',7,15,1,0,5);
INSERT INTO "api_boardseat" VALUES(1994,'Economy',8,15,1,0,5);
INSERT INTO "api_boardseat" VALUES(1995,'Economy',9,15,1,0,5);
INSERT INTO "api_boardseat" VALUES(1996,'Economy',1,16,1,0,5);
INSERT INTO "api_boardseat" VALUES(1997,'Economy',2,16,1,0,5);
INSERT INTO "api_boardseat" VALUES(1998,'Economy',3,16,1,0,5);
INSERT INTO "api_boardseat" VALUES(1999,'Economy',4,16,1,0,5);
INSERT INTO "api_boardseat" VALUES(2000,'Economy',5,16,1,0,5);
INSERT INTO "api_boardseat" VALUES(2001,'Economy',6,16,1,0,5);
INSERT INTO "api_boardseat" VALUES(2002,'Economy',7,16,1,0,5);
INSERT INTO "api_boardseat" VALUES(2003,'Economy',8,16,1,0,5);
INSERT INTO "api_boardseat" VALUES(2004,'Economy',9,16,1,0,5);
INSERT INTO "api_boardseat" VALUES(2005,'Economy',1,17,1,0,5);
INSERT INTO "api_boardseat" VALUES(2006,'Economy',2,17,1,0,5);
INSERT INTO "api_boardseat" VALUES(2007,'Economy',3,17,1,0,5);
INSERT INTO "api_boardseat" VALUES(2008,'Economy',4,17,1,0,5);
INSERT INTO "api_boardseat" VALUES(2009,'Economy',5,17,1,0,5);
INSERT INTO "api_boardseat" VALUES(2010,'Economy',6,17,1,0,5);
INSERT INTO "api_boardseat" VALUES(2011,'Economy',7,17,1,0,5);
INSERT INTO "api_boardseat" VALUES(2012,'Economy',8,17,1,0,5);
INSERT INTO "api_boardseat" VALUES(2013,'Economy',9,17,1,0,5);
INSERT INTO "api_boardseat" VALUES(2014,'Economy',1,18,1,0,5);
INSERT INTO "api_boardseat" VALUES(2015,'Economy',2,18,1,0,5);
INSERT INTO "api_boardseat" VALUES(2016,'Economy',3,18,1,0,5);
INSERT INTO "api_boardseat" VALUES(2017,'Economy',4,18,1,0,5);
INSERT INTO "api_boardseat" VALUES(2018,'Economy',5,18,1,0,5);
INSERT INTO "api_boardseat" VALUES(2019,'Economy',6,18,1,0,5);
INSERT INTO "api_boardseat" VALUES(2020,'Economy',7,18,1,0,5);
INSERT INTO "api_boardseat" VALUES(2021,'Economy',8,18,1,0,5);
INSERT INTO "api_boardseat" VALUES(2022,'Economy',9,18,1,0,5);
INSERT INTO "api_boardseat" VALUES(2023,'Economy',1,19,1,0,5);
INSERT INTO "api_boardseat" VALUES(2024,'Economy',2,19,1,0,5);
INSERT INTO "api_boardseat" VALUES(2025,'Economy',3,19,1,0,5);
INSERT INTO "api_boardseat" VALUES(2026,'Economy',4,19,1,0,5);
INSERT INTO "api_boardseat" VALUES(2027,'Economy',5,19,1,0,5);
INSERT INTO "api_boardseat" VALUES(2028,'Economy',6,19,1,0,5);
INSERT INTO "api_boardseat" VALUES(2029,'Economy',7,19,1,0,5);
INSERT INTO "api_boardseat" VALUES(2030,'Economy',8,19,1,0,5);
INSERT INTO "api_boardseat" VALUES(2031,'Economy',9,19,1,0,5);
INSERT INTO "api_boardseat" VALUES(2032,'Economy',1,20,1,0,5);
INSERT INTO "api_boardseat" VALUES(2033,'Economy',2,20,1,0,5);
INSERT INTO "api_boardseat" VALUES(2034,'Economy',3,20,1,0,5);
INSERT INTO "api_boardseat" VALUES(2035,'Economy',4,20,1,0,5);
INSERT INTO "api_boardseat" VALUES(2036,'Economy',5,20,1,0,5);
INSERT INTO "api_boardseat" VALUES(2037,'Economy',6,20,1,0,5);
INSERT INTO "api_boardseat" VALUES(2038,'Economy',7,20,1,0,5);
INSERT INTO "api_boardseat" VALUES(2039,'Economy',8,20,1,0,5);
INSERT INTO "api_boardseat" VALUES(2040,'Economy',9,20,1,0,5);
CREATE UNIQUE INDEX "auth_group_permissions_group_id_permission_id_0cd325b0_uniq" ON "auth_group_permissions" ("group_id", "permission_id");
CREATE INDEX IF NOT EXISTS "auth_group_permissions_group_id_b120cbf9" ON "auth_group_permissions" ("group_id");
CREATE INDEX IF NOT EXISTS "auth_group_permissions_permission_id_84c5c92e" ON "auth_group_permissions" ("permission_id");
CREATE UNIQUE INDEX "auth_user_groups_user_id_group_id_94350c0c_uniq" ON "auth_user_groups" ("user_id", "group_id");
CREATE INDEX IF NOT EXISTS "auth_user_groups_user_id_6a12ed8b" ON "auth_user_groups" ("user_id");
CREATE INDEX IF NOT EXISTS "auth_user_groups_group_id_97559544" ON "auth_user_groups" ("group_id");
CREATE UNIQUE INDEX "auth_user_user_permissions_user_id_permission_id_14a6b632_uniq" ON "auth_user_user_permissions" ("user_id", "permission_id");
CREATE INDEX IF NOT EXISTS "auth_user_user_permissions_user_id_a95ead1b" ON "auth_user_user_permissions" ("user_id");
CREATE INDEX IF NOT EXISTS "auth_user_user_permissions_permission_id_1fbb5f2c" ON "auth_user_user_permissions" ("permission_id");
CREATE INDEX IF NOT EXISTS "django_admin_log_content_type_id_c4bce8eb" ON "django_admin_log" ("content_type_id");
CREATE INDEX IF NOT EXISTS "django_admin_log_user_id_c564eba6" ON "django_admin_log" ("user_id");
CREATE UNIQUE INDEX "django_content_type_app_label_model_76bd3d3b_uniq" ON "django_content_type" ("app_label", "model");
CREATE UNIQUE INDEX "auth_permission_content_type_id_codename_01ab375a_uniq" ON "auth_permission" ("content_type_id", "codename");
CREATE INDEX IF NOT EXISTS "auth_permission_content_type_id_2f476e4b" ON "auth_permission" ("content_type_id");
CREATE UNIQUE INDEX "api_user_groups_user_id_group_id_9c7ddfb5_uniq" ON "api_user_groups" ("user_id", "group_id");
CREATE INDEX IF NOT EXISTS "api_user_groups_user_id_a5ff39fa" ON "api_user_groups" ("user_id");
CREATE INDEX IF NOT EXISTS "api_user_groups_group_id_3af85785" ON "api_user_groups" ("group_id");
CREATE UNIQUE INDEX "api_user_user_permissions_user_id_permission_id_a06dd704_uniq" ON "api_user_user_permissions" ("user_id", "permission_id");
CREATE INDEX IF NOT EXISTS "api_user_user_permissions_user_id_f3945d65" ON "api_user_user_permissions" ("user_id");
CREATE INDEX IF NOT EXISTS "api_user_user_permissions_permission_id_305b7fea" ON "api_user_user_permissions" ("permission_id");
CREATE INDEX IF NOT EXISTS "django_session_expire_date_a5c62663" ON "django_session" ("expire_date");
CREATE INDEX IF NOT EXISTS "api_boardseat_board_id_c8b81e01" ON "api_boardseat" ("board_id");
CREATE INDEX IF NOT EXISTS "api_ticket_client_id_d04c22cf" ON "api_ticket" ("client_id");
CREATE INDEX IF NOT EXISTS "api_ticket_flight_seat_id_634dcb49" ON "api_ticket" ("flight_seat_id");
CREATE INDEX IF NOT EXISTS "api_airport_place_id_0a3400d0" ON "api_airport" ("place_id");
CREATE INDEX IF NOT EXISTS "api_board_model_id_f80a4023" ON "api_board" ("model_id");
CREATE INDEX IF NOT EXISTS "api_model_manufacturer_id_d978a9ae" ON "api_model" ("manufacturer_id");
CREATE INDEX IF NOT EXISTS "api_flight_board_id_723b5fc3" ON "api_flight" ("board_id");
CREATE INDEX IF NOT EXISTS "api_flight_arrival_airport_id_52080e3a" ON "api_flight" ("arrival_airport_id");
CREATE INDEX IF NOT EXISTS "api_flight_departure_airport_id_8d678b10" ON "api_flight" ("departure_airport_id");
CREATE INDEX IF NOT EXISTS "api_flightseat_flight_id_9bc0032c" ON "api_flightseat" ("flight_id");
CREATE TABLE IF NOT EXISTS "api_client" ("id" integer NOT NULL PRIMARY KEY AUTOINCREMENT, "user_id" bigint NOT NULL UNIQUE REFERENCES "api_user" ("id") DEFERRABLE INITIALLY DEFERRED, "is_deleted" bool NOT NULL, "phone" text NOT NULL);
INSERT INTO "api_client" VALUES(1,1,0,'gAAAAABnVl6iPJ-qC5Jq_aLpSllWtfZhhWSRAMiWJ7Xq3iFSstouohJb8kvNcPuShYywGGX3RmpqzzaGtFYpiqIeVIj6OitSmA==');
INSERT INTO "api_client" VALUES(2,12,0,'gAAAAABnVlJYjfKlfNlLYP2wBLRWeZBvV83gvW7gVIOHwSjay7mp7KVZoajNNEMYb2Sm8s_mH7GBr8ibEptxzgQaZKG4ccuh7g==');
INSERT INTO "api_client" VALUES(3,13,0,'gAAAAABnVlJ_5KjdC_45z1szXH4axAE_cjsUtV6dsim7dQ8C3xiXg3xrZMbdOQIIW0g2XjUX-GMG4w97MpJDcjyMsMAiVr106w==');
INSERT INTO "api_client" VALUES(4,14,0,'gAAAAABnVlueLNmzQtITodu0hUK0tom0iwTFEZWjfrqN5f_sk7049k0Yb0eGhT-6LpP1jSjQbajklEaYKSKDoimCnAMVaUr64w==');
CREATE UNIQUE INDEX "auth_group_permissions_group_id_permission_id_0cd325b0_uniq" ON "auth_group_permissions" ("group_id", "permission_id");
CREATE INDEX IF NOT EXISTS "auth_group_permissions_group_id_b120cbf9" ON "auth_group_permissions" ("group_id");
CREATE INDEX IF NOT EXISTS "auth_group_permissions_permission_id_84c5c92e" ON "auth_group_permissions" ("permission_id");
CREATE UNIQUE INDEX "auth_user_groups_user_id_group_id_94350c0c_uniq" ON "auth_user_groups" ("user_id", "group_id");
CREATE INDEX IF NOT EXISTS "auth_user_groups_user_id_6a12ed8b" ON "auth_user_groups" ("user_id");
CREATE INDEX IF NOT EXISTS "auth_user_groups_group_id_97559544" ON "auth_user_groups" ("group_id");
CREATE UNIQUE INDEX "auth_user_user_permissions_user_id_permission_id_14a6b632_uniq" ON "auth_user_user_permissions" ("user_id", "permission_id");
CREATE INDEX IF NOT EXISTS "auth_user_user_permissions_user_id_a95ead1b" ON "auth_user_user_permissions" ("user_id");
CREATE INDEX IF NOT EXISTS "auth_user_user_permissions_permission_id_1fbb5f2c" ON "auth_user_user_permissions" ("permission_id");
CREATE INDEX IF NOT EXISTS "django_admin_log_content_type_id_c4bce8eb" ON "django_admin_log" ("content_type_id");
CREATE INDEX IF NOT EXISTS "django_admin_log_user_id_c564eba6" ON "django_admin_log" ("user_id");
CREATE UNIQUE INDEX "django_content_type_app_label_model_76bd3d3b_uniq" ON "django_content_type" ("app_label", "model");
CREATE UNIQUE INDEX "auth_permission_content_type_id_codename_01ab375a_uniq" ON "auth_permission" ("content_type_id", "codename");
CREATE INDEX IF NOT EXISTS "auth_permission_content_type_id_2f476e4b" ON "auth_permission" ("content_type_id");
CREATE UNIQUE INDEX "api_user_groups_user_id_group_id_9c7ddfb5_uniq" ON "api_user_groups" ("user_id", "group_id");
CREATE INDEX IF NOT EXISTS "api_user_groups_user_id_a5ff39fa" ON "api_user_groups" ("user_id");
CREATE INDEX IF NOT EXISTS "api_user_groups_group_id_3af85785" ON "api_user_groups" ("group_id");
CREATE UNIQUE INDEX "api_user_user_permissions_user_id_permission_id_a06dd704_uniq" ON "api_user_user_permissions" ("user_id", "permission_id");
CREATE INDEX IF NOT EXISTS "api_user_user_permissions_user_id_f3945d65" ON "api_user_user_permissions" ("user_id");
CREATE INDEX IF NOT EXISTS "api_user_user_permissions_permission_id_305b7fea" ON "api_user_user_permissions" ("permission_id");
CREATE INDEX IF NOT EXISTS "django_session_expire_date_a5c62663" ON "django_session" ("expire_date");
CREATE INDEX IF NOT EXISTS "api_boardseat_board_id_c8b81e01" ON "api_boardseat" ("board_id");
CREATE INDEX IF NOT EXISTS "api_ticket_client_id_d04c22cf" ON "api_ticket" ("client_id");
CREATE INDEX IF NOT EXISTS "api_ticket_flight_seat_id_634dcb49" ON "api_ticket" ("flight_seat_id");
CREATE INDEX IF NOT EXISTS "api_airport_place_id_0a3400d0" ON "api_airport" ("place_id");
CREATE INDEX IF NOT EXISTS "api_board_model_id_f80a4023" ON "api_board" ("model_id");
CREATE INDEX IF NOT EXISTS "api_model_manufacturer_id_d978a9ae" ON "api_model" ("manufacturer_id");
CREATE INDEX IF NOT EXISTS "api_flight_board_id_723b5fc3" ON "api_flight" ("board_id");
CREATE INDEX IF NOT EXISTS "api_flight_arrival_airport_id_52080e3a" ON "api_flight" ("arrival_airport_id");
CREATE INDEX IF NOT EXISTS "api_flight_departure_airport_id_8d678b10" ON "api_flight" ("departure_airport_id");
CREATE INDEX IF NOT EXISTS "api_flightseat_flight_id_9bc0032c" ON "api_flightseat" ("flight_id");
CREATE TABLE IF NOT EXISTS "api_employee" ("id" integer NOT NULL PRIMARY KEY AUTOINCREMENT, "email" varchar(254) NOT NULL, "user_id" bigint NOT NULL UNIQUE REFERENCES "api_user" ("id") DEFERRABLE INITIALLY DEFERRED, "is_deleted" bool NOT NULL);
INSERT INTO "api_employee" VALUES(1,'f71254@gmail.com',1,0);
INSERT INTO "api_employee" VALUES(2,'f71251@gmail.com',15,0);
INSERT INTO "api_employee" VALUES(3,'f71253@gmail.com',16,0);
CREATE UNIQUE INDEX "auth_group_permissions_group_id_permission_id_0cd325b0_uniq" ON "auth_group_permissions" ("group_id", "permission_id");
CREATE INDEX IF NOT EXISTS "auth_group_permissions_group_id_b120cbf9" ON "auth_group_permissions" ("group_id");
CREATE INDEX IF NOT EXISTS "auth_group_permissions_permission_id_84c5c92e" ON "auth_group_permissions" ("permission_id");
CREATE UNIQUE INDEX "auth_user_groups_user_id_group_id_94350c0c_uniq" ON "auth_user_groups" ("user_id", "group_id");
CREATE INDEX IF NOT EXISTS "auth_user_groups_user_id_6a12ed8b" ON "auth_user_groups" ("user_id");
CREATE INDEX IF NOT EXISTS "auth_user_groups_group_id_97559544" ON "auth_user_groups" ("group_id");
CREATE UNIQUE INDEX "auth_user_user_permissions_user_id_permission_id_14a6b632_uniq" ON "auth_user_user_permissions" ("user_id", "permission_id");
CREATE INDEX IF NOT EXISTS "auth_user_user_permissions_user_id_a95ead1b" ON "auth_user_user_permissions" ("user_id");
CREATE INDEX IF NOT EXISTS "auth_user_user_permissions_permission_id_1fbb5f2c" ON "auth_user_user_permissions" ("permission_id");
CREATE INDEX IF NOT EXISTS "django_admin_log_content_type_id_c4bce8eb" ON "django_admin_log" ("content_type_id");
CREATE INDEX IF NOT EXISTS "django_admin_log_user_id_c564eba6" ON "django_admin_log" ("user_id");
CREATE UNIQUE INDEX "django_content_type_app_label_model_76bd3d3b_uniq" ON "django_content_type" ("app_label", "model");
CREATE UNIQUE INDEX "auth_permission_content_type_id_codename_01ab375a_uniq" ON "auth_permission" ("content_type_id", "codename");
CREATE INDEX IF NOT EXISTS "auth_permission_content_type_id_2f476e4b" ON "auth_permission" ("content_type_id");
CREATE UNIQUE INDEX "api_user_groups_user_id_group_id_9c7ddfb5_uniq" ON "api_user_groups" ("user_id", "group_id");
CREATE INDEX IF NOT EXISTS "api_user_groups_user_id_a5ff39fa" ON "api_user_groups" ("user_id");
CREATE INDEX IF NOT EXISTS "api_user_groups_group_id_3af85785" ON "api_user_groups" ("group_id");
CREATE UNIQUE INDEX "api_user_user_permissions_user_id_permission_id_a06dd704_uniq" ON "api_user_user_permissions" ("user_id", "permission_id");
CREATE INDEX IF NOT EXISTS "api_user_user_permissions_user_id_f3945d65" ON "api_user_user_permissions" ("user_id");
CREATE INDEX IF NOT EXISTS "api_user_user_permissions_permission_id_305b7fea" ON "api_user_user_permissions" ("permission_id");
CREATE INDEX IF NOT EXISTS "django_session_expire_date_a5c62663" ON "django_session" ("expire_date");
CREATE INDEX IF NOT EXISTS "api_boardseat_board_id_c8b81e01" ON "api_boardseat" ("board_id");
CREATE INDEX IF NOT EXISTS "api_ticket_client_id_d04c22cf" ON "api_ticket" ("client_id");
CREATE INDEX IF NOT EXISTS "api_ticket_flight_seat_id_634dcb49" ON "api_ticket" ("flight_seat_id");
CREATE INDEX IF NOT EXISTS "api_airport_place_id_0a3400d0" ON "api_airport" ("place_id");
CREATE INDEX IF NOT EXISTS "api_board_model_id_f80a4023" ON "api_board" ("model_id");
CREATE INDEX IF NOT EXISTS "api_model_manufacturer_id_d978a9ae" ON "api_model" ("manufacturer_id");
CREATE INDEX IF NOT EXISTS "api_flight_board_id_723b5fc3" ON "api_flight" ("board_id");
CREATE INDEX IF NOT EXISTS "api_flight_arrival_airport_id_52080e3a" ON "api_flight" ("arrival_airport_id");
CREATE INDEX IF NOT EXISTS "api_flight_departure_airport_id_8d678b10" ON "api_flight" ("departure_airport_id");
CREATE INDEX IF NOT EXISTS "api_flightseat_flight_id_9bc0032c" ON "api_flightseat" ("flight_id");
CREATE TABLE IF NOT EXISTS "api_flight" ("id" integer NOT NULL PRIMARY KEY AUTOINCREMENT, "departure_time" datetime NOT NULL, "arrival_time" datetime NOT NULL, "board_id" bigint NOT NULL REFERENCES "api_board" ("id") DEFERRABLE INITIALLY DEFERRED, "is_deleted" bool NOT NULL, "delay_time" datetime NULL, "gate" varchar(10) NULL, "terminal" varchar(10) NULL, "arrival_airport_id" bigint NULL REFERENCES "api_airport" ("id") DEFERRABLE INITIALLY DEFERRED, "business_class_price" real NOT NULL, "economy_class_price" real NOT NULL, "departure_airport_id" bigint NULL REFERENCES "api_airport" ("id") DEFERRABLE INITIALLY DEFERRED, "name" varchar(10) NULL);
INSERT INTO "api_flight" VALUES(29,'2024-11-29 10:55:00','2024-11-29 14:56:00',1,0,NULL,'12','C3',13,200.0,100.0,1,NULL);
INSERT INTO "api_flight" VALUES(30,'2024-11-26 20:29:00','2024-12-15 20:29:00',1,0,NULL,NULL,NULL,9,100.0,50.0,1,NULL);
INSERT INTO "api_flight" VALUES(31,'2024-12-12 20:57:00','2024-12-13 17:53:00',1,0,NULL,NULL,NULL,4,10.0,2.0,1,'A3045');
INSERT INTO "api_flight" VALUES(32,'2024-12-13 20:43:00','2024-12-21 20:43:00',1,0,NULL,'12','C3',5,1.0,2.0,1,'A3093');
INSERT INTO "api_flight" VALUES(33,'2024-12-11 20:46:00','2024-12-12 20:46:00',2,0,NULL,'C3','12',5,2.0,1.0,1,'A3047');
INSERT INTO "api_flight" VALUES(34,'2024-12-22 22:09:00','2024-12-22 22:09:00',1,0,NULL,'231','231',3,12.0,5.0,2,'sda');
CREATE UNIQUE INDEX "auth_group_permissions_group_id_permission_id_0cd325b0_uniq" ON "auth_group_permissions" ("group_id", "permission_id");
CREATE INDEX IF NOT EXISTS "auth_group_permissions_group_id_b120cbf9" ON "auth_group_permissions" ("group_id");
CREATE INDEX IF NOT EXISTS "auth_group_permissions_permission_id_84c5c92e" ON "auth_group_permissions" ("permission_id");
CREATE UNIQUE INDEX "auth_user_groups_user_id_group_id_94350c0c_uniq" ON "auth_user_groups" ("user_id", "group_id");
CREATE INDEX IF NOT EXISTS "auth_user_groups_user_id_6a12ed8b" ON "auth_user_groups" ("user_id");
CREATE INDEX IF NOT EXISTS "auth_user_groups_group_id_97559544" ON "auth_user_groups" ("group_id");
CREATE UNIQUE INDEX "auth_user_user_permissions_user_id_permission_id_14a6b632_uniq" ON "auth_user_user_permissions" ("user_id", "permission_id");
CREATE INDEX IF NOT EXISTS "auth_user_user_permissions_user_id_a95ead1b" ON "auth_user_user_permissions" ("user_id");
CREATE INDEX IF NOT EXISTS "auth_user_user_permissions_permission_id_1fbb5f2c" ON "auth_user_user_permissions" ("permission_id");
CREATE INDEX IF NOT EXISTS "django_admin_log_content_type_id_c4bce8eb" ON "django_admin_log" ("content_type_id");
CREATE INDEX IF NOT EXISTS "django_admin_log_user_id_c564eba6" ON "django_admin_log" ("user_id");
CREATE UNIQUE INDEX "django_content_type_app_label_model_76bd3d3b_uniq" ON "django_content_type" ("app_label", "model");
CREATE UNIQUE INDEX "auth_permission_content_type_id_codename_01ab375a_uniq" ON "auth_permission" ("content_type_id", "codename");
CREATE INDEX IF NOT EXISTS "auth_permission_content_type_id_2f476e4b" ON "auth_permission" ("content_type_id");
CREATE UNIQUE INDEX "api_user_groups_user_id_group_id_9c7ddfb5_uniq" ON "api_user_groups" ("user_id", "group_id");
CREATE INDEX IF NOT EXISTS "api_user_groups_user_id_a5ff39fa" ON "api_user_groups" ("user_id");
CREATE INDEX IF NOT EXISTS "api_user_groups_group_id_3af85785" ON "api_user_groups" ("group_id");
CREATE UNIQUE INDEX "api_user_user_permissions_user_id_permission_id_a06dd704_uniq" ON "api_user_user_permissions" ("user_id", "permission_id");
CREATE INDEX IF NOT EXISTS "api_user_user_permissions_user_id_f3945d65" ON "api_user_user_permissions" ("user_id");
CREATE INDEX IF NOT EXISTS "api_user_user_permissions_permission_id_305b7fea" ON "api_user_user_permissions" ("permission_id");
CREATE INDEX IF NOT EXISTS "django_session_expire_date_a5c62663" ON "django_session" ("expire_date");
CREATE INDEX IF NOT EXISTS "api_boardseat_board_id_c8b81e01" ON "api_boardseat" ("board_id");
CREATE INDEX IF NOT EXISTS "api_ticket_client_id_d04c22cf" ON "api_ticket" ("client_id");
CREATE INDEX IF NOT EXISTS "api_ticket_flight_seat_id_634dcb49" ON "api_ticket" ("flight_seat_id");
CREATE INDEX IF NOT EXISTS "api_airport_place_id_0a3400d0" ON "api_airport" ("place_id");
CREATE INDEX IF NOT EXISTS "api_board_model_id_f80a4023" ON "api_board" ("model_id");
CREATE INDEX IF NOT EXISTS "api_model_manufacturer_id_d978a9ae" ON "api_model" ("manufacturer_id");
CREATE INDEX IF NOT EXISTS "api_flight_board_id_723b5fc3" ON "api_flight" ("board_id");
CREATE INDEX IF NOT EXISTS "api_flight_arrival_airport_id_52080e3a" ON "api_flight" ("arrival_airport_id");
CREATE INDEX IF NOT EXISTS "api_flight_departure_airport_id_8d678b10" ON "api_flight" ("departure_airport_id");
CREATE INDEX IF NOT EXISTS "api_flightseat_flight_id_9bc0032c" ON "api_flightseat" ("flight_id");
CREATE TABLE IF NOT EXISTS "api_flightseat" ("seat" integer NOT NULL, "status" varchar(9) NOT NULL, "price" real NOT NULL, "flight_id" bigint NOT NULL REFERENCES "api_flight" ("id") DEFERRABLE INITIALLY DEFERRED, "is_deleted" bool NOT NULL, "row_number" integer NOT NULL, "id" integer NOT NULL PRIMARY KEY AUTOINCREMENT);
INSERT INTO "api_flightseat" VALUES(1,'available',31600.0,29,0,1,313);
INSERT INTO "api_flightseat" VALUES(1,'available',31600.0,29,0,2,314);
INSERT INTO "api_flightseat" VALUES(1,'available',31600.0,29,0,3,315);
INSERT INTO "api_flightseat" VALUES(1,'available',31600.0,29,0,4,316);
INSERT INTO "api_flightseat" VALUES(1,'available',31600.0,29,0,5,317);
INSERT INTO "api_flightseat" VALUES(1,'available',31600.0,29,0,6,318);
INSERT INTO "api_flightseat" VALUES(2,'available',31600.0,29,0,1,319);
INSERT INTO "api_flightseat" VALUES(2,'available',31600.0,29,0,2,320);
INSERT INTO "api_flightseat" VALUES(2,'available',31600.0,29,0,3,321);
INSERT INTO "api_flightseat" VALUES(2,'available',31600.0,29,0,4,322);
INSERT INTO "api_flightseat" VALUES(2,'available',31600.0,29,0,5,323);
INSERT INTO "api_flightseat" VALUES(2,'available',31600.0,29,0,6,324);
INSERT INTO "api_flightseat" VALUES(3,'available',31600.0,29,0,1,325);
INSERT INTO "api_flightseat" VALUES(3,'available',31600.0,29,0,2,326);
INSERT INTO "api_flightseat" VALUES(3,'available',31600.0,29,0,3,327);
INSERT INTO "api_flightseat" VALUES(3,'available',31600.0,29,0,4,328);
INSERT INTO "api_flightseat" VALUES(3,'available',31600.0,29,0,5,329);
INSERT INTO "api_flightseat" VALUES(3,'available',31600.0,29,0,6,330);
INSERT INTO "api_flightseat" VALUES(4,'available',31600.0,29,0,1,331);
INSERT INTO "api_flightseat" VALUES(4,'available',31600.0,29,0,2,332);
INSERT INTO "api_flightseat" VALUES(4,'available',31600.0,29,0,3,333);
INSERT INTO "api_flightseat" VALUES(4,'available',31600.0,29,0,4,334);
INSERT INTO "api_flightseat" VALUES(4,'available',31600.0,29,0,5,335);
INSERT INTO "api_flightseat" VALUES(4,'available',31600.0,29,0,6,336);
INSERT INTO "api_flightseat" VALUES(5,'available',31600.0,29,0,1,337);
INSERT INTO "api_flightseat" VALUES(5,'available',31600.0,29,0,2,338);
INSERT INTO "api_flightseat" VALUES(5,'available',31600.0,29,0,3,339);
INSERT INTO "api_flightseat" VALUES(5,'available',31600.0,29,0,4,340);
INSERT INTO "api_flightseat" VALUES(5,'available',31600.0,29,0,5,341);
INSERT INTO "api_flightseat" VALUES(5,'available',31600.0,29,0,6,342);
INSERT INTO "api_flightseat" VALUES(6,'available',31600.0,29,0,1,343);
INSERT INTO "api_flightseat" VALUES(6,'available',31600.0,29,0,2,344);
INSERT INTO "api_flightseat" VALUES(6,'available',31600.0,29,0,3,345);
INSERT INTO "api_flightseat" VALUES(6,'available',31600.0,29,0,4,346);
INSERT INTO "api_flightseat" VALUES(6,'available',31600.0,29,0,5,347);
INSERT INTO "api_flightseat" VALUES(6,'available',31600.0,29,0,6,348);
INSERT INTO "api_flightseat" VALUES(7,'available',31600.0,29,0,1,349);
INSERT INTO "api_flightseat" VALUES(7,'available',31600.0,29,0,2,350);
INSERT INTO "api_flightseat" VALUES(7,'available',31600.0,29,0,3,351);
INSERT INTO "api_flightseat" VALUES(7,'available',31600.0,29,0,4,352);
INSERT INTO "api_flightseat" VALUES(7,'available',31600.0,29,0,5,353);
INSERT INTO "api_flightseat" VALUES(7,'available',31600.0,29,0,6,354);
INSERT INTO "api_flightseat" VALUES(8,'available',31600.0,29,0,1,355);
INSERT INTO "api_flightseat" VALUES(8,'available',31600.0,29,0,2,356);
INSERT INTO "api_flightseat" VALUES(8,'available',31600.0,29,0,3,357);
INSERT INTO "api_flightseat" VALUES(8,'available',31600.0,29,0,4,358);
INSERT INTO "api_flightseat" VALUES(8,'available',31600.0,29,0,5,359);
INSERT INTO "api_flightseat" VALUES(8,'available',31600.0,29,0,6,360);
INSERT INTO "api_flightseat" VALUES(9,'available',31600.0,29,0,1,361);
INSERT INTO "api_flightseat" VALUES(9,'available',31600.0,29,0,2,362);
INSERT INTO "api_flightseat" VALUES(9,'available',31600.0,29,0,3,363);
INSERT INTO "api_flightseat" VALUES(9,'available',31600.0,29,0,4,364);
INSERT INTO "api_flightseat" VALUES(9,'available',31600.0,29,0,5,365);
INSERT INTO "api_flightseat" VALUES(9,'available',31600.0,29,0,6,366);
INSERT INTO "api_flightseat" VALUES(10,'available',31600.0,29,0,1,367);
INSERT INTO "api_flightseat" VALUES(10,'available',31600.0,29,0,2,368);
INSERT INTO "api_flightseat" VALUES(10,'available',31600.0,29,0,3,369);
INSERT INTO "api_flightseat" VALUES(10,'available',31600.0,29,0,4,370);
INSERT INTO "api_flightseat" VALUES(10,'available',31600.0,29,0,5,371);
INSERT INTO "api_flightseat" VALUES(10,'available',31600.0,29,0,6,372);
INSERT INTO "api_flightseat" VALUES(11,'available',31600.0,29,0,1,373);
INSERT INTO "api_flightseat" VALUES(11,'available',31600.0,29,0,2,374);
INSERT INTO "api_flightseat" VALUES(11,'available',31600.0,29,0,3,375);
INSERT INTO "api_flightseat" VALUES(11,'available',31600.0,29,0,4,376);
INSERT INTO "api_flightseat" VALUES(11,'available',31600.0,29,0,5,377);
INSERT INTO "api_flightseat" VALUES(11,'available',31600.0,29,0,6,378);
INSERT INTO "api_flightseat" VALUES(12,'available',31600.0,29,0,1,379);
INSERT INTO "api_flightseat" VALUES(12,'available',31600.0,29,0,2,380);
INSERT INTO "api_flightseat" VALUES(12,'available',31600.0,29,0,3,381);
INSERT INTO "api_flightseat" VALUES(12,'available',31600.0,29,0,4,382);
INSERT INTO "api_flightseat" VALUES(12,'available',31600.0,29,0,5,383);
INSERT INTO "api_flightseat" VALUES(12,'available',31600.0,29,0,6,384);
INSERT INTO "api_flightseat" VALUES(13,'available',31600.0,29,0,1,385);
INSERT INTO "api_flightseat" VALUES(13,'available',31600.0,29,0,2,386);
INSERT INTO "api_flightseat" VALUES(13,'available',31600.0,29,0,3,387);
INSERT INTO "api_flightseat" VALUES(13,'available',31600.0,29,0,4,388);
INSERT INTO "api_flightseat" VALUES(13,'available',31600.0,29,0,5,389);
INSERT INTO "api_flightseat" VALUES(13,'available',31600.0,29,0,6,390);
INSERT INTO "api_flightseat" VALUES(1,'available',100.0,30,0,1,391);
INSERT INTO "api_flightseat" VALUES(1,'available',100.0,30,0,2,392);
INSERT INTO "api_flightseat" VALUES(1,'available',100.0,30,0,3,393);
INSERT INTO "api_flightseat" VALUES(1,'available',100.0,30,0,4,394);
INSERT INTO "api_flightseat" VALUES(1,'available',100.0,30,0,5,395);
INSERT INTO "api_flightseat" VALUES(1,'available',100.0,30,0,6,396);
INSERT INTO "api_flightseat" VALUES(2,'available',100.0,30,0,1,397);
INSERT INTO "api_flightseat" VALUES(2,'available',100.0,30,0,2,398);
INSERT INTO "api_flightseat" VALUES(2,'available',100.0,30,0,3,399);
INSERT INTO "api_flightseat" VALUES(2,'available',100.0,30,0,4,400);
INSERT INTO "api_flightseat" VALUES(2,'available',100.0,30,0,5,401);
INSERT INTO "api_flightseat" VALUES(2,'available',100.0,30,0,6,402);
INSERT INTO "api_flightseat" VALUES(3,'available',100.0,30,0,1,403);
INSERT INTO "api_flightseat" VALUES(3,'available',100.0,30,0,2,404);
INSERT INTO "api_flightseat" VALUES(3,'available',100.0,30,0,3,405);
INSERT INTO "api_flightseat" VALUES(3,'available',100.0,30,0,4,406);
INSERT INTO "api_flightseat" VALUES(3,'available',100.0,30,0,5,407);
INSERT INTO "api_flightseat" VALUES(3,'available',100.0,30,0,6,408);
INSERT INTO "api_flightseat" VALUES(4,'available',100.0,30,0,1,409);
INSERT INTO "api_flightseat" VALUES(4,'available',100.0,30,0,2,410);
INSERT INTO "api_flightseat" VALUES(4,'available',100.0,30,0,3,411);
INSERT INTO "api_flightseat" VALUES(4,'available',100.0,30,0,4,412);
INSERT INTO "api_flightseat" VALUES(4,'available',100.0,30,0,5,413);
INSERT INTO "api_flightseat" VALUES(4,'available',100.0,30,0,6,414);
INSERT INTO "api_flightseat" VALUES(5,'available',100.0,30,0,1,415);
INSERT INTO "api_flightseat" VALUES(5,'available',100.0,30,0,2,416);
INSERT INTO "api_flightseat" VALUES(5,'available',100.0,30,0,3,417);
INSERT INTO "api_flightseat" VALUES(5,'available',100.0,30,0,4,418);
INSERT INTO "api_flightseat" VALUES(5,'available',100.0,30,0,5,419);
INSERT INTO "api_flightseat" VALUES(5,'available',100.0,30,0,6,420);
INSERT INTO "api_flightseat" VALUES(6,'available',100.0,30,0,1,421);
INSERT INTO "api_flightseat" VALUES(6,'available',100.0,30,0,2,422);
INSERT INTO "api_flightseat" VALUES(6,'available',100.0,30,0,3,423);
INSERT INTO "api_flightseat" VALUES(6,'available',100.0,30,0,4,424);
INSERT INTO "api_flightseat" VALUES(6,'available',100.0,30,0,5,425);
INSERT INTO "api_flightseat" VALUES(6,'available',100.0,30,0,6,426);
INSERT INTO "api_flightseat" VALUES(7,'available',100.0,30,0,1,427);
INSERT INTO "api_flightseat" VALUES(7,'available',100.0,30,0,2,428);
INSERT INTO "api_flightseat" VALUES(7,'available',100.0,30,0,3,429);
INSERT INTO "api_flightseat" VALUES(7,'available',100.0,30,0,4,430);
INSERT INTO "api_flightseat" VALUES(7,'available',100.0,30,0,5,431);
INSERT INTO "api_flightseat" VALUES(7,'available',100.0,30,0,6,432);
INSERT INTO "api_flightseat" VALUES(8,'available',100.0,30,0,1,433);
INSERT INTO "api_flightseat" VALUES(8,'available',100.0,30,0,2,434);
INSERT INTO "api_flightseat" VALUES(8,'available',100.0,30,0,3,435);
INSERT INTO "api_flightseat" VALUES(8,'available',100.0,30,0,4,436);
INSERT INTO "api_flightseat" VALUES(8,'available',100.0,30,0,5,437);
INSERT INTO "api_flightseat" VALUES(8,'available',100.0,30,0,6,438);
INSERT INTO "api_flightseat" VALUES(9,'available',100.0,30,0,1,439);
INSERT INTO "api_flightseat" VALUES(9,'available',100.0,30,0,2,440);
INSERT INTO "api_flightseat" VALUES(9,'available',100.0,30,0,3,441);
INSERT INTO "api_flightseat" VALUES(9,'available',100.0,30,0,4,442);
INSERT INTO "api_flightseat" VALUES(9,'available',100.0,30,0,5,443);
INSERT INTO "api_flightseat" VALUES(9,'available',100.0,30,0,6,444);
INSERT INTO "api_flightseat" VALUES(10,'available',100.0,30,0,1,445);
INSERT INTO "api_flightseat" VALUES(10,'available',100.0,30,0,2,446);
INSERT INTO "api_flightseat" VALUES(10,'available',100.0,30,0,3,447);
INSERT INTO "api_flightseat" VALUES(10,'available',100.0,30,0,4,448);
INSERT INTO "api_flightseat" VALUES(10,'available',100.0,30,0,5,449);
INSERT INTO "api_flightseat" VALUES(10,'available',100.0,30,0,6,450);
INSERT INTO "api_flightseat" VALUES(11,'available',100.0,30,0,1,451);
INSERT INTO "api_flightseat" VALUES(11,'available',100.0,30,0,2,452);
INSERT INTO "api_flightseat" VALUES(11,'available',100.0,30,0,3,453);
INSERT INTO "api_flightseat" VALUES(11,'available',100.0,30,0,4,454);
INSERT INTO "api_flightseat" VALUES(11,'available',100.0,30,0,5,455);
INSERT INTO "api_flightseat" VALUES(11,'available',100.0,30,0,6,456);
INSERT INTO "api_flightseat" VALUES(12,'available',100.0,30,0,1,457);
INSERT INTO "api_flightseat" VALUES(12,'available',100.0,30,0,2,458);
INSERT INTO "api_flightseat" VALUES(12,'available',100.0,30,0,3,459);
INSERT INTO "api_flightseat" VALUES(12,'available',100.0,30,0,4,460);
INSERT INTO "api_flightseat" VALUES(12,'available',100.0,30,0,5,461);
INSERT INTO "api_flightseat" VALUES(12,'available',100.0,30,0,6,462);
INSERT INTO "api_flightseat" VALUES(13,'available',100.0,30,0,1,463);
INSERT INTO "api_flightseat" VALUES(13,'available',100.0,30,0,2,464);
INSERT INTO "api_flightseat" VALUES(13,'available',100.0,30,0,3,465);
INSERT INTO "api_flightseat" VALUES(13,'available',100.0,30,0,4,466);
INSERT INTO "api_flightseat" VALUES(13,'available',100.0,30,0,5,467);
INSERT INTO "api_flightseat" VALUES(13,'available',100.0,30,0,6,468);
INSERT INTO "api_flightseat" VALUES(1,'sold',10.0,31,0,1,469);
INSERT INTO "api_flightseat" VALUES(1,'available',10.0,31,0,2,470);
INSERT INTO "api_flightseat" VALUES(1,'available',10.0,31,0,3,471);
INSERT INTO "api_flightseat" VALUES(1,'available',10.0,31,0,4,472);
INSERT INTO "api_flightseat" VALUES(1,'available',10.0,31,0,5,473);
INSERT INTO "api_flightseat" VALUES(1,'available',10.0,31,0,6,474);
INSERT INTO "api_flightseat" VALUES(1,'available',10.0,31,0,7,475);
INSERT INTO "api_flightseat" VALUES(1,'available',10.0,31,0,8,476);
INSERT INTO "api_flightseat" VALUES(2,'available',10.0,31,0,1,477);
INSERT INTO "api_flightseat" VALUES(2,'available',10.0,31,0,2,478);
INSERT INTO "api_flightseat" VALUES(2,'available',10.0,31,0,3,479);
INSERT INTO "api_flightseat" VALUES(2,'available',10.0,31,0,4,480);
INSERT INTO "api_flightseat" VALUES(2,'available',10.0,31,0,5,481);
INSERT INTO "api_flightseat" VALUES(2,'available',10.0,31,0,6,482);
INSERT INTO "api_flightseat" VALUES(2,'available',10.0,31,0,7,483);
INSERT INTO "api_flightseat" VALUES(2,'available',10.0,31,0,8,484);
INSERT INTO "api_flightseat" VALUES(3,'available',10.0,31,0,1,485);
INSERT INTO "api_flightseat" VALUES(3,'available',10.0,31,0,2,486);
INSERT INTO "api_flightseat" VALUES(3,'available',10.0,31,0,3,487);
INSERT INTO "api_flightseat" VALUES(3,'available',10.0,31,0,4,488);
INSERT INTO "api_flightseat" VALUES(3,'available',10.0,31,0,5,489);
INSERT INTO "api_flightseat" VALUES(3,'available',10.0,31,0,6,490);
INSERT INTO "api_flightseat" VALUES(3,'available',10.0,31,0,7,491);
INSERT INTO "api_flightseat" VALUES(3,'available',10.0,31,0,8,492);
INSERT INTO "api_flightseat" VALUES(4,'available',10.0,31,0,1,493);
INSERT INTO "api_flightseat" VALUES(4,'available',10.0,31,0,2,494);
INSERT INTO "api_flightseat" VALUES(4,'available',10.0,31,0,3,495);
INSERT INTO "api_flightseat" VALUES(4,'available',10.0,31,0,4,496);
INSERT INTO "api_flightseat" VALUES(4,'available',10.0,31,0,5,497);
INSERT INTO "api_flightseat" VALUES(4,'available',10.0,31,0,6,498);
INSERT INTO "api_flightseat" VALUES(4,'available',10.0,31,0,7,499);
INSERT INTO "api_flightseat" VALUES(4,'available',10.0,31,0,8,500);
INSERT INTO "api_flightseat" VALUES(5,'available',10.0,31,0,1,501);
INSERT INTO "api_flightseat" VALUES(5,'available',10.0,31,0,2,502);
INSERT INTO "api_flightseat" VALUES(5,'available',10.0,31,0,3,503);
INSERT INTO "api_flightseat" VALUES(5,'available',10.0,31,0,4,504);
INSERT INTO "api_flightseat" VALUES(5,'available',10.0,31,0,5,505);
INSERT INTO "api_flightseat" VALUES(5,'available',10.0,31,0,6,506);
INSERT INTO "api_flightseat" VALUES(5,'available',10.0,31,0,7,507);
INSERT INTO "api_flightseat" VALUES(5,'available',10.0,31,0,8,508);
INSERT INTO "api_flightseat" VALUES(6,'available',10.0,31,0,1,509);
INSERT INTO "api_flightseat" VALUES(6,'available',10.0,31,0,2,510);
INSERT INTO "api_flightseat" VALUES(6,'available',10.0,31,0,3,511);
INSERT INTO "api_flightseat" VALUES(6,'available',10.0,31,0,4,512);
INSERT INTO "api_flightseat" VALUES(6,'available',10.0,31,0,5,513);
INSERT INTO "api_flightseat" VALUES(6,'available',10.0,31,0,6,514);
INSERT INTO "api_flightseat" VALUES(6,'available',10.0,31,0,7,515);
INSERT INTO "api_flightseat" VALUES(6,'available',10.0,31,0,8,516);
INSERT INTO "api_flightseat" VALUES(7,'available',10.0,31,0,1,517);
INSERT INTO "api_flightseat" VALUES(7,'available',10.0,31,0,2,518);
INSERT INTO "api_flightseat" VALUES(7,'available',10.0,31,0,3,519);
INSERT INTO "api_flightseat" VALUES(7,'available',10.0,31,0,4,520);
INSERT INTO "api_flightseat" VALUES(7,'available',10.0,31,0,5,521);
INSERT INTO "api_flightseat" VALUES(7,'available',10.0,31,0,6,522);
INSERT INTO "api_flightseat" VALUES(7,'available',10.0,31,0,7,523);
INSERT INTO "api_flightseat" VALUES(7,'available',10.0,31,0,8,524);
INSERT INTO "api_flightseat" VALUES(8,'available',10.0,31,0,1,525);
INSERT INTO "api_flightseat" VALUES(8,'available',10.0,31,0,2,526);
INSERT INTO "api_flightseat" VALUES(8,'available',10.0,31,0,3,527);
INSERT INTO "api_flightseat" VALUES(8,'available',10.0,31,0,4,528);
INSERT INTO "api_flightseat" VALUES(8,'available',10.0,31,0,5,529);
INSERT INTO "api_flightseat" VALUES(8,'available',10.0,31,0,6,530);
INSERT INTO "api_flightseat" VALUES(8,'available',10.0,31,0,7,531);
INSERT INTO "api_flightseat" VALUES(8,'available',10.0,31,0,8,532);
INSERT INTO "api_flightseat" VALUES(9,'available',10.0,31,0,1,533);
INSERT INTO "api_flightseat" VALUES(9,'available',10.0,31,0,2,534);
INSERT INTO "api_flightseat" VALUES(9,'available',10.0,31,0,3,535);
INSERT INTO "api_flightseat" VALUES(9,'available',10.0,31,0,4,536);
INSERT INTO "api_flightseat" VALUES(9,'available',10.0,31,0,5,537);
INSERT INTO "api_flightseat" VALUES(9,'available',10.0,31,0,6,538);
INSERT INTO "api_flightseat" VALUES(9,'available',10.0,31,0,7,539);
INSERT INTO "api_flightseat" VALUES(9,'available',10.0,31,0,8,540);
INSERT INTO "api_flightseat" VALUES(10,'available',10.0,31,0,1,541);
INSERT INTO "api_flightseat" VALUES(10,'available',10.0,31,0,2,542);
INSERT INTO "api_flightseat" VALUES(10,'available',10.0,31,0,3,543);
INSERT INTO "api_flightseat" VALUES(10,'available',10.0,31,0,4,544);
INSERT INTO "api_flightseat" VALUES(10,'available',10.0,31,0,5,545);
INSERT INTO "api_flightseat" VALUES(10,'available',10.0,31,0,6,546);
INSERT INTO "api_flightseat" VALUES(10,'available',10.0,31,0,7,547);
INSERT INTO "api_flightseat" VALUES(10,'available',10.0,31,0,8,548);
INSERT INTO "api_flightseat" VALUES(11,'available',10.0,31,0,1,549);
INSERT INTO "api_flightseat" VALUES(11,'available',10.0,31,0,2,550);
INSERT INTO "api_flightseat" VALUES(11,'available',10.0,31,0,3,551);
INSERT INTO "api_flightseat" VALUES(11,'available',10.0,31,0,4,552);
INSERT INTO "api_flightseat" VALUES(11,'available',10.0,31,0,5,553);
INSERT INTO "api_flightseat" VALUES(11,'available',10.0,31,0,6,554);
INSERT INTO "api_flightseat" VALUES(11,'available',10.0,31,0,7,555);
INSERT INTO "api_flightseat" VALUES(11,'available',10.0,31,0,8,556);
INSERT INTO "api_flightseat" VALUES(12,'available',10.0,31,0,1,557);
INSERT INTO "api_flightseat" VALUES(12,'available',10.0,31,0,2,558);
INSERT INTO "api_flightseat" VALUES(12,'available',10.0,31,0,3,559);
INSERT INTO "api_flightseat" VALUES(12,'available',10.0,31,0,4,560);
INSERT INTO "api_flightseat" VALUES(12,'available',10.0,31,0,5,561);
INSERT INTO "api_flightseat" VALUES(12,'available',10.0,31,0,6,562);
INSERT INTO "api_flightseat" VALUES(12,'available',10.0,31,0,7,563);
INSERT INTO "api_flightseat" VALUES(12,'available',10.0,31,0,8,564);
INSERT INTO "api_flightseat" VALUES(13,'available',10.0,31,0,1,565);
INSERT INTO "api_flightseat" VALUES(13,'available',10.0,31,0,2,566);
INSERT INTO "api_flightseat" VALUES(13,'available',10.0,31,0,3,567);
INSERT INTO "api_flightseat" VALUES(13,'available',10.0,31,0,4,568);
INSERT INTO "api_flightseat" VALUES(13,'available',10.0,31,0,5,569);
INSERT INTO "api_flightseat" VALUES(13,'available',10.0,31,0,6,570);
INSERT INTO "api_flightseat" VALUES(13,'available',10.0,31,0,7,571);
INSERT INTO "api_flightseat" VALUES(13,'available',10.0,31,0,8,572);
INSERT INTO "api_flightseat" VALUES(14,'available',10.0,31,0,1,573);
INSERT INTO "api_flightseat" VALUES(14,'available',10.0,31,0,2,574);
INSERT INTO "api_flightseat" VALUES(14,'available',10.0,31,0,3,575);
INSERT INTO "api_flightseat" VALUES(14,'available',10.0,31,0,4,576);
INSERT INTO "api_flightseat" VALUES(14,'available',10.0,31,0,5,577);
INSERT INTO "api_flightseat" VALUES(14,'available',10.0,31,0,6,578);
INSERT INTO "api_flightseat" VALUES(14,'available',10.0,31,0,7,579);
INSERT INTO "api_flightseat" VALUES(14,'available',10.0,31,0,8,580);
INSERT INTO "api_flightseat" VALUES(15,'available',10.0,31,0,1,581);
INSERT INTO "api_flightseat" VALUES(15,'available',10.0,31,0,2,582);
INSERT INTO "api_flightseat" VALUES(15,'available',10.0,31,0,3,583);
INSERT INTO "api_flightseat" VALUES(15,'available',10.0,31,0,4,584);
INSERT INTO "api_flightseat" VALUES(15,'available',10.0,31,0,5,585);
INSERT INTO "api_flightseat" VALUES(15,'available',10.0,31,0,6,586);
INSERT INTO "api_flightseat" VALUES(15,'available',10.0,31,0,7,587);
INSERT INTO "api_flightseat" VALUES(15,'available',10.0,31,0,8,588);
INSERT INTO "api_flightseat" VALUES(1,'available',1.0,32,0,1,589);
INSERT INTO "api_flightseat" VALUES(1,'available',1.0,32,0,2,590);
INSERT INTO "api_flightseat" VALUES(1,'available',1.0,32,0,3,591);
INSERT INTO "api_flightseat" VALUES(1,'available',1.0,32,0,4,592);
INSERT INTO "api_flightseat" VALUES(1,'available',1.0,32,0,5,593);
INSERT INTO "api_flightseat" VALUES(1,'available',1.0,32,0,6,594);
INSERT INTO "api_flightseat" VALUES(1,'available',1.0,32,0,7,595);
INSERT INTO "api_flightseat" VALUES(1,'available',1.0,32,0,8,596);
INSERT INTO "api_flightseat" VALUES(2,'available',1.0,32,0,1,597);
INSERT INTO "api_flightseat" VALUES(2,'available',1.0,32,0,2,598);
INSERT INTO "api_flightseat" VALUES(2,'available',1.0,32,0,3,599);
INSERT INTO "api_flightseat" VALUES(2,'available',1.0,32,0,4,600);
INSERT INTO "api_flightseat" VALUES(2,'available',1.0,32,0,5,601);
INSERT INTO "api_flightseat" VALUES(2,'available',1.0,32,0,6,602);
INSERT INTO "api_flightseat" VALUES(2,'available',1.0,32,0,7,603);
INSERT INTO "api_flightseat" VALUES(2,'available',1.0,32,0,8,604);
INSERT INTO "api_flightseat" VALUES(3,'available',1.0,32,0,1,605);
INSERT INTO "api_flightseat" VALUES(3,'available',1.0,32,0,2,606);
INSERT INTO "api_flightseat" VALUES(3,'sold',1.0,32,0,3,607);
INSERT INTO "api_flightseat" VALUES(3,'available',1.0,32,0,4,608);
INSERT INTO "api_flightseat" VALUES(3,'available',1.0,32,0,5,609);
INSERT INTO "api_flightseat" VALUES(3,'available',1.0,32,0,6,610);
INSERT INTO "api_flightseat" VALUES(3,'available',1.0,32,0,7,611);
INSERT INTO "api_flightseat" VALUES(3,'available',1.0,32,0,8,612);
INSERT INTO "api_flightseat" VALUES(4,'available',1.0,32,0,1,613);
INSERT INTO "api_flightseat" VALUES(4,'available',1.0,32,0,2,614);
INSERT INTO "api_flightseat" VALUES(4,'available',1.0,32,0,3,615);
INSERT INTO "api_flightseat" VALUES(4,'available',1.0,32,0,4,616);
INSERT INTO "api_flightseat" VALUES(4,'available',1.0,32,0,5,617);
INSERT INTO "api_flightseat" VALUES(4,'available',1.0,32,0,6,618);
INSERT INTO "api_flightseat" VALUES(4,'available',1.0,32,0,7,619);
INSERT INTO "api_flightseat" VALUES(4,'available',1.0,32,0,8,620);
INSERT INTO "api_flightseat" VALUES(5,'available',1.0,32,0,1,621);
INSERT INTO "api_flightseat" VALUES(5,'available',1.0,32,0,2,622);
INSERT INTO "api_flightseat" VALUES(5,'available',1.0,32,0,3,623);
INSERT INTO "api_flightseat" VALUES(5,'available',1.0,32,0,4,624);
INSERT INTO "api_flightseat" VALUES(5,'available',1.0,32,0,5,625);
INSERT INTO "api_flightseat" VALUES(5,'available',1.0,32,0,6,626);
INSERT INTO "api_flightseat" VALUES(5,'available',1.0,32,0,7,627);
INSERT INTO "api_flightseat" VALUES(5,'available',1.0,32,0,8,628);
INSERT INTO "api_flightseat" VALUES(6,'available',1.0,32,0,1,629);
INSERT INTO "api_flightseat" VALUES(6,'available',1.0,32,0,2,630);
INSERT INTO "api_flightseat" VALUES(6,'available',1.0,32,0,3,631);
INSERT INTO "api_flightseat" VALUES(6,'available',1.0,32,0,4,632);
INSERT INTO "api_flightseat" VALUES(6,'available',1.0,32,0,5,633);
INSERT INTO "api_flightseat" VALUES(6,'available',1.0,32,0,6,634);
INSERT INTO "api_flightseat" VALUES(6,'available',1.0,32,0,7,635);
INSERT INTO "api_flightseat" VALUES(6,'available',1.0,32,0,8,636);
INSERT INTO "api_flightseat" VALUES(7,'available',1.0,32,0,1,637);
INSERT INTO "api_flightseat" VALUES(7,'available',1.0,32,0,2,638);
INSERT INTO "api_flightseat" VALUES(7,'available',1.0,32,0,3,639);
INSERT INTO "api_flightseat" VALUES(7,'available',1.0,32,0,4,640);
INSERT INTO "api_flightseat" VALUES(7,'available',1.0,32,0,5,641);
INSERT INTO "api_flightseat" VALUES(7,'available',1.0,32,0,6,642);
INSERT INTO "api_flightseat" VALUES(7,'available',1.0,32,0,7,643);
INSERT INTO "api_flightseat" VALUES(7,'available',1.0,32,0,8,644);
INSERT INTO "api_flightseat" VALUES(8,'available',1.0,32,0,1,645);
INSERT INTO "api_flightseat" VALUES(8,'available',1.0,32,0,2,646);
INSERT INTO "api_flightseat" VALUES(8,'available',1.0,32,0,3,647);
INSERT INTO "api_flightseat" VALUES(8,'available',1.0,32,0,4,648);
INSERT INTO "api_flightseat" VALUES(8,'available',1.0,32,0,5,649);
INSERT INTO "api_flightseat" VALUES(8,'available',1.0,32,0,6,650);
INSERT INTO "api_flightseat" VALUES(8,'available',1.0,32,0,7,651);
INSERT INTO "api_flightseat" VALUES(8,'available',1.0,32,0,8,652);
INSERT INTO "api_flightseat" VALUES(9,'available',1.0,32,0,1,653);
INSERT INTO "api_flightseat" VALUES(9,'available',1.0,32,0,2,654);
INSERT INTO "api_flightseat" VALUES(9,'available',1.0,32,0,3,655);
INSERT INTO "api_flightseat" VALUES(9,'available',1.0,32,0,4,656);
INSERT INTO "api_flightseat" VALUES(9,'available',1.0,32,0,5,657);
INSERT INTO "api_flightseat" VALUES(9,'available',1.0,32,0,6,658);
INSERT INTO "api_flightseat" VALUES(9,'available',1.0,32,0,7,659);
INSERT INTO "api_flightseat" VALUES(9,'available',1.0,32,0,8,660);
INSERT INTO "api_flightseat" VALUES(10,'available',1.0,32,0,1,661);
INSERT INTO "api_flightseat" VALUES(10,'available',1.0,32,0,2,662);
INSERT INTO "api_flightseat" VALUES(10,'available',1.0,32,0,3,663);
INSERT INTO "api_flightseat" VALUES(10,'available',1.0,32,0,4,664);
INSERT INTO "api_flightseat" VALUES(10,'available',1.0,32,0,5,665);
INSERT INTO "api_flightseat" VALUES(10,'available',1.0,32,0,6,666);
INSERT INTO "api_flightseat" VALUES(10,'available',1.0,32,0,7,667);
INSERT INTO "api_flightseat" VALUES(10,'available',1.0,32,0,8,668);
INSERT INTO "api_flightseat" VALUES(11,'available',1.0,32,0,1,669);
INSERT INTO "api_flightseat" VALUES(11,'available',1.0,32,0,2,670);
INSERT INTO "api_flightseat" VALUES(11,'available',1.0,32,0,3,671);
INSERT INTO "api_flightseat" VALUES(11,'available',1.0,32,0,4,672);
INSERT INTO "api_flightseat" VALUES(11,'available',1.0,32,0,5,673);
INSERT INTO "api_flightseat" VALUES(11,'available',1.0,32,0,6,674);
INSERT INTO "api_flightseat" VALUES(11,'available',1.0,32,0,7,675);
INSERT INTO "api_flightseat" VALUES(11,'available',1.0,32,0,8,676);
INSERT INTO "api_flightseat" VALUES(12,'available',1.0,32,0,1,677);
INSERT INTO "api_flightseat" VALUES(12,'available',1.0,32,0,2,678);
INSERT INTO "api_flightseat" VALUES(12,'available',1.0,32,0,3,679);
INSERT INTO "api_flightseat" VALUES(12,'available',1.0,32,0,4,680);
INSERT INTO "api_flightseat" VALUES(12,'available',1.0,32,0,5,681);
INSERT INTO "api_flightseat" VALUES(12,'available',1.0,32,0,6,682);
INSERT INTO "api_flightseat" VALUES(12,'available',1.0,32,0,7,683);
INSERT INTO "api_flightseat" VALUES(12,'available',1.0,32,0,8,684);
INSERT INTO "api_flightseat" VALUES(13,'available',1.0,32,0,1,685);
INSERT INTO "api_flightseat" VALUES(13,'available',1.0,32,0,2,686);
INSERT INTO "api_flightseat" VALUES(13,'available',1.0,32,0,3,687);
INSERT INTO "api_flightseat" VALUES(13,'available',1.0,32,0,4,688);
INSERT INTO "api_flightseat" VALUES(13,'available',1.0,32,0,5,689);
INSERT INTO "api_flightseat" VALUES(13,'available',1.0,32,0,6,690);
INSERT INTO "api_flightseat" VALUES(13,'available',1.0,32,0,7,691);
INSERT INTO "api_flightseat" VALUES(13,'available',1.0,32,0,8,692);
INSERT INTO "api_flightseat" VALUES(14,'available',1.0,32,0,1,693);
INSERT INTO "api_flightseat" VALUES(14,'available',1.0,32,0,2,694);
INSERT INTO "api_flightseat" VALUES(14,'available',1.0,32,0,3,695);
INSERT INTO "api_flightseat" VALUES(14,'available',1.0,32,0,4,696);
INSERT INTO "api_flightseat" VALUES(14,'available',1.0,32,0,5,697);
INSERT INTO "api_flightseat" VALUES(14,'available',1.0,32,0,6,698);
INSERT INTO "api_flightseat" VALUES(14,'available',1.0,32,0,7,699);
INSERT INTO "api_flightseat" VALUES(14,'available',1.0,32,0,8,700);
INSERT INTO "api_flightseat" VALUES(15,'available',1.0,32,0,1,701);
INSERT INTO "api_flightseat" VALUES(15,'available',1.0,32,0,2,702);
INSERT INTO "api_flightseat" VALUES(15,'available',1.0,32,0,3,703);
INSERT INTO "api_flightseat" VALUES(15,'available',1.0,32,0,4,704);
INSERT INTO "api_flightseat" VALUES(15,'available',1.0,32,0,5,705);
INSERT INTO "api_flightseat" VALUES(15,'available',1.0,32,0,6,706);
INSERT INTO "api_flightseat" VALUES(15,'available',1.0,32,0,7,707);
INSERT INTO "api_flightseat" VALUES(15,'available',1.0,32,0,8,708);
INSERT INTO "api_flightseat" VALUES(1,'available',2.0,33,0,1,709);
INSERT INTO "api_flightseat" VALUES(1,'available',2.0,33,0,2,710);
INSERT INTO "api_flightseat" VALUES(1,'available',2.0,33,0,3,711);
INSERT INTO "api_flightseat" VALUES(1,'available',2.0,33,0,4,712);
INSERT INTO "api_flightseat" VALUES(2,'available',2.0,33,0,1,713);
INSERT INTO "api_flightseat" VALUES(2,'available',2.0,33,0,2,714);
INSERT INTO "api_flightseat" VALUES(2,'available',2.0,33,0,3,715);
INSERT INTO "api_flightseat" VALUES(2,'available',2.0,33,0,4,716);
INSERT INTO "api_flightseat" VALUES(3,'available',2.0,33,0,1,717);
INSERT INTO "api_flightseat" VALUES(3,'available',2.0,33,0,2,718);
INSERT INTO "api_flightseat" VALUES(3,'available',2.0,33,0,3,719);
INSERT INTO "api_flightseat" VALUES(3,'available',2.0,33,0,4,720);
INSERT INTO "api_flightseat" VALUES(4,'available',2.0,33,0,1,721);
INSERT INTO "api_flightseat" VALUES(4,'available',2.0,33,0,2,722);
INSERT INTO "api_flightseat" VALUES(4,'available',2.0,33,0,3,723);
INSERT INTO "api_flightseat" VALUES(4,'available',2.0,33,0,4,724);
INSERT INTO "api_flightseat" VALUES(5,'available',2.0,33,0,1,725);
INSERT INTO "api_flightseat" VALUES(5,'available',2.0,33,0,2,726);
INSERT INTO "api_flightseat" VALUES(5,'available',2.0,33,0,3,727);
INSERT INTO "api_flightseat" VALUES(5,'available',2.0,33,0,4,728);
INSERT INTO "api_flightseat" VALUES(6,'available',2.0,33,0,1,729);
INSERT INTO "api_flightseat" VALUES(6,'available',2.0,33,0,2,730);
INSERT INTO "api_flightseat" VALUES(6,'available',2.0,33,0,3,731);
INSERT INTO "api_flightseat" VALUES(6,'available',2.0,33,0,4,732);
INSERT INTO "api_flightseat" VALUES(7,'available',2.0,33,0,1,733);
INSERT INTO "api_flightseat" VALUES(7,'available',2.0,33,0,2,734);
INSERT INTO "api_flightseat" VALUES(7,'available',2.0,33,0,3,735);
INSERT INTO "api_flightseat" VALUES(7,'available',2.0,33,0,4,736);
INSERT INTO "api_flightseat" VALUES(8,'available',2.0,33,0,1,737);
INSERT INTO "api_flightseat" VALUES(8,'available',2.0,33,0,2,738);
INSERT INTO "api_flightseat" VALUES(8,'available',2.0,33,0,3,739);
INSERT INTO "api_flightseat" VALUES(8,'available',2.0,33,0,4,740);
INSERT INTO "api_flightseat" VALUES(9,'available',2.0,33,0,1,741);
INSERT INTO "api_flightseat" VALUES(9,'available',2.0,33,0,2,742);
INSERT INTO "api_flightseat" VALUES(9,'available',2.0,33,0,3,743);
INSERT INTO "api_flightseat" VALUES(9,'available',2.0,33,0,4,744);
INSERT INTO "api_flightseat" VALUES(10,'available',2.0,33,0,1,745);
INSERT INTO "api_flightseat" VALUES(10,'available',2.0,33,0,2,746);
INSERT INTO "api_flightseat" VALUES(10,'available',2.0,33,0,3,747);
INSERT INTO "api_flightseat" VALUES(10,'available',2.0,33,0,4,748);
INSERT INTO "api_flightseat" VALUES(11,'available',2.0,33,0,1,749);
INSERT INTO "api_flightseat" VALUES(11,'available',2.0,33,0,2,750);
INSERT INTO "api_flightseat" VALUES(11,'available',2.0,33,0,3,751);
INSERT INTO "api_flightseat" VALUES(11,'available',2.0,33,0,4,752);
INSERT INTO "api_flightseat" VALUES(12,'available',2.0,33,0,1,753);
INSERT INTO "api_flightseat" VALUES(12,'available',2.0,33,0,2,754);
INSERT INTO "api_flightseat" VALUES(12,'available',2.0,33,0,3,755);
INSERT INTO "api_flightseat" VALUES(12,'available',2.0,33,0,4,756);
INSERT INTO "api_flightseat" VALUES(13,'available',2.0,33,0,1,757);
INSERT INTO "api_flightseat" VALUES(13,'available',2.0,33,0,2,758);
INSERT INTO "api_flightseat" VALUES(13,'available',2.0,33,0,3,759);
INSERT INTO "api_flightseat" VALUES(13,'available',2.0,33,0,4,760);
INSERT INTO "api_flightseat" VALUES(14,'available',2.0,33,0,1,761);
INSERT INTO "api_flightseat" VALUES(14,'available',2.0,33,0,2,762);
INSERT INTO "api_flightseat" VALUES(14,'available',2.0,33,0,3,763);
INSERT INTO "api_flightseat" VALUES(14,'available',2.0,33,0,4,764);
INSERT INTO "api_flightseat" VALUES(15,'available',2.0,33,0,1,765);
INSERT INTO "api_flightseat" VALUES(15,'available',2.0,33,0,2,766);
INSERT INTO "api_flightseat" VALUES(15,'available',2.0,33,0,3,767);
INSERT INTO "api_flightseat" VALUES(15,'available',2.0,33,0,4,768);
INSERT INTO "api_flightseat" VALUES(1,'sold',12.0,34,0,1,769);
INSERT INTO "api_flightseat" VALUES(1,'available',12.0,34,0,2,770);
INSERT INTO "api_flightseat" VALUES(1,'available',12.0,34,0,3,771);
INSERT INTO "api_flightseat" VALUES(1,'available',12.0,34,0,4,772);
INSERT INTO "api_flightseat" VALUES(1,'available',12.0,34,0,5,773);
INSERT INTO "api_flightseat" VALUES(1,'available',12.0,34,0,6,774);
INSERT INTO "api_flightseat" VALUES(1,'available',12.0,34,0,7,775);
INSERT INTO "api_flightseat" VALUES(1,'available',12.0,34,0,8,776);
INSERT INTO "api_flightseat" VALUES(2,'available',12.0,34,0,1,777);
INSERT INTO "api_flightseat" VALUES(2,'available',12.0,34,0,2,778);
INSERT INTO "api_flightseat" VALUES(2,'available',12.0,34,0,3,779);
INSERT INTO "api_flightseat" VALUES(2,'available',12.0,34,0,4,780);
INSERT INTO "api_flightseat" VALUES(2,'available',12.0,34,0,5,781);
INSERT INTO "api_flightseat" VALUES(2,'available',12.0,34,0,6,782);
INSERT INTO "api_flightseat" VALUES(2,'available',12.0,34,0,7,783);
INSERT INTO "api_flightseat" VALUES(2,'available',12.0,34,0,8,784);
INSERT INTO "api_flightseat" VALUES(3,'available',12.0,34,0,1,785);
INSERT INTO "api_flightseat" VALUES(3,'available',12.0,34,0,2,786);
INSERT INTO "api_flightseat" VALUES(3,'available',12.0,34,0,3,787);
INSERT INTO "api_flightseat" VALUES(3,'available',12.0,34,0,4,788);
INSERT INTO "api_flightseat" VALUES(3,'available',12.0,34,0,5,789);
INSERT INTO "api_flightseat" VALUES(3,'available',12.0,34,0,6,790);
INSERT INTO "api_flightseat" VALUES(3,'available',12.0,34,0,7,791);
INSERT INTO "api_flightseat" VALUES(3,'available',12.0,34,0,8,792);
INSERT INTO "api_flightseat" VALUES(4,'available',12.0,34,0,1,793);
INSERT INTO "api_flightseat" VALUES(4,'available',12.0,34,0,2,794);
INSERT INTO "api_flightseat" VALUES(4,'available',12.0,34,0,3,795);
INSERT INTO "api_flightseat" VALUES(4,'available',12.0,34,0,4,796);
INSERT INTO "api_flightseat" VALUES(4,'available',12.0,34,0,5,797);
INSERT INTO "api_flightseat" VALUES(4,'available',12.0,34,0,6,798);
INSERT INTO "api_flightseat" VALUES(4,'available',12.0,34,0,7,799);
INSERT INTO "api_flightseat" VALUES(4,'available',12.0,34,0,8,800);
INSERT INTO "api_flightseat" VALUES(5,'available',12.0,34,0,1,801);
INSERT INTO "api_flightseat" VALUES(5,'available',12.0,34,0,2,802);
INSERT INTO "api_flightseat" VALUES(5,'available',12.0,34,0,3,803);
INSERT INTO "api_flightseat" VALUES(5,'available',12.0,34,0,4,804);
INSERT INTO "api_flightseat" VALUES(5,'available',12.0,34,0,5,805);
INSERT INTO "api_flightseat" VALUES(5,'available',12.0,34,0,6,806);
INSERT INTO "api_flightseat" VALUES(5,'available',12.0,34,0,7,807);
INSERT INTO "api_flightseat" VALUES(5,'available',12.0,34,0,8,808);
INSERT INTO "api_flightseat" VALUES(6,'available',12.0,34,0,1,809);
INSERT INTO "api_flightseat" VALUES(6,'available',12.0,34,0,2,810);
INSERT INTO "api_flightseat" VALUES(6,'available',12.0,34,0,3,811);
INSERT INTO "api_flightseat" VALUES(6,'available',12.0,34,0,4,812);
INSERT INTO "api_flightseat" VALUES(6,'available',12.0,34,0,5,813);
INSERT INTO "api_flightseat" VALUES(6,'available',12.0,34,0,6,814);
INSERT INTO "api_flightseat" VALUES(6,'available',12.0,34,0,7,815);
INSERT INTO "api_flightseat" VALUES(6,'available',12.0,34,0,8,816);
INSERT INTO "api_flightseat" VALUES(7,'available',12.0,34,0,1,817);
INSERT INTO "api_flightseat" VALUES(7,'available',12.0,34,0,2,818);
INSERT INTO "api_flightseat" VALUES(7,'available',12.0,34,0,3,819);
INSERT INTO "api_flightseat" VALUES(7,'available',12.0,34,0,4,820);
INSERT INTO "api_flightseat" VALUES(7,'available',12.0,34,0,5,821);
INSERT INTO "api_flightseat" VALUES(7,'available',12.0,34,0,6,822);
INSERT INTO "api_flightseat" VALUES(7,'available',12.0,34,0,7,823);
INSERT INTO "api_flightseat" VALUES(7,'available',12.0,34,0,8,824);
INSERT INTO "api_flightseat" VALUES(8,'available',12.0,34,0,1,825);
INSERT INTO "api_flightseat" VALUES(8,'available',12.0,34,0,2,826);
INSERT INTO "api_flightseat" VALUES(8,'available',12.0,34,0,3,827);
INSERT INTO "api_flightseat" VALUES(8,'available',12.0,34,0,4,828);
INSERT INTO "api_flightseat" VALUES(8,'available',12.0,34,0,5,829);
INSERT INTO "api_flightseat" VALUES(8,'available',12.0,34,0,6,830);
INSERT INTO "api_flightseat" VALUES(8,'available',12.0,34,0,7,831);
INSERT INTO "api_flightseat" VALUES(8,'available',12.0,34,0,8,832);
INSERT INTO "api_flightseat" VALUES(9,'available',12.0,34,0,1,833);
INSERT INTO "api_flightseat" VALUES(9,'available',12.0,34,0,2,834);
INSERT INTO "api_flightseat" VALUES(9,'available',12.0,34,0,3,835);
INSERT INTO "api_flightseat" VALUES(9,'available',12.0,34,0,4,836);
INSERT INTO "api_flightseat" VALUES(9,'available',12.0,34,0,5,837);
INSERT INTO "api_flightseat" VALUES(9,'available',12.0,34,0,6,838);
INSERT INTO "api_flightseat" VALUES(9,'available',12.0,34,0,7,839);
INSERT INTO "api_flightseat" VALUES(9,'available',12.0,34,0,8,840);
INSERT INTO "api_flightseat" VALUES(10,'available',12.0,34,0,1,841);
INSERT INTO "api_flightseat" VALUES(10,'available',12.0,34,0,2,842);
INSERT INTO "api_flightseat" VALUES(10,'available',12.0,34,0,3,843);
INSERT INTO "api_flightseat" VALUES(10,'available',12.0,34,0,4,844);
INSERT INTO "api_flightseat" VALUES(10,'available',12.0,34,0,5,845);
INSERT INTO "api_flightseat" VALUES(10,'available',12.0,34,0,6,846);
INSERT INTO "api_flightseat" VALUES(10,'available',12.0,34,0,7,847);
INSERT INTO "api_flightseat" VALUES(10,'available',12.0,34,0,8,848);
INSERT INTO "api_flightseat" VALUES(11,'available',12.0,34,0,1,849);
INSERT INTO "api_flightseat" VALUES(11,'available',12.0,34,0,2,850);
INSERT INTO "api_flightseat" VALUES(11,'available',12.0,34,0,3,851);
INSERT INTO "api_flightseat" VALUES(11,'available',12.0,34,0,4,852);
INSERT INTO "api_flightseat" VALUES(11,'available',12.0,34,0,5,853);
INSERT INTO "api_flightseat" VALUES(11,'available',12.0,34,0,6,854);
INSERT INTO "api_flightseat" VALUES(11,'available',12.0,34,0,7,855);
INSERT INTO "api_flightseat" VALUES(11,'available',12.0,34,0,8,856);
INSERT INTO "api_flightseat" VALUES(12,'available',12.0,34,0,1,857);
INSERT INTO "api_flightseat" VALUES(12,'available',12.0,34,0,2,858);
INSERT INTO "api_flightseat" VALUES(12,'available',12.0,34,0,3,859);
INSERT INTO "api_flightseat" VALUES(12,'available',12.0,34,0,4,860);
INSERT INTO "api_flightseat" VALUES(12,'available',12.0,34,0,5,861);
INSERT INTO "api_flightseat" VALUES(12,'available',12.0,34,0,6,862);
INSERT INTO "api_flightseat" VALUES(12,'available',12.0,34,0,7,863);
INSERT INTO "api_flightseat" VALUES(12,'available',12.0,34,0,8,864);
INSERT INTO "api_flightseat" VALUES(13,'available',12.0,34,0,1,865);
INSERT INTO "api_flightseat" VALUES(13,'available',12.0,34,0,2,866);
INSERT INTO "api_flightseat" VALUES(13,'available',12.0,34,0,3,867);
INSERT INTO "api_flightseat" VALUES(13,'available',12.0,34,0,4,868);
INSERT INTO "api_flightseat" VALUES(13,'available',12.0,34,0,5,869);
INSERT INTO "api_flightseat" VALUES(13,'available',12.0,34,0,6,870);
INSERT INTO "api_flightseat" VALUES(13,'available',12.0,34,0,7,871);
INSERT INTO "api_flightseat" VALUES(13,'available',12.0,34,0,8,872);
INSERT INTO "api_flightseat" VALUES(14,'available',12.0,34,0,1,873);
INSERT INTO "api_flightseat" VALUES(14,'available',12.0,34,0,2,874);
INSERT INTO "api_flightseat" VALUES(14,'available',12.0,34,0,3,875);
INSERT INTO "api_flightseat" VALUES(14,'available',12.0,34,0,4,876);
INSERT INTO "api_flightseat" VALUES(14,'available',12.0,34,0,5,877);
INSERT INTO "api_flightseat" VALUES(14,'available',12.0,34,0,6,878);
INSERT INTO "api_flightseat" VALUES(14,'available',12.0,34,0,7,879);
INSERT INTO "api_flightseat" VALUES(14,'available',12.0,34,0,8,880);
INSERT INTO "api_flightseat" VALUES(15,'available',12.0,34,0,1,881);
INSERT INTO "api_flightseat" VALUES(15,'available',12.0,34,0,2,882);
INSERT INTO "api_flightseat" VALUES(15,'available',12.0,34,0,3,883);
INSERT INTO "api_flightseat" VALUES(15,'available',12.0,34,0,4,884);
INSERT INTO "api_flightseat" VALUES(15,'available',12.0,34,0,5,885);
INSERT INTO "api_flightseat" VALUES(15,'available',12.0,34,0,6,886);
INSERT INTO "api_flightseat" VALUES(15,'available',12.0,34,0,7,887);
INSERT INTO "api_flightseat" VALUES(15,'available',12.0,34,0,8,888);
CREATE UNIQUE INDEX "auth_group_permissions_group_id_permission_id_0cd325b0_uniq" ON "auth_group_permissions" ("group_id", "permission_id");
CREATE INDEX IF NOT EXISTS "auth_group_permissions_group_id_b120cbf9" ON "auth_group_permissions" ("group_id");
CREATE INDEX IF NOT EXISTS "auth_group_permissions_permission_id_84c5c92e" ON "auth_group_permissions" ("permission_id");
CREATE UNIQUE INDEX "auth_user_groups_user_id_group_id_94350c0c_uniq" ON "auth_user_groups" ("user_id", "group_id");
CREATE INDEX IF NOT EXISTS "auth_user_groups_user_id_6a12ed8b" ON "auth_user_groups" ("user_id");
CREATE INDEX IF NOT EXISTS "auth_user_groups_group_id_97559544" ON "auth_user_groups" ("group_id");
CREATE UNIQUE INDEX "auth_user_user_permissions_user_id_permission_id_14a6b632_uniq" ON "auth_user_user_permissions" ("user_id", "permission_id");
CREATE INDEX IF NOT EXISTS "auth_user_user_permissions_user_id_a95ead1b" ON "auth_user_user_permissions" ("user_id");
CREATE INDEX IF NOT EXISTS "auth_user_user_permissions_permission_id_1fbb5f2c" ON "auth_user_user_permissions" ("permission_id");
CREATE INDEX IF NOT EXISTS "django_admin_log_content_type_id_c4bce8eb" ON "django_admin_log" ("content_type_id");
CREATE INDEX IF NOT EXISTS "django_admin_log_user_id_c564eba6" ON "django_admin_log" ("user_id");
CREATE UNIQUE INDEX "django_content_type_app_label_model_76bd3d3b_uniq" ON "django_content_type" ("app_label", "model");
CREATE UNIQUE INDEX "auth_permission_content_type_id_codename_01ab375a_uniq" ON "auth_permission" ("content_type_id", "codename");
CREATE INDEX IF NOT EXISTS "auth_permission_content_type_id_2f476e4b" ON "auth_permission" ("content_type_id");
CREATE UNIQUE INDEX "api_user_groups_user_id_group_id_9c7ddfb5_uniq" ON "api_user_groups" ("user_id", "group_id");
CREATE INDEX IF NOT EXISTS "api_user_groups_user_id_a5ff39fa" ON "api_user_groups" ("user_id");
CREATE INDEX IF NOT EXISTS "api_user_groups_group_id_3af85785" ON "api_user_groups" ("group_id");
CREATE UNIQUE INDEX "api_user_user_permissions_user_id_permission_id_a06dd704_uniq" ON "api_user_user_permissions" ("user_id", "permission_id");
CREATE INDEX IF NOT EXISTS "api_user_user_permissions_user_id_f3945d65" ON "api_user_user_permissions" ("user_id");
CREATE INDEX IF NOT EXISTS "api_user_user_permissions_permission_id_305b7fea" ON "api_user_user_permissions" ("permission_id");
CREATE INDEX IF NOT EXISTS "django_session_expire_date_a5c62663" ON "django_session" ("expire_date");
CREATE INDEX IF NOT EXISTS "api_boardseat_board_id_c8b81e01" ON "api_boardseat" ("board_id");
CREATE INDEX IF NOT EXISTS "api_ticket_client_id_d04c22cf" ON "api_ticket" ("client_id");
CREATE INDEX IF NOT EXISTS "api_ticket_flight_seat_id_634dcb49" ON "api_ticket" ("flight_seat_id");
CREATE INDEX IF NOT EXISTS "api_airport_place_id_0a3400d0" ON "api_airport" ("place_id");
CREATE INDEX IF NOT EXISTS "api_board_model_id_f80a4023" ON "api_board" ("model_id");
CREATE INDEX IF NOT EXISTS "api_model_manufacturer_id_d978a9ae" ON "api_model" ("manufacturer_id");
CREATE INDEX IF NOT EXISTS "api_flight_board_id_723b5fc3" ON "api_flight" ("board_id");
CREATE INDEX IF NOT EXISTS "api_flight_arrival_airport_id_52080e3a" ON "api_flight" ("arrival_airport_id");
CREATE INDEX IF NOT EXISTS "api_flight_departure_airport_id_8d678b10" ON "api_flight" ("departure_airport_id");
CREATE INDEX IF NOT EXISTS "api_flightseat_flight_id_9bc0032c" ON "api_flightseat" ("flight_id");
CREATE TABLE IF NOT EXISTS "api_manufacturer" ("id" integer NOT NULL PRIMARY KEY AUTOINCREMENT, "name" varchar(100) NOT NULL, "is_deleted" bool NOT NULL);
INSERT INTO "api_manufacturer" VALUES(1,'Boeing',0);
INSERT INTO "api_manufacturer" VALUES(2,'Airbus',0);
INSERT INTO "api_manufacturer" VALUES(7,'SAAB',0);
CREATE UNIQUE INDEX "auth_group_permissions_group_id_permission_id_0cd325b0_uniq" ON "auth_group_permissions" ("group_id", "permission_id");
CREATE INDEX IF NOT EXISTS "auth_group_permissions_group_id_b120cbf9" ON "auth_group_permissions" ("group_id");
CREATE INDEX IF NOT EXISTS "auth_group_permissions_permission_id_84c5c92e" ON "auth_group_permissions" ("permission_id");
CREATE UNIQUE INDEX "auth_user_groups_user_id_group_id_94350c0c_uniq" ON "auth_user_groups" ("user_id", "group_id");
CREATE INDEX IF NOT EXISTS "auth_user_groups_user_id_6a12ed8b" ON "auth_user_groups" ("user_id");
CREATE INDEX IF NOT EXISTS "auth_user_groups_group_id_97559544" ON "auth_user_groups" ("group_id");
CREATE UNIQUE INDEX "auth_user_user_permissions_user_id_permission_id_14a6b632_uniq" ON "auth_user_user_permissions" ("user_id", "permission_id");
CREATE INDEX IF NOT EXISTS "auth_user_user_permissions_user_id_a95ead1b" ON "auth_user_user_permissions" ("user_id");
CREATE INDEX IF NOT EXISTS "auth_user_user_permissions_permission_id_1fbb5f2c" ON "auth_user_user_permissions" ("permission_id");
CREATE INDEX IF NOT EXISTS "django_admin_log_content_type_id_c4bce8eb" ON "django_admin_log" ("content_type_id");
CREATE INDEX IF NOT EXISTS "django_admin_log_user_id_c564eba6" ON "django_admin_log" ("user_id");
CREATE UNIQUE INDEX "django_content_type_app_label_model_76bd3d3b_uniq" ON "django_content_type" ("app_label", "model");
CREATE UNIQUE INDEX "auth_permission_content_type_id_codename_01ab375a_uniq" ON "auth_permission" ("content_type_id", "codename");
CREATE INDEX IF NOT EXISTS "auth_permission_content_type_id_2f476e4b" ON "auth_permission" ("content_type_id");
CREATE UNIQUE INDEX "api_user_groups_user_id_group_id_9c7ddfb5_uniq" ON "api_user_groups" ("user_id", "group_id");
CREATE INDEX IF NOT EXISTS "api_user_groups_user_id_a5ff39fa" ON "api_user_groups" ("user_id");
CREATE INDEX IF NOT EXISTS "api_user_groups_group_id_3af85785" ON "api_user_groups" ("group_id");
CREATE UNIQUE INDEX "api_user_user_permissions_user_id_permission_id_a06dd704_uniq" ON "api_user_user_permissions" ("user_id", "permission_id");
CREATE INDEX IF NOT EXISTS "api_user_user_permissions_user_id_f3945d65" ON "api_user_user_permissions" ("user_id");
CREATE INDEX IF NOT EXISTS "api_user_user_permissions_permission_id_305b7fea" ON "api_user_user_permissions" ("permission_id");
CREATE INDEX IF NOT EXISTS "django_session_expire_date_a5c62663" ON "django_session" ("expire_date");
CREATE INDEX IF NOT EXISTS "api_boardseat_board_id_c8b81e01" ON "api_boardseat" ("board_id");
CREATE INDEX IF NOT EXISTS "api_ticket_client_id_d04c22cf" ON "api_ticket" ("client_id");
CREATE INDEX IF NOT EXISTS "api_ticket_flight_seat_id_634dcb49" ON "api_ticket" ("flight_seat_id");
CREATE INDEX IF NOT EXISTS "api_airport_place_id_0a3400d0" ON "api_airport" ("place_id");
CREATE INDEX IF NOT EXISTS "api_board_model_id_f80a4023" ON "api_board" ("model_id");
CREATE INDEX IF NOT EXISTS "api_model_manufacturer_id_d978a9ae" ON "api_model" ("manufacturer_id");
CREATE INDEX IF NOT EXISTS "api_flight_board_id_723b5fc3" ON "api_flight" ("board_id");
CREATE INDEX IF NOT EXISTS "api_flight_arrival_airport_id_52080e3a" ON "api_flight" ("arrival_airport_id");
CREATE INDEX IF NOT EXISTS "api_flight_departure_airport_id_8d678b10" ON "api_flight" ("departure_airport_id");
CREATE INDEX IF NOT EXISTS "api_flightseat_flight_id_9bc0032c" ON "api_flightseat" ("flight_id");
CREATE TABLE IF NOT EXISTS "api_model" ("id" integer NOT NULL PRIMARY KEY AUTOINCREMENT, "name" varchar(100) NOT NULL, "is_deleted" bool NOT NULL, "manufacturer_id" bigint NULL REFERENCES "api_manufacturer" ("id") DEFERRABLE INITIALLY DEFERRED);
INSERT INTO "api_model" VALUES(1,'737',0,1);
INSERT INTO "api_model" VALUES(2,'767',0,1);
INSERT INTO "api_model" VALUES(3,'A380',0,2);
INSERT INTO "api_model" VALUES(4,'A320',0,2);
INSERT INTO "api_model" VALUES(5,'A320 Neo',0,2);
INSERT INTO "api_model" VALUES(6,'A321',0,2);
INSERT INTO "api_model" VALUES(7,'787',0,1);
INSERT INTO "api_model" VALUES(8,'A220',0,2);
INSERT INTO "api_model" VALUES(9,'747',0,1);
INSERT INTO "api_model" VALUES(10,'737 Max',0,1);
INSERT INTO "api_model" VALUES(11,'727',0,1);
CREATE UNIQUE INDEX "auth_group_permissions_group_id_permission_id_0cd325b0_uniq" ON "auth_group_permissions" ("group_id", "permission_id");
CREATE INDEX IF NOT EXISTS "auth_group_permissions_group_id_b120cbf9" ON "auth_group_permissions" ("group_id");
CREATE INDEX IF NOT EXISTS "auth_group_permissions_permission_id_84c5c92e" ON "auth_group_permissions" ("permission_id");
CREATE UNIQUE INDEX "auth_user_groups_user_id_group_id_94350c0c_uniq" ON "auth_user_groups" ("user_id", "group_id");
CREATE INDEX IF NOT EXISTS "auth_user_groups_user_id_6a12ed8b" ON "auth_user_groups" ("user_id");
CREATE INDEX IF NOT EXISTS "auth_user_groups_group_id_97559544" ON "auth_user_groups" ("group_id");
CREATE UNIQUE INDEX "auth_user_user_permissions_user_id_permission_id_14a6b632_uniq" ON "auth_user_user_permissions" ("user_id", "permission_id");
CREATE INDEX IF NOT EXISTS "auth_user_user_permissions_user_id_a95ead1b" ON "auth_user_user_permissions" ("user_id");
CREATE INDEX IF NOT EXISTS "auth_user_user_permissions_permission_id_1fbb5f2c" ON "auth_user_user_permissions" ("permission_id");
CREATE INDEX IF NOT EXISTS "django_admin_log_content_type_id_c4bce8eb" ON "django_admin_log" ("content_type_id");
CREATE INDEX IF NOT EXISTS "django_admin_log_user_id_c564eba6" ON "django_admin_log" ("user_id");
CREATE UNIQUE INDEX "django_content_type_app_label_model_76bd3d3b_uniq" ON "django_content_type" ("app_label", "model");
CREATE UNIQUE INDEX "auth_permission_content_type_id_codename_01ab375a_uniq" ON "auth_permission" ("content_type_id", "codename");
CREATE INDEX IF NOT EXISTS "auth_permission_content_type_id_2f476e4b" ON "auth_permission" ("content_type_id");
CREATE UNIQUE INDEX "api_user_groups_user_id_group_id_9c7ddfb5_uniq" ON "api_user_groups" ("user_id", "group_id");
CREATE INDEX IF NOT EXISTS "api_user_groups_user_id_a5ff39fa" ON "api_user_groups" ("user_id");
CREATE INDEX IF NOT EXISTS "api_user_groups_group_id_3af85785" ON "api_user_groups" ("group_id");
CREATE UNIQUE INDEX "api_user_user_permissions_user_id_permission_id_a06dd704_uniq" ON "api_user_user_permissions" ("user_id", "permission_id");
CREATE INDEX IF NOT EXISTS "api_user_user_permissions_user_id_f3945d65" ON "api_user_user_permissions" ("user_id");
CREATE INDEX IF NOT EXISTS "api_user_user_permissions_permission_id_305b7fea" ON "api_user_user_permissions" ("permission_id");
CREATE INDEX IF NOT EXISTS "django_session_expire_date_a5c62663" ON "django_session" ("expire_date");
CREATE INDEX IF NOT EXISTS "api_boardseat_board_id_c8b81e01" ON "api_boardseat" ("board_id");
CREATE INDEX IF NOT EXISTS "api_ticket_client_id_d04c22cf" ON "api_ticket" ("client_id");
CREATE INDEX IF NOT EXISTS "api_ticket_flight_seat_id_634dcb49" ON "api_ticket" ("flight_seat_id");
CREATE INDEX IF NOT EXISTS "api_airport_place_id_0a3400d0" ON "api_airport" ("place_id");
CREATE INDEX IF NOT EXISTS "api_board_model_id_f80a4023" ON "api_board" ("model_id");
CREATE INDEX IF NOT EXISTS "api_model_manufacturer_id_d978a9ae" ON "api_model" ("manufacturer_id");
CREATE INDEX IF NOT EXISTS "api_flight_board_id_723b5fc3" ON "api_flight" ("board_id");
CREATE INDEX IF NOT EXISTS "api_flight_arrival_airport_id_52080e3a" ON "api_flight" ("arrival_airport_id");
CREATE INDEX IF NOT EXISTS "api_flight_departure_airport_id_8d678b10" ON "api_flight" ("departure_airport_id");
CREATE INDEX IF NOT EXISTS "api_flightseat_flight_id_9bc0032c" ON "api_flightseat" ("flight_id");
CREATE TABLE IF NOT EXISTS "api_place" ("id" integer NOT NULL PRIMARY KEY AUTOINCREMENT, "name" varchar(100) NOT NULL, "latitude" decimal NOT NULL, "longitude" decimal NOT NULL, "is_deleted" bool NOT NULL);
INSERT INTO "api_place" VALUES(1,'Москва',55.7558,37.6173,0);
INSERT INTO "api_place" VALUES(2,'Санкт-петербург',59.9343,30.3351,0);
INSERT INTO "api_place" VALUES(3,'Нью-Йорк',40.7128,74.006,0);
INSERT INTO "api_place" VALUES(4,'Лондон',51.5074,0.1278,0);
INSERT INTO "api_place" VALUES(5,'Токио',35.6762,139.6503,0);
INSERT INTO "api_place" VALUES(6,'Париж',48.8566,2.3522,0);
INSERT INTO "api_place" VALUES(7,'Пекин',39.9042,116.4074,0);
CREATE UNIQUE INDEX "auth_group_permissions_group_id_permission_id_0cd325b0_uniq" ON "auth_group_permissions" ("group_id", "permission_id");
CREATE INDEX IF NOT EXISTS "auth_group_permissions_group_id_b120cbf9" ON "auth_group_permissions" ("group_id");
CREATE INDEX IF NOT EXISTS "auth_group_permissions_permission_id_84c5c92e" ON "auth_group_permissions" ("permission_id");
CREATE UNIQUE INDEX "auth_user_groups_user_id_group_id_94350c0c_uniq" ON "auth_user_groups" ("user_id", "group_id");
CREATE INDEX IF NOT EXISTS "auth_user_groups_user_id_6a12ed8b" ON "auth_user_groups" ("user_id");
CREATE INDEX IF NOT EXISTS "auth_user_groups_group_id_97559544" ON "auth_user_groups" ("group_id");
CREATE UNIQUE INDEX "auth_user_user_permissions_user_id_permission_id_14a6b632_uniq" ON "auth_user_user_permissions" ("user_id", "permission_id");
CREATE INDEX IF NOT EXISTS "auth_user_user_permissions_user_id_a95ead1b" ON "auth_user_user_permissions" ("user_id");
CREATE INDEX IF NOT EXISTS "auth_user_user_permissions_permission_id_1fbb5f2c" ON "auth_user_user_permissions" ("permission_id");
CREATE INDEX IF NOT EXISTS "django_admin_log_content_type_id_c4bce8eb" ON "django_admin_log" ("content_type_id");
CREATE INDEX IF NOT EXISTS "django_admin_log_user_id_c564eba6" ON "django_admin_log" ("user_id");
CREATE UNIQUE INDEX "django_content_type_app_label_model_76bd3d3b_uniq" ON "django_content_type" ("app_label", "model");
CREATE UNIQUE INDEX "auth_permission_content_type_id_codename_01ab375a_uniq" ON "auth_permission" ("content_type_id", "codename");
CREATE INDEX IF NOT EXISTS "auth_permission_content_type_id_2f476e4b" ON "auth_permission" ("content_type_id");
CREATE UNIQUE INDEX "api_user_groups_user_id_group_id_9c7ddfb5_uniq" ON "api_user_groups" ("user_id", "group_id");
CREATE INDEX IF NOT EXISTS "api_user_groups_user_id_a5ff39fa" ON "api_user_groups" ("user_id");
CREATE INDEX IF NOT EXISTS "api_user_groups_group_id_3af85785" ON "api_user_groups" ("group_id");
CREATE UNIQUE INDEX "api_user_user_permissions_user_id_permission_id_a06dd704_uniq" ON "api_user_user_permissions" ("user_id", "permission_id");
CREATE INDEX IF NOT EXISTS "api_user_user_permissions_user_id_f3945d65" ON "api_user_user_permissions" ("user_id");
CREATE INDEX IF NOT EXISTS "api_user_user_permissions_permission_id_305b7fea" ON "api_user_user_permissions" ("permission_id");
CREATE INDEX IF NOT EXISTS "django_session_expire_date_a5c62663" ON "django_session" ("expire_date");
CREATE INDEX IF NOT EXISTS "api_boardseat_board_id_c8b81e01" ON "api_boardseat" ("board_id");
CREATE INDEX IF NOT EXISTS "api_ticket_client_id_d04c22cf" ON "api_ticket" ("client_id");
CREATE INDEX IF NOT EXISTS "api_ticket_flight_seat_id_634dcb49" ON "api_ticket" ("flight_seat_id");
CREATE INDEX IF NOT EXISTS "api_airport_place_id_0a3400d0" ON "api_airport" ("place_id");
CREATE INDEX IF NOT EXISTS "api_board_model_id_f80a4023" ON "api_board" ("model_id");
CREATE INDEX IF NOT EXISTS "api_model_manufacturer_id_d978a9ae" ON "api_model" ("manufacturer_id");
CREATE INDEX IF NOT EXISTS "api_flight_board_id_723b5fc3" ON "api_flight" ("board_id");
CREATE INDEX IF NOT EXISTS "api_flight_arrival_airport_id_52080e3a" ON "api_flight" ("arrival_airport_id");
CREATE INDEX IF NOT EXISTS "api_flight_departure_airport_id_8d678b10" ON "api_flight" ("departure_airport_id");
CREATE INDEX IF NOT EXISTS "api_flightseat_flight_id_9bc0032c" ON "api_flightseat" ("flight_id");
CREATE TABLE IF NOT EXISTS "api_ticket" ("id" integer NOT NULL PRIMARY KEY AUTOINCREMENT, "client_id" bigint NOT NULL REFERENCES "api_client" ("id") DEFERRABLE INITIALLY DEFERRED, "flight_seat_id" bigint NOT NULL REFERENCES "api_flightseat" ("id") DEFERRABLE INITIALLY DEFERRED, "is_deleted" bool NOT NULL, "is_canceled" bool NOT NULL, "is_paid" bool NOT NULL);
INSERT INTO "api_ticket" VALUES(2,1,313,0,0,0);
INSERT INTO "api_ticket" VALUES(3,1,313,0,0,0);
INSERT INTO "api_ticket" VALUES(4,1,769,0,0,0);
INSERT INTO "api_ticket" VALUES(5,1,469,0,0,0);
INSERT INTO "api_ticket" VALUES(6,1,470,0,1,0);
INSERT INTO "api_ticket" VALUES(7,1,607,0,0,0);
INSERT INTO "api_ticket" VALUES(8,1,778,0,1,0);
INSERT INTO "api_ticket" VALUES(9,4,471,0,1,0);
CREATE UNIQUE INDEX "auth_group_permissions_group_id_permission_id_0cd325b0_uniq" ON "auth_group_permissions" ("group_id", "permission_id");
CREATE INDEX IF NOT EXISTS "auth_group_permissions_group_id_b120cbf9" ON "auth_group_permissions" ("group_id");
CREATE INDEX IF NOT EXISTS "auth_group_permissions_permission_id_84c5c92e" ON "auth_group_permissions" ("permission_id");
CREATE UNIQUE INDEX "auth_user_groups_user_id_group_id_94350c0c_uniq" ON "auth_user_groups" ("user_id", "group_id");
CREATE INDEX IF NOT EXISTS "auth_user_groups_user_id_6a12ed8b" ON "auth_user_groups" ("user_id");
CREATE INDEX IF NOT EXISTS "auth_user_groups_group_id_97559544" ON "auth_user_groups" ("group_id");
CREATE UNIQUE INDEX "auth_user_user_permissions_user_id_permission_id_14a6b632_uniq" ON "auth_user_user_permissions" ("user_id", "permission_id");
CREATE INDEX IF NOT EXISTS "auth_user_user_permissions_user_id_a95ead1b" ON "auth_user_user_permissions" ("user_id");
CREATE INDEX IF NOT EXISTS "auth_user_user_permissions_permission_id_1fbb5f2c" ON "auth_user_user_permissions" ("permission_id");
CREATE INDEX IF NOT EXISTS "django_admin_log_content_type_id_c4bce8eb" ON "django_admin_log" ("content_type_id");
CREATE INDEX IF NOT EXISTS "django_admin_log_user_id_c564eba6" ON "django_admin_log" ("user_id");
CREATE UNIQUE INDEX "django_content_type_app_label_model_76bd3d3b_uniq" ON "django_content_type" ("app_label", "model");
CREATE UNIQUE INDEX "auth_permission_content_type_id_codename_01ab375a_uniq" ON "auth_permission" ("content_type_id", "codename");
CREATE INDEX IF NOT EXISTS "auth_permission_content_type_id_2f476e4b" ON "auth_permission" ("content_type_id");
CREATE UNIQUE INDEX "api_user_groups_user_id_group_id_9c7ddfb5_uniq" ON "api_user_groups" ("user_id", "group_id");
CREATE INDEX IF NOT EXISTS "api_user_groups_user_id_a5ff39fa" ON "api_user_groups" ("user_id");
CREATE INDEX IF NOT EXISTS "api_user_groups_group_id_3af85785" ON "api_user_groups" ("group_id");
CREATE UNIQUE INDEX "api_user_user_permissions_user_id_permission_id_a06dd704_uniq" ON "api_user_user_permissions" ("user_id", "permission_id");
CREATE INDEX IF NOT EXISTS "api_user_user_permissions_user_id_f3945d65" ON "api_user_user_permissions" ("user_id");
CREATE INDEX IF NOT EXISTS "api_user_user_permissions_permission_id_305b7fea" ON "api_user_user_permissions" ("permission_id");
CREATE INDEX IF NOT EXISTS "django_session_expire_date_a5c62663" ON "django_session" ("expire_date");
CREATE INDEX IF NOT EXISTS "api_boardseat_board_id_c8b81e01" ON "api_boardseat" ("board_id");
CREATE INDEX IF NOT EXISTS "api_ticket_client_id_d04c22cf" ON "api_ticket" ("client_id");
CREATE INDEX IF NOT EXISTS "api_ticket_flight_seat_id_634dcb49" ON "api_ticket" ("flight_seat_id");
CREATE INDEX IF NOT EXISTS "api_airport_place_id_0a3400d0" ON "api_airport" ("place_id");
CREATE INDEX IF NOT EXISTS "api_board_model_id_f80a4023" ON "api_board" ("model_id");
CREATE INDEX IF NOT EXISTS "api_model_manufacturer_id_d978a9ae" ON "api_model" ("manufacturer_id");
CREATE INDEX IF NOT EXISTS "api_flight_board_id_723b5fc3" ON "api_flight" ("board_id");
CREATE INDEX IF NOT EXISTS "api_flight_arrival_airport_id_52080e3a" ON "api_flight" ("arrival_airport_id");
CREATE INDEX IF NOT EXISTS "api_flight_departure_airport_id_8d678b10" ON "api_flight" ("departure_airport_id");
CREATE INDEX IF NOT EXISTS "api_flightseat_flight_id_9bc0032c" ON "api_flightseat" ("flight_id");
CREATE TABLE IF NOT EXISTS "api_user" ("id" integer NOT NULL PRIMARY KEY AUTOINCREMENT, "last_login" datetime NULL, "is_superuser" bool NOT NULL, "login" varchar(12) NOT NULL UNIQUE, "role" varchar(20) NOT NULL, "is_active" bool NOT NULL, "is_staff" bool NOT NULL, "accent_color" varchar(7) NOT NULL, "is_dark_theme" bool NOT NULL, "is_transparent" bool NOT NULL, "password" varchar(128) NOT NULL, "first_name" text NULL, "last_name" text NULL, "middle_name" text NULL);
INSERT INTO "api_user" VALUES(1,'2024-12-09 03:56:47.306951',1,'pihta','admin',1,0,'#d600af',1,0,'pbkdf2_sha256$870000$qdzOQgrCgfA1vnAiAujHrT$Hr/qigQ47QZ238fKYC1mHwh23ezzpf0PsCMQrE/HQew=','gAAAAABnVl6iRulJ-MtzW14D4ygsV1ibW12gjCCdV0wzQIEkjSuIhi4ymr5LVJWAJFgbt-LwGSU7kUwy8yEAcPgUmtKw6UPdTQ==','gAAAAABnVl6ifyjghz71a26gTMdQ1DNEVtHEX5RDmTah2Y62B0ADstA5vLDZIItC_X-W1URv57JAliy8jtJqFta8BQrd9Jqtkg==','gAAAAABnVl6ind3Y9sWmPLIrEDBYzXh4eZ4YQj3v_Fg-kWUqZymntECPpTuSl9roqiWO5Zr23pCFLm0hOp6_DBX039yCZ6Gbog==');
INSERT INTO "api_user" VALUES(5,NULL,0,'pihta321','client',1,0,'#7d0e85',0,0,'pbkdf2_sha256$870000$pl7vWOckd5lgmms96D8Rjz$XbTShF9vvS2QTaRkfwHOPXZIZDquCi5yBZr+L4+KQ/k=',NULL,NULL,NULL);
INSERT INTO "api_user" VALUES(10,'2024-12-02 21:19:52.761531',0,'sakura','client',1,0,'#8d3493',1,1,'pbkdf2_sha256$870000$cK6pvA2hiILNq4oaJ2Ozrh$8Jt1Ls94sB1n6DYmS9RqwMuU8DqtbxNxq9EPpOvYYwA=',NULL,NULL,NULL);
INSERT INTO "api_user" VALUES(11,NULL,0,'inactive','client',1,0,'#7d0e85',0,0,'pbkdf2_sha256$870000$5XWNQInKVMLZElEiRe6OUB$CVZKhDh7Q0vOyS24Yjpl3NjfiBqYM5HpGr9Q8iNA5ag=',NULL,NULL,NULL);
INSERT INTO "api_user" VALUES(12,NULL,0,'pihta2','',1,0,'#7d0e85',0,0,'pbkdf2_sha256$870000$N9J75CBvy5UugMpPLuDnSa$yd8ARGH7HzXHfXHrTlu7zzvst+lycpK+sTEZqGnF3sY=','gAAAAABnVlJYyqh-ncCta6Nzo0h9nFVO08qB15q9HhfzbjEGhaOIvs8ehEvGNZBJdh28miuHjlX2gA9yrQ9vspv3zrzDFC2ROw==','gAAAAABnVlJYu7BEeLqB0teug0ZOBmJy9LVxzuggDbY1ffPEd4NR4eGFtMKvBCTOp1uBDBCwATknmf1oql3YN8FKPm9vKxz9YyVEY1FeLYZpKuCqlIWFQZ4=',NULL);
INSERT INTO "api_user" VALUES(13,'2024-12-09 02:14:28.869387',0,'pihta3','',1,0,'#7d0e85',0,0,'pbkdf2_sha256$870000$DcWZ0tXSGgbroexqpgO9IO$TJuU3ZmWSH53Jfz+RDiKw2oupKxNIVbxYeg+JSlIuxE=','gAAAAABnVlJ_8O1AMAJihAdSST4tAaXHqamTDm-t3imKEmg2F9qny04N7ZWgmKS5hnD2hO6p3wXhkekI4QdSYx-8uN7ukjDC9A==','gAAAAABnVlJ_awxwqhdN4AHIdg2JrzS7PSqitH3mp6RkOPjrbDuT1HGpPOUNrX06YtVaodjS4EpWJntoNgyl_hj3F1t6vBs-kgob4pBFlK213PsAHcu1eMk=',NULL);
INSERT INTO "api_user" VALUES(14,'2024-12-09 03:06:44.810436',0,'client','client',1,0,'#7d0e85',1,0,'pbkdf2_sha256$870000$gbcMhdgpomN4K1H89NVRld$0E5Jjyl6qda4CF4exjh2v1V0HNoS8CQP+vBK4iTF5QM=','gAAAAABnVluedkEG9BaXG0_MGS0d2ZEP8qOXYbSXhzOfZcwJaVk1iHxD38C8g52OOFzA77YN4l2eC-PQWJYgbrb1Nweu5k3ggw==','gAAAAABnVlueDBwCvMwqgPCCwmqCrTUsMart3YSottBP9re1NOI7XcMKplavjsNvLUW_7DQ8Jo-rbs4_A6zCuoDLDUrvCs-Qyw==','gAAAAABnVluehj5ZOwzbssDtp_O4gQEBxWXjXris3ynWSNCnql-W55Umyqi0rza5rqjPfYMPYcX6siGRSPzMd0-QOKsk438Neg==');
INSERT INTO "api_user" VALUES(15,'2024-12-09 03:08:42.632694',0,'board','board',1,0,'#7d0e85',0,0,'pbkdf2_sha256$870000$zrNptBwj7h1pZR5lj6ErPU$KdixYk/KUcavV4rcVLnq4yoMJD/+DAJXNGDI9qDMY9M=','gAAAAABnVl81Mh2Cnw6fwAKphVbUBexUDwRm5QEuIyEvnAz1iAC2AbNfUZqM99HWvnh_J4eNumzFeLZLiUiLf3ahAvcq2ewoRA==','gAAAAABnVl81Kdi7BRS6MAawzqltWrhO2UciTiEj5Q7EGqkXu10A5XWrOnzOClQHZQ-npGkHbEpNsGb1NqmQvODuEhIYzGAvZA==','gAAAAABnVl81Tfc-_5hFDiu7fHA3hMAMbkCzfu4JjQJNZCC8SO3h-A3jp2N93dpY6JuCOMJEkYWvEpjj2-17-7ilGOVyieJ2OQ==');
INSERT INTO "api_user" VALUES(16,'2024-12-09 03:10:44.771247',0,'flight','flight',1,0,'#7d0e85',0,0,'pbkdf2_sha256$870000$pUEVgxtOSucQPfT5X1jlZk$8XNp9431FtXvBd26D+TMbpcxmeLfTM9y1JaB9HD44PA=','gAAAAABnVl-w2HXrV7mVTNZ37BUvEJHKW4dirAkC2sUMnx-TTfTkUPmJwN-DbGltpH1w2Sc3m3JWCvqOm2Aozx_aL_u8czkQIg==','gAAAAABnVl-w9ZoDR4jm822uZeLxeRPrmHi9VvplzRy7nYq28f9R4v1GHfDzuTLLq8Y8_aYyuAq6jZgF-q_LVcq0khrz5TKZWg==','gAAAAABnVl-wvH8Arle2gk866nZf9sUZC3Wjup63okpW80cgZkLwX7ALPQm4EMACHQpi0wEtOrKQxJiJGGZNWCmzSvr2hJDX9A==');
CREATE UNIQUE INDEX "auth_group_permissions_group_id_permission_id_0cd325b0_uniq" ON "auth_group_permissions" ("group_id", "permission_id");
CREATE INDEX IF NOT EXISTS "auth_group_permissions_group_id_b120cbf9" ON "auth_group_permissions" ("group_id");
CREATE INDEX IF NOT EXISTS "auth_group_permissions_permission_id_84c5c92e" ON "auth_group_permissions" ("permission_id");
CREATE UNIQUE INDEX "auth_user_groups_user_id_group_id_94350c0c_uniq" ON "auth_user_groups" ("user_id", "group_id");
CREATE INDEX IF NOT EXISTS "auth_user_groups_user_id_6a12ed8b" ON "auth_user_groups" ("user_id");
CREATE INDEX IF NOT EXISTS "auth_user_groups_group_id_97559544" ON "auth_user_groups" ("group_id");
CREATE UNIQUE INDEX "auth_user_user_permissions_user_id_permission_id_14a6b632_uniq" ON "auth_user_user_permissions" ("user_id", "permission_id");
CREATE INDEX IF NOT EXISTS "auth_user_user_permissions_user_id_a95ead1b" ON "auth_user_user_permissions" ("user_id");
CREATE INDEX IF NOT EXISTS "auth_user_user_permissions_permission_id_1fbb5f2c" ON "auth_user_user_permissions" ("permission_id");
CREATE INDEX IF NOT EXISTS "django_admin_log_content_type_id_c4bce8eb" ON "django_admin_log" ("content_type_id");
CREATE INDEX IF NOT EXISTS "django_admin_log_user_id_c564eba6" ON "django_admin_log" ("user_id");
CREATE UNIQUE INDEX "django_content_type_app_label_model_76bd3d3b_uniq" ON "django_content_type" ("app_label", "model");
CREATE UNIQUE INDEX "auth_permission_content_type_id_codename_01ab375a_uniq" ON "auth_permission" ("content_type_id", "codename");
CREATE INDEX IF NOT EXISTS "auth_permission_content_type_id_2f476e4b" ON "auth_permission" ("content_type_id");
CREATE UNIQUE INDEX "api_user_groups_user_id_group_id_9c7ddfb5_uniq" ON "api_user_groups" ("user_id", "group_id");
CREATE INDEX IF NOT EXISTS "api_user_groups_user_id_a5ff39fa" ON "api_user_groups" ("user_id");
CREATE INDEX IF NOT EXISTS "api_user_groups_group_id_3af85785" ON "api_user_groups" ("group_id");
CREATE UNIQUE INDEX "api_user_user_permissions_user_id_permission_id_a06dd704_uniq" ON "api_user_user_permissions" ("user_id", "permission_id");
CREATE INDEX IF NOT EXISTS "api_user_user_permissions_user_id_f3945d65" ON "api_user_user_permissions" ("user_id");
CREATE INDEX IF NOT EXISTS "api_user_user_permissions_permission_id_305b7fea" ON "api_user_user_permissions" ("permission_id");
CREATE INDEX IF NOT EXISTS "django_session_expire_date_a5c62663" ON "django_session" ("expire_date");
CREATE INDEX IF NOT EXISTS "api_boardseat_board_id_c8b81e01" ON "api_boardseat" ("board_id");
CREATE INDEX IF NOT EXISTS "api_ticket_client_id_d04c22cf" ON "api_ticket" ("client_id");
CREATE INDEX IF NOT EXISTS "api_ticket_flight_seat_id_634dcb49" ON "api_ticket" ("flight_seat_id");
CREATE INDEX IF NOT EXISTS "api_airport_place_id_0a3400d0" ON "api_airport" ("place_id");
CREATE INDEX IF NOT EXISTS "api_board_model_id_f80a4023" ON "api_board" ("model_id");
CREATE INDEX IF NOT EXISTS "api_model_manufacturer_id_d978a9ae" ON "api_model" ("manufacturer_id");
CREATE INDEX IF NOT EXISTS "api_flight_board_id_723b5fc3" ON "api_flight" ("board_id");
CREATE INDEX IF NOT EXISTS "api_flight_arrival_airport_id_52080e3a" ON "api_flight" ("arrival_airport_id");
CREATE INDEX IF NOT EXISTS "api_flight_departure_airport_id_8d678b10" ON "api_flight" ("departure_airport_id");
CREATE INDEX IF NOT EXISTS "api_flightseat_flight_id_9bc0032c" ON "api_flightseat" ("flight_id");
CREATE TABLE IF NOT EXISTS "api_user_groups" ("id" integer NOT NULL PRIMARY KEY AUTOINCREMENT, "user_id" bigint NOT NULL REFERENCES "api_user" ("id") DEFERRABLE INITIALLY DEFERRED, "group_id" integer NOT NULL REFERENCES "auth_group" ("id") DEFERRABLE INITIALLY DEFERRED);
CREATE UNIQUE INDEX "auth_group_permissions_group_id_permission_id_0cd325b0_uniq" ON "auth_group_permissions" ("group_id", "permission_id");
CREATE INDEX IF NOT EXISTS "auth_group_permissions_group_id_b120cbf9" ON "auth_group_permissions" ("group_id");
CREATE INDEX IF NOT EXISTS "auth_group_permissions_permission_id_84c5c92e" ON "auth_group_permissions" ("permission_id");
CREATE UNIQUE INDEX "auth_user_groups_user_id_group_id_94350c0c_uniq" ON "auth_user_groups" ("user_id", "group_id");
CREATE INDEX IF NOT EXISTS "auth_user_groups_user_id_6a12ed8b" ON "auth_user_groups" ("user_id");
CREATE INDEX IF NOT EXISTS "auth_user_groups_group_id_97559544" ON "auth_user_groups" ("group_id");
CREATE UNIQUE INDEX "auth_user_user_permissions_user_id_permission_id_14a6b632_uniq" ON "auth_user_user_permissions" ("user_id", "permission_id");
CREATE INDEX IF NOT EXISTS "auth_user_user_permissions_user_id_a95ead1b" ON "auth_user_user_permissions" ("user_id");
CREATE INDEX IF NOT EXISTS "auth_user_user_permissions_permission_id_1fbb5f2c" ON "auth_user_user_permissions" ("permission_id");
CREATE INDEX IF NOT EXISTS "django_admin_log_content_type_id_c4bce8eb" ON "django_admin_log" ("content_type_id");
CREATE INDEX IF NOT EXISTS "django_admin_log_user_id_c564eba6" ON "django_admin_log" ("user_id");
CREATE UNIQUE INDEX "django_content_type_app_label_model_76bd3d3b_uniq" ON "django_content_type" ("app_label", "model");
CREATE UNIQUE INDEX "auth_permission_content_type_id_codename_01ab375a_uniq" ON "auth_permission" ("content_type_id", "codename");
CREATE INDEX IF NOT EXISTS "auth_permission_content_type_id_2f476e4b" ON "auth_permission" ("content_type_id");
CREATE UNIQUE INDEX "api_user_groups_user_id_group_id_9c7ddfb5_uniq" ON "api_user_groups" ("user_id", "group_id");
CREATE INDEX IF NOT EXISTS "api_user_groups_user_id_a5ff39fa" ON "api_user_groups" ("user_id");
CREATE INDEX IF NOT EXISTS "api_user_groups_group_id_3af85785" ON "api_user_groups" ("group_id");
CREATE UNIQUE INDEX "api_user_user_permissions_user_id_permission_id_a06dd704_uniq" ON "api_user_user_permissions" ("user_id", "permission_id");
CREATE INDEX IF NOT EXISTS "api_user_user_permissions_user_id_f3945d65" ON "api_user_user_permissions" ("user_id");
CREATE INDEX IF NOT EXISTS "api_user_user_permissions_permission_id_305b7fea" ON "api_user_user_permissions" ("permission_id");
CREATE INDEX IF NOT EXISTS "django_session_expire_date_a5c62663" ON "django_session" ("expire_date");
CREATE INDEX IF NOT EXISTS "api_boardseat_board_id_c8b81e01" ON "api_boardseat" ("board_id");
CREATE INDEX IF NOT EXISTS "api_ticket_client_id_d04c22cf" ON "api_ticket" ("client_id");
CREATE INDEX IF NOT EXISTS "api_ticket_flight_seat_id_634dcb49" ON "api_ticket" ("flight_seat_id");
CREATE INDEX IF NOT EXISTS "api_airport_place_id_0a3400d0" ON "api_airport" ("place_id");
CREATE INDEX IF NOT EXISTS "api_board_model_id_f80a4023" ON "api_board" ("model_id");
CREATE INDEX IF NOT EXISTS "api_model_manufacturer_id_d978a9ae" ON "api_model" ("manufacturer_id");
CREATE INDEX IF NOT EXISTS "api_flight_board_id_723b5fc3" ON "api_flight" ("board_id");
CREATE INDEX IF NOT EXISTS "api_flight_arrival_airport_id_52080e3a" ON "api_flight" ("arrival_airport_id");
CREATE INDEX IF NOT EXISTS "api_flight_departure_airport_id_8d678b10" ON "api_flight" ("departure_airport_id");
CREATE INDEX IF NOT EXISTS "api_flightseat_flight_id_9bc0032c" ON "api_flightseat" ("flight_id");
CREATE TABLE IF NOT EXISTS "api_user_user_permissions" ("id" integer NOT NULL PRIMARY KEY AUTOINCREMENT, "user_id" bigint NOT NULL REFERENCES "api_user" ("id") DEFERRABLE INITIALLY DEFERRED, "permission_id" integer NOT NULL REFERENCES "auth_permission" ("id") DEFERRABLE INITIALLY DEFERRED);
CREATE UNIQUE INDEX "auth_group_permissions_group_id_permission_id_0cd325b0_uniq" ON "auth_group_permissions" ("group_id", "permission_id");
CREATE INDEX IF NOT EXISTS "auth_group_permissions_group_id_b120cbf9" ON "auth_group_permissions" ("group_id");
CREATE INDEX IF NOT EXISTS "auth_group_permissions_permission_id_84c5c92e" ON "auth_group_permissions" ("permission_id");
CREATE UNIQUE INDEX "auth_user_groups_user_id_group_id_94350c0c_uniq" ON "auth_user_groups" ("user_id", "group_id");
CREATE INDEX IF NOT EXISTS "auth_user_groups_user_id_6a12ed8b" ON "auth_user_groups" ("user_id");
CREATE INDEX IF NOT EXISTS "auth_user_groups_group_id_97559544" ON "auth_user_groups" ("group_id");
CREATE UNIQUE INDEX "auth_user_user_permissions_user_id_permission_id_14a6b632_uniq" ON "auth_user_user_permissions" ("user_id", "permission_id");
CREATE INDEX IF NOT EXISTS "auth_user_user_permissions_user_id_a95ead1b" ON "auth_user_user_permissions" ("user_id");
CREATE INDEX IF NOT EXISTS "auth_user_user_permissions_permission_id_1fbb5f2c" ON "auth_user_user_permissions" ("permission_id");
CREATE INDEX IF NOT EXISTS "django_admin_log_content_type_id_c4bce8eb" ON "django_admin_log" ("content_type_id");
CREATE INDEX IF NOT EXISTS "django_admin_log_user_id_c564eba6" ON "django_admin_log" ("user_id");
CREATE UNIQUE INDEX "django_content_type_app_label_model_76bd3d3b_uniq" ON "django_content_type" ("app_label", "model");
CREATE UNIQUE INDEX "auth_permission_content_type_id_codename_01ab375a_uniq" ON "auth_permission" ("content_type_id", "codename");
CREATE INDEX IF NOT EXISTS "auth_permission_content_type_id_2f476e4b" ON "auth_permission" ("content_type_id");
CREATE UNIQUE INDEX "api_user_groups_user_id_group_id_9c7ddfb5_uniq" ON "api_user_groups" ("user_id", "group_id");
CREATE INDEX IF NOT EXISTS "api_user_groups_user_id_a5ff39fa" ON "api_user_groups" ("user_id");
CREATE INDEX IF NOT EXISTS "api_user_groups_group_id_3af85785" ON "api_user_groups" ("group_id");
CREATE UNIQUE INDEX "api_user_user_permissions_user_id_permission_id_a06dd704_uniq" ON "api_user_user_permissions" ("user_id", "permission_id");
CREATE INDEX IF NOT EXISTS "api_user_user_permissions_user_id_f3945d65" ON "api_user_user_permissions" ("user_id");
CREATE INDEX IF NOT EXISTS "api_user_user_permissions_permission_id_305b7fea" ON "api_user_user_permissions" ("permission_id");
CREATE INDEX IF NOT EXISTS "django_session_expire_date_a5c62663" ON "django_session" ("expire_date");
CREATE INDEX IF NOT EXISTS "api_boardseat_board_id_c8b81e01" ON "api_boardseat" ("board_id");
CREATE INDEX IF NOT EXISTS "api_ticket_client_id_d04c22cf" ON "api_ticket" ("client_id");
CREATE INDEX IF NOT EXISTS "api_ticket_flight_seat_id_634dcb49" ON "api_ticket" ("flight_seat_id");
CREATE INDEX IF NOT EXISTS "api_airport_place_id_0a3400d0" ON "api_airport" ("place_id");
CREATE INDEX IF NOT EXISTS "api_board_model_id_f80a4023" ON "api_board" ("model_id");
CREATE INDEX IF NOT EXISTS "api_model_manufacturer_id_d978a9ae" ON "api_model" ("manufacturer_id");
CREATE INDEX IF NOT EXISTS "api_flight_board_id_723b5fc3" ON "api_flight" ("board_id");
CREATE INDEX IF NOT EXISTS "api_flight_arrival_airport_id_52080e3a" ON "api_flight" ("arrival_airport_id");
CREATE INDEX IF NOT EXISTS "api_flight_departure_airport_id_8d678b10" ON "api_flight" ("departure_airport_id");
CREATE INDEX IF NOT EXISTS "api_flightseat_flight_id_9bc0032c" ON "api_flightseat" ("flight_id");
CREATE TABLE IF NOT EXISTS "auth_group" ("id" integer NOT NULL PRIMARY KEY AUTOINCREMENT, "name" varchar(150) NOT NULL UNIQUE);
CREATE UNIQUE INDEX "auth_group_permissions_group_id_permission_id_0cd325b0_uniq" ON "auth_group_permissions" ("group_id", "permission_id");
CREATE INDEX IF NOT EXISTS "auth_group_permissions_group_id_b120cbf9" ON "auth_group_permissions" ("group_id");
CREATE INDEX IF NOT EXISTS "auth_group_permissions_permission_id_84c5c92e" ON "auth_group_permissions" ("permission_id");
CREATE UNIQUE INDEX "auth_user_groups_user_id_group_id_94350c0c_uniq" ON "auth_user_groups" ("user_id", "group_id");
CREATE INDEX IF NOT EXISTS "auth_user_groups_user_id_6a12ed8b" ON "auth_user_groups" ("user_id");
CREATE INDEX IF NOT EXISTS "auth_user_groups_group_id_97559544" ON "auth_user_groups" ("group_id");
CREATE UNIQUE INDEX "auth_user_user_permissions_user_id_permission_id_14a6b632_uniq" ON "auth_user_user_permissions" ("user_id", "permission_id");
CREATE INDEX IF NOT EXISTS "auth_user_user_permissions_user_id_a95ead1b" ON "auth_user_user_permissions" ("user_id");
CREATE INDEX IF NOT EXISTS "auth_user_user_permissions_permission_id_1fbb5f2c" ON "auth_user_user_permissions" ("permission_id");
CREATE INDEX IF NOT EXISTS "django_admin_log_content_type_id_c4bce8eb" ON "django_admin_log" ("content_type_id");
CREATE INDEX IF NOT EXISTS "django_admin_log_user_id_c564eba6" ON "django_admin_log" ("user_id");
CREATE UNIQUE INDEX "django_content_type_app_label_model_76bd3d3b_uniq" ON "django_content_type" ("app_label", "model");
CREATE UNIQUE INDEX "auth_permission_content_type_id_codename_01ab375a_uniq" ON "auth_permission" ("content_type_id", "codename");
CREATE INDEX IF NOT EXISTS "auth_permission_content_type_id_2f476e4b" ON "auth_permission" ("content_type_id");
CREATE UNIQUE INDEX "api_user_groups_user_id_group_id_9c7ddfb5_uniq" ON "api_user_groups" ("user_id", "group_id");
CREATE INDEX IF NOT EXISTS "api_user_groups_user_id_a5ff39fa" ON "api_user_groups" ("user_id");
CREATE INDEX IF NOT EXISTS "api_user_groups_group_id_3af85785" ON "api_user_groups" ("group_id");
CREATE UNIQUE INDEX "api_user_user_permissions_user_id_permission_id_a06dd704_uniq" ON "api_user_user_permissions" ("user_id", "permission_id");
CREATE INDEX IF NOT EXISTS "api_user_user_permissions_user_id_f3945d65" ON "api_user_user_permissions" ("user_id");
CREATE INDEX IF NOT EXISTS "api_user_user_permissions_permission_id_305b7fea" ON "api_user_user_permissions" ("permission_id");
CREATE INDEX IF NOT EXISTS "django_session_expire_date_a5c62663" ON "django_session" ("expire_date");
CREATE INDEX IF NOT EXISTS "api_boardseat_board_id_c8b81e01" ON "api_boardseat" ("board_id");
CREATE INDEX IF NOT EXISTS "api_ticket_client_id_d04c22cf" ON "api_ticket" ("client_id");
CREATE INDEX IF NOT EXISTS "api_ticket_flight_seat_id_634dcb49" ON "api_ticket" ("flight_seat_id");
CREATE INDEX IF NOT EXISTS "api_airport_place_id_0a3400d0" ON "api_airport" ("place_id");
CREATE INDEX IF NOT EXISTS "api_board_model_id_f80a4023" ON "api_board" ("model_id");
CREATE INDEX IF NOT EXISTS "api_model_manufacturer_id_d978a9ae" ON "api_model" ("manufacturer_id");
CREATE INDEX IF NOT EXISTS "api_flight_board_id_723b5fc3" ON "api_flight" ("board_id");
CREATE INDEX IF NOT EXISTS "api_flight_arrival_airport_id_52080e3a" ON "api_flight" ("arrival_airport_id");
CREATE INDEX IF NOT EXISTS "api_flight_departure_airport_id_8d678b10" ON "api_flight" ("departure_airport_id");
CREATE INDEX IF NOT EXISTS "api_flightseat_flight_id_9bc0032c" ON "api_flightseat" ("flight_id");
CREATE TABLE IF NOT EXISTS "auth_group_permissions" ("id" integer NOT NULL PRIMARY KEY AUTOINCREMENT, "group_id" integer NOT NULL REFERENCES "auth_group" ("id") DEFERRABLE INITIALLY DEFERRED, "permission_id" integer NOT NULL REFERENCES "auth_permission" ("id") DEFERRABLE INITIALLY DEFERRED);
CREATE UNIQUE INDEX "auth_group_permissions_group_id_permission_id_0cd325b0_uniq" ON "auth_group_permissions" ("group_id", "permission_id");
CREATE INDEX IF NOT EXISTS "auth_group_permissions_group_id_b120cbf9" ON "auth_group_permissions" ("group_id");
CREATE INDEX IF NOT EXISTS "auth_group_permissions_permission_id_84c5c92e" ON "auth_group_permissions" ("permission_id");
CREATE UNIQUE INDEX "auth_user_groups_user_id_group_id_94350c0c_uniq" ON "auth_user_groups" ("user_id", "group_id");
CREATE INDEX IF NOT EXISTS "auth_user_groups_user_id_6a12ed8b" ON "auth_user_groups" ("user_id");
CREATE INDEX IF NOT EXISTS "auth_user_groups_group_id_97559544" ON "auth_user_groups" ("group_id");
CREATE UNIQUE INDEX "auth_user_user_permissions_user_id_permission_id_14a6b632_uniq" ON "auth_user_user_permissions" ("user_id", "permission_id");
CREATE INDEX IF NOT EXISTS "auth_user_user_permissions_user_id_a95ead1b" ON "auth_user_user_permissions" ("user_id");
CREATE INDEX IF NOT EXISTS "auth_user_user_permissions_permission_id_1fbb5f2c" ON "auth_user_user_permissions" ("permission_id");
CREATE INDEX IF NOT EXISTS "django_admin_log_content_type_id_c4bce8eb" ON "django_admin_log" ("content_type_id");
CREATE INDEX IF NOT EXISTS "django_admin_log_user_id_c564eba6" ON "django_admin_log" ("user_id");
CREATE UNIQUE INDEX "django_content_type_app_label_model_76bd3d3b_uniq" ON "django_content_type" ("app_label", "model");
CREATE UNIQUE INDEX "auth_permission_content_type_id_codename_01ab375a_uniq" ON "auth_permission" ("content_type_id", "codename");
CREATE INDEX IF NOT EXISTS "auth_permission_content_type_id_2f476e4b" ON "auth_permission" ("content_type_id");
CREATE UNIQUE INDEX "api_user_groups_user_id_group_id_9c7ddfb5_uniq" ON "api_user_groups" ("user_id", "group_id");
CREATE INDEX IF NOT EXISTS "api_user_groups_user_id_a5ff39fa" ON "api_user_groups" ("user_id");
CREATE INDEX IF NOT EXISTS "api_user_groups_group_id_3af85785" ON "api_user_groups" ("group_id");
CREATE UNIQUE INDEX "api_user_user_permissions_user_id_permission_id_a06dd704_uniq" ON "api_user_user_permissions" ("user_id", "permission_id");
CREATE INDEX IF NOT EXISTS "api_user_user_permissions_user_id_f3945d65" ON "api_user_user_permissions" ("user_id");
CREATE INDEX IF NOT EXISTS "api_user_user_permissions_permission_id_305b7fea" ON "api_user_user_permissions" ("permission_id");
CREATE INDEX IF NOT EXISTS "django_session_expire_date_a5c62663" ON "django_session" ("expire_date");
CREATE INDEX IF NOT EXISTS "api_boardseat_board_id_c8b81e01" ON "api_boardseat" ("board_id");
CREATE INDEX IF NOT EXISTS "api_ticket_client_id_d04c22cf" ON "api_ticket" ("client_id");
CREATE INDEX IF NOT EXISTS "api_ticket_flight_seat_id_634dcb49" ON "api_ticket" ("flight_seat_id");
CREATE INDEX IF NOT EXISTS "api_airport_place_id_0a3400d0" ON "api_airport" ("place_id");
CREATE INDEX IF NOT EXISTS "api_board_model_id_f80a4023" ON "api_board" ("model_id");
CREATE INDEX IF NOT EXISTS "api_model_manufacturer_id_d978a9ae" ON "api_model" ("manufacturer_id");
CREATE INDEX IF NOT EXISTS "api_flight_board_id_723b5fc3" ON "api_flight" ("board_id");
CREATE INDEX IF NOT EXISTS "api_flight_arrival_airport_id_52080e3a" ON "api_flight" ("arrival_airport_id");
CREATE INDEX IF NOT EXISTS "api_flight_departure_airport_id_8d678b10" ON "api_flight" ("departure_airport_id");
CREATE INDEX IF NOT EXISTS "api_flightseat_flight_id_9bc0032c" ON "api_flightseat" ("flight_id");
CREATE TABLE IF NOT EXISTS "auth_permission" ("id" integer NOT NULL PRIMARY KEY AUTOINCREMENT, "content_type_id" integer NOT NULL REFERENCES "django_content_type" ("id") DEFERRABLE INITIALLY DEFERRED, "codename" varchar(100) NOT NULL, "name" varchar(255) NOT NULL);
INSERT INTO "auth_permission" VALUES(1,1,'add_logentry','Can add log entry');
INSERT INTO "auth_permission" VALUES(2,1,'change_logentry','Can change log entry');
INSERT INTO "auth_permission" VALUES(3,1,'delete_logentry','Can delete log entry');
INSERT INTO "auth_permission" VALUES(4,1,'view_logentry','Can view log entry');
INSERT INTO "auth_permission" VALUES(5,2,'add_permission','Can add permission');
INSERT INTO "auth_permission" VALUES(6,2,'change_permission','Can change permission');
INSERT INTO "auth_permission" VALUES(7,2,'delete_permission','Can delete permission');
INSERT INTO "auth_permission" VALUES(8,2,'view_permission','Can view permission');
INSERT INTO "auth_permission" VALUES(9,3,'add_group','Can add group');
INSERT INTO "auth_permission" VALUES(10,3,'change_group','Can change group');
INSERT INTO "auth_permission" VALUES(11,3,'delete_group','Can delete group');
INSERT INTO "auth_permission" VALUES(12,3,'view_group','Can view group');
INSERT INTO "auth_permission" VALUES(13,4,'add_user','Can add user');
INSERT INTO "auth_permission" VALUES(14,4,'change_user','Can change user');
INSERT INTO "auth_permission" VALUES(15,4,'delete_user','Can delete user');
INSERT INTO "auth_permission" VALUES(16,4,'view_user','Can view user');
INSERT INTO "auth_permission" VALUES(17,5,'add_contenttype','Can add content type');
INSERT INTO "auth_permission" VALUES(18,5,'change_contenttype','Can change content type');
INSERT INTO "auth_permission" VALUES(19,5,'delete_contenttype','Can delete content type');
INSERT INTO "auth_permission" VALUES(20,5,'view_contenttype','Can view content type');
INSERT INTO "auth_permission" VALUES(21,6,'add_session','Can add session');
INSERT INTO "auth_permission" VALUES(22,6,'change_session','Can change session');
INSERT INTO "auth_permission" VALUES(23,6,'delete_session','Can delete session');
INSERT INTO "auth_permission" VALUES(24,6,'view_session','Can view session');
INSERT INTO "auth_permission" VALUES(25,7,'add_board','Can add board');
INSERT INTO "auth_permission" VALUES(26,7,'change_board','Can change board');
INSERT INTO "auth_permission" VALUES(27,7,'delete_board','Can delete board');
INSERT INTO "auth_permission" VALUES(28,7,'view_board','Can view board');
INSERT INTO "auth_permission" VALUES(29,8,'add_client','Can add client');
INSERT INTO "auth_permission" VALUES(30,8,'change_client','Can change client');
INSERT INTO "auth_permission" VALUES(31,8,'delete_client','Can delete client');
INSERT INTO "auth_permission" VALUES(32,8,'view_client','Can view client');
INSERT INTO "auth_permission" VALUES(33,9,'add_flight','Can add flight');
INSERT INTO "auth_permission" VALUES(34,9,'change_flight','Can change flight');
INSERT INTO "auth_permission" VALUES(35,9,'delete_flight','Can delete flight');
INSERT INTO "auth_permission" VALUES(36,9,'view_flight','Can view flight');
INSERT INTO "auth_permission" VALUES(37,10,'add_flightseat','Can add flight seat');
INSERT INTO "auth_permission" VALUES(38,10,'change_flightseat','Can change flight seat');
INSERT INTO "auth_permission" VALUES(39,10,'delete_flightseat','Can delete flight seat');
INSERT INTO "auth_permission" VALUES(40,10,'view_flightseat','Can view flight seat');
INSERT INTO "auth_permission" VALUES(41,11,'add_manufacturer','Can add manufacturer');
INSERT INTO "auth_permission" VALUES(42,11,'change_manufacturer','Can change manufacturer');
INSERT INTO "auth_permission" VALUES(43,11,'delete_manufacturer','Can delete manufacturer');
INSERT INTO "auth_permission" VALUES(44,11,'view_manufacturer','Can view manufacturer');
INSERT INTO "auth_permission" VALUES(45,12,'add_place','Can add place');
INSERT INTO "auth_permission" VALUES(46,12,'change_place','Can change place');
INSERT INTO "auth_permission" VALUES(47,12,'delete_place','Can delete place');
INSERT INTO "auth_permission" VALUES(48,12,'view_place','Can view place');
INSERT INTO "auth_permission" VALUES(49,13,'add_user','Can add user');
INSERT INTO "auth_permission" VALUES(50,13,'change_user','Can change user');
INSERT INTO "auth_permission" VALUES(51,13,'delete_user','Can delete user');
INSERT INTO "auth_permission" VALUES(52,13,'view_user','Can view user');
INSERT INTO "auth_permission" VALUES(53,14,'add_ticket','Can add ticket');
INSERT INTO "auth_permission" VALUES(54,14,'change_ticket','Can change ticket');
INSERT INTO "auth_permission" VALUES(55,14,'delete_ticket','Can delete ticket');
INSERT INTO "auth_permission" VALUES(56,14,'view_ticket','Can view ticket');
INSERT INTO "auth_permission" VALUES(57,15,'add_model','Can add model');
INSERT INTO "auth_permission" VALUES(58,15,'change_model','Can change model');
INSERT INTO "auth_permission" VALUES(59,15,'delete_model','Can delete model');
INSERT INTO "auth_permission" VALUES(60,15,'view_model','Can view model');
INSERT INTO "auth_permission" VALUES(61,16,'add_employee','Can add employee');
INSERT INTO "auth_permission" VALUES(62,16,'change_employee','Can change employee');
INSERT INTO "auth_permission" VALUES(63,16,'delete_employee','Can delete employee');
INSERT INTO "auth_permission" VALUES(64,16,'view_employee','Can view employee');
INSERT INTO "auth_permission" VALUES(65,17,'add_boardseat','Can add board seat');
INSERT INTO "auth_permission" VALUES(66,17,'change_boardseat','Can change board seat');
INSERT INTO "auth_permission" VALUES(67,17,'delete_boardseat','Can delete board seat');
INSERT INTO "auth_permission" VALUES(68,17,'view_boardseat','Can view board seat');
INSERT INTO "auth_permission" VALUES(69,18,'add_airport','Can add airport');
INSERT INTO "auth_permission" VALUES(70,18,'change_airport','Can change airport');
INSERT INTO "auth_permission" VALUES(71,18,'delete_airport','Can delete airport');
INSERT INTO "auth_permission" VALUES(72,18,'view_airport','Can view airport');
CREATE UNIQUE INDEX "auth_group_permissions_group_id_permission_id_0cd325b0_uniq" ON "auth_group_permissions" ("group_id", "permission_id");
CREATE INDEX IF NOT EXISTS "auth_group_permissions_group_id_b120cbf9" ON "auth_group_permissions" ("group_id");
CREATE INDEX IF NOT EXISTS "auth_group_permissions_permission_id_84c5c92e" ON "auth_group_permissions" ("permission_id");
CREATE UNIQUE INDEX "auth_user_groups_user_id_group_id_94350c0c_uniq" ON "auth_user_groups" ("user_id", "group_id");
CREATE INDEX IF NOT EXISTS "auth_user_groups_user_id_6a12ed8b" ON "auth_user_groups" ("user_id");
CREATE INDEX IF NOT EXISTS "auth_user_groups_group_id_97559544" ON "auth_user_groups" ("group_id");
CREATE UNIQUE INDEX "auth_user_user_permissions_user_id_permission_id_14a6b632_uniq" ON "auth_user_user_permissions" ("user_id", "permission_id");
CREATE INDEX IF NOT EXISTS "auth_user_user_permissions_user_id_a95ead1b" ON "auth_user_user_permissions" ("user_id");
CREATE INDEX IF NOT EXISTS "auth_user_user_permissions_permission_id_1fbb5f2c" ON "auth_user_user_permissions" ("permission_id");
CREATE INDEX IF NOT EXISTS "django_admin_log_content_type_id_c4bce8eb" ON "django_admin_log" ("content_type_id");
CREATE INDEX IF NOT EXISTS "django_admin_log_user_id_c564eba6" ON "django_admin_log" ("user_id");
CREATE UNIQUE INDEX "django_content_type_app_label_model_76bd3d3b_uniq" ON "django_content_type" ("app_label", "model");
CREATE UNIQUE INDEX "auth_permission_content_type_id_codename_01ab375a_uniq" ON "auth_permission" ("content_type_id", "codename");
CREATE INDEX IF NOT EXISTS "auth_permission_content_type_id_2f476e4b" ON "auth_permission" ("content_type_id");
CREATE UNIQUE INDEX "api_user_groups_user_id_group_id_9c7ddfb5_uniq" ON "api_user_groups" ("user_id", "group_id");
CREATE INDEX IF NOT EXISTS "api_user_groups_user_id_a5ff39fa" ON "api_user_groups" ("user_id");
CREATE INDEX IF NOT EXISTS "api_user_groups_group_id_3af85785" ON "api_user_groups" ("group_id");
CREATE UNIQUE INDEX "api_user_user_permissions_user_id_permission_id_a06dd704_uniq" ON "api_user_user_permissions" ("user_id", "permission_id");
CREATE INDEX IF NOT EXISTS "api_user_user_permissions_user_id_f3945d65" ON "api_user_user_permissions" ("user_id");
CREATE INDEX IF NOT EXISTS "api_user_user_permissions_permission_id_305b7fea" ON "api_user_user_permissions" ("permission_id");
CREATE INDEX IF NOT EXISTS "django_session_expire_date_a5c62663" ON "django_session" ("expire_date");
CREATE INDEX IF NOT EXISTS "api_boardseat_board_id_c8b81e01" ON "api_boardseat" ("board_id");
CREATE INDEX IF NOT EXISTS "api_ticket_client_id_d04c22cf" ON "api_ticket" ("client_id");
CREATE INDEX IF NOT EXISTS "api_ticket_flight_seat_id_634dcb49" ON "api_ticket" ("flight_seat_id");
CREATE INDEX IF NOT EXISTS "api_airport_place_id_0a3400d0" ON "api_airport" ("place_id");
CREATE INDEX IF NOT EXISTS "api_board_model_id_f80a4023" ON "api_board" ("model_id");
CREATE INDEX IF NOT EXISTS "api_model_manufacturer_id_d978a9ae" ON "api_model" ("manufacturer_id");
CREATE INDEX IF NOT EXISTS "api_flight_board_id_723b5fc3" ON "api_flight" ("board_id");
CREATE INDEX IF NOT EXISTS "api_flight_arrival_airport_id_52080e3a" ON "api_flight" ("arrival_airport_id");
CREATE INDEX IF NOT EXISTS "api_flight_departure_airport_id_8d678b10" ON "api_flight" ("departure_airport_id");
CREATE INDEX IF NOT EXISTS "api_flightseat_flight_id_9bc0032c" ON "api_flightseat" ("flight_id");
CREATE TABLE IF NOT EXISTS "auth_user" ("id" integer NOT NULL PRIMARY KEY AUTOINCREMENT, "password" varchar(128) NOT NULL, "last_login" datetime NULL, "is_superuser" bool NOT NULL, "username" varchar(150) NOT NULL UNIQUE, "last_name" varchar(150) NOT NULL, "email" varchar(254) NOT NULL, "is_staff" bool NOT NULL, "is_active" bool NOT NULL, "date_joined" datetime NOT NULL, "first_name" varchar(150) NOT NULL);
INSERT INTO "auth_user" VALUES(1,'pbkdf2_sha256$600000$WIrVuPutMH6Q3ES85H2dth$8m8EXmVWQN5sT4UQDaZDsDpnOhj72c3rJOQZJOxFShE=','2024-10-21 00:16:56.700698',1,'pihta','','f71251@gmail.com',1,1,'2024-10-21 00:07:41.127306','');
INSERT INTO "auth_user" VALUES(2,'pbkdf2_sha256$600000$pHoIKzFbLttCxUukvGwHqb$MhJC7WjugZaWMA+OvO5hzfQfdKL/oriRVXaL/0dEXvU=',NULL,0,'sakura','','',0,1,'2024-10-21 00:10:16.636535','');
CREATE UNIQUE INDEX "auth_group_permissions_group_id_permission_id_0cd325b0_uniq" ON "auth_group_permissions" ("group_id", "permission_id");
CREATE INDEX IF NOT EXISTS "auth_group_permissions_group_id_b120cbf9" ON "auth_group_permissions" ("group_id");
CREATE INDEX IF NOT EXISTS "auth_group_permissions_permission_id_84c5c92e" ON "auth_group_permissions" ("permission_id");
CREATE UNIQUE INDEX "auth_user_groups_user_id_group_id_94350c0c_uniq" ON "auth_user_groups" ("user_id", "group_id");
CREATE INDEX IF NOT EXISTS "auth_user_groups_user_id_6a12ed8b" ON "auth_user_groups" ("user_id");
CREATE INDEX IF NOT EXISTS "auth_user_groups_group_id_97559544" ON "auth_user_groups" ("group_id");
CREATE UNIQUE INDEX "auth_user_user_permissions_user_id_permission_id_14a6b632_uniq" ON "auth_user_user_permissions" ("user_id", "permission_id");
CREATE INDEX IF NOT EXISTS "auth_user_user_permissions_user_id_a95ead1b" ON "auth_user_user_permissions" ("user_id");
CREATE INDEX IF NOT EXISTS "auth_user_user_permissions_permission_id_1fbb5f2c" ON "auth_user_user_permissions" ("permission_id");
CREATE INDEX IF NOT EXISTS "django_admin_log_content_type_id_c4bce8eb" ON "django_admin_log" ("content_type_id");
CREATE INDEX IF NOT EXISTS "django_admin_log_user_id_c564eba6" ON "django_admin_log" ("user_id");
CREATE UNIQUE INDEX "django_content_type_app_label_model_76bd3d3b_uniq" ON "django_content_type" ("app_label", "model");
CREATE UNIQUE INDEX "auth_permission_content_type_id_codename_01ab375a_uniq" ON "auth_permission" ("content_type_id", "codename");
CREATE INDEX IF NOT EXISTS "auth_permission_content_type_id_2f476e4b" ON "auth_permission" ("content_type_id");
CREATE UNIQUE INDEX "api_user_groups_user_id_group_id_9c7ddfb5_uniq" ON "api_user_groups" ("user_id", "group_id");
CREATE INDEX IF NOT EXISTS "api_user_groups_user_id_a5ff39fa" ON "api_user_groups" ("user_id");
CREATE INDEX IF NOT EXISTS "api_user_groups_group_id_3af85785" ON "api_user_groups" ("group_id");
CREATE UNIQUE INDEX "api_user_user_permissions_user_id_permission_id_a06dd704_uniq" ON "api_user_user_permissions" ("user_id", "permission_id");
CREATE INDEX IF NOT EXISTS "api_user_user_permissions_user_id_f3945d65" ON "api_user_user_permissions" ("user_id");
CREATE INDEX IF NOT EXISTS "api_user_user_permissions_permission_id_305b7fea" ON "api_user_user_permissions" ("permission_id");
CREATE INDEX IF NOT EXISTS "django_session_expire_date_a5c62663" ON "django_session" ("expire_date");
CREATE INDEX IF NOT EXISTS "api_boardseat_board_id_c8b81e01" ON "api_boardseat" ("board_id");
CREATE INDEX IF NOT EXISTS "api_ticket_client_id_d04c22cf" ON "api_ticket" ("client_id");
CREATE INDEX IF NOT EXISTS "api_ticket_flight_seat_id_634dcb49" ON "api_ticket" ("flight_seat_id");
CREATE INDEX IF NOT EXISTS "api_airport_place_id_0a3400d0" ON "api_airport" ("place_id");
CREATE INDEX IF NOT EXISTS "api_board_model_id_f80a4023" ON "api_board" ("model_id");
CREATE INDEX IF NOT EXISTS "api_model_manufacturer_id_d978a9ae" ON "api_model" ("manufacturer_id");
CREATE INDEX IF NOT EXISTS "api_flight_board_id_723b5fc3" ON "api_flight" ("board_id");
CREATE INDEX IF NOT EXISTS "api_flight_arrival_airport_id_52080e3a" ON "api_flight" ("arrival_airport_id");
CREATE INDEX IF NOT EXISTS "api_flight_departure_airport_id_8d678b10" ON "api_flight" ("departure_airport_id");
CREATE INDEX IF NOT EXISTS "api_flightseat_flight_id_9bc0032c" ON "api_flightseat" ("flight_id");
CREATE TABLE IF NOT EXISTS "auth_user_groups" ("id" integer NOT NULL PRIMARY KEY AUTOINCREMENT, "user_id" integer NOT NULL REFERENCES "auth_user" ("id") DEFERRABLE INITIALLY DEFERRED, "group_id" integer NOT NULL REFERENCES "auth_group" ("id") DEFERRABLE INITIALLY DEFERRED);
CREATE UNIQUE INDEX "auth_group_permissions_group_id_permission_id_0cd325b0_uniq" ON "auth_group_permissions" ("group_id", "permission_id");
CREATE INDEX IF NOT EXISTS "auth_group_permissions_group_id_b120cbf9" ON "auth_group_permissions" ("group_id");
CREATE INDEX IF NOT EXISTS "auth_group_permissions_permission_id_84c5c92e" ON "auth_group_permissions" ("permission_id");
CREATE UNIQUE INDEX "auth_user_groups_user_id_group_id_94350c0c_uniq" ON "auth_user_groups" ("user_id", "group_id");
CREATE INDEX IF NOT EXISTS "auth_user_groups_user_id_6a12ed8b" ON "auth_user_groups" ("user_id");
CREATE INDEX IF NOT EXISTS "auth_user_groups_group_id_97559544" ON "auth_user_groups" ("group_id");
CREATE UNIQUE INDEX "auth_user_user_permissions_user_id_permission_id_14a6b632_uniq" ON "auth_user_user_permissions" ("user_id", "permission_id");
CREATE INDEX IF NOT EXISTS "auth_user_user_permissions_user_id_a95ead1b" ON "auth_user_user_permissions" ("user_id");
CREATE INDEX IF NOT EXISTS "auth_user_user_permissions_permission_id_1fbb5f2c" ON "auth_user_user_permissions" ("permission_id");
CREATE INDEX IF NOT EXISTS "django_admin_log_content_type_id_c4bce8eb" ON "django_admin_log" ("content_type_id");
CREATE INDEX IF NOT EXISTS "django_admin_log_user_id_c564eba6" ON "django_admin_log" ("user_id");
CREATE UNIQUE INDEX "django_content_type_app_label_model_76bd3d3b_uniq" ON "django_content_type" ("app_label", "model");
CREATE UNIQUE INDEX "auth_permission_content_type_id_codename_01ab375a_uniq" ON "auth_permission" ("content_type_id", "codename");
CREATE INDEX IF NOT EXISTS "auth_permission_content_type_id_2f476e4b" ON "auth_permission" ("content_type_id");
CREATE UNIQUE INDEX "api_user_groups_user_id_group_id_9c7ddfb5_uniq" ON "api_user_groups" ("user_id", "group_id");
CREATE INDEX IF NOT EXISTS "api_user_groups_user_id_a5ff39fa" ON "api_user_groups" ("user_id");
CREATE INDEX IF NOT EXISTS "api_user_groups_group_id_3af85785" ON "api_user_groups" ("group_id");
CREATE UNIQUE INDEX "api_user_user_permissions_user_id_permission_id_a06dd704_uniq" ON "api_user_user_permissions" ("user_id", "permission_id");
CREATE INDEX IF NOT EXISTS "api_user_user_permissions_user_id_f3945d65" ON "api_user_user_permissions" ("user_id");
CREATE INDEX IF NOT EXISTS "api_user_user_permissions_permission_id_305b7fea" ON "api_user_user_permissions" ("permission_id");
CREATE INDEX IF NOT EXISTS "django_session_expire_date_a5c62663" ON "django_session" ("expire_date");
CREATE INDEX IF NOT EXISTS "api_boardseat_board_id_c8b81e01" ON "api_boardseat" ("board_id");
CREATE INDEX IF NOT EXISTS "api_ticket_client_id_d04c22cf" ON "api_ticket" ("client_id");
CREATE INDEX IF NOT EXISTS "api_ticket_flight_seat_id_634dcb49" ON "api_ticket" ("flight_seat_id");
CREATE INDEX IF NOT EXISTS "api_airport_place_id_0a3400d0" ON "api_airport" ("place_id");
CREATE INDEX IF NOT EXISTS "api_board_model_id_f80a4023" ON "api_board" ("model_id");
CREATE INDEX IF NOT EXISTS "api_model_manufacturer_id_d978a9ae" ON "api_model" ("manufacturer_id");
CREATE INDEX IF NOT EXISTS "api_flight_board_id_723b5fc3" ON "api_flight" ("board_id");
CREATE INDEX IF NOT EXISTS "api_flight_arrival_airport_id_52080e3a" ON "api_flight" ("arrival_airport_id");
CREATE INDEX IF NOT EXISTS "api_flight_departure_airport_id_8d678b10" ON "api_flight" ("departure_airport_id");
CREATE INDEX IF NOT EXISTS "api_flightseat_flight_id_9bc0032c" ON "api_flightseat" ("flight_id");
CREATE TABLE IF NOT EXISTS "auth_user_user_permissions" ("id" integer NOT NULL PRIMARY KEY AUTOINCREMENT, "user_id" integer NOT NULL REFERENCES "auth_user" ("id") DEFERRABLE INITIALLY DEFERRED, "permission_id" integer NOT NULL REFERENCES "auth_permission" ("id") DEFERRABLE INITIALLY DEFERRED);
CREATE UNIQUE INDEX "auth_group_permissions_group_id_permission_id_0cd325b0_uniq" ON "auth_group_permissions" ("group_id", "permission_id");
CREATE INDEX IF NOT EXISTS "auth_group_permissions_group_id_b120cbf9" ON "auth_group_permissions" ("group_id");
CREATE INDEX IF NOT EXISTS "auth_group_permissions_permission_id_84c5c92e" ON "auth_group_permissions" ("permission_id");
CREATE UNIQUE INDEX "auth_user_groups_user_id_group_id_94350c0c_uniq" ON "auth_user_groups" ("user_id", "group_id");
CREATE INDEX IF NOT EXISTS "auth_user_groups_user_id_6a12ed8b" ON "auth_user_groups" ("user_id");
CREATE INDEX IF NOT EXISTS "auth_user_groups_group_id_97559544" ON "auth_user_groups" ("group_id");
CREATE UNIQUE INDEX "auth_user_user_permissions_user_id_permission_id_14a6b632_uniq" ON "auth_user_user_permissions" ("user_id", "permission_id");
CREATE INDEX IF NOT EXISTS "auth_user_user_permissions_user_id_a95ead1b" ON "auth_user_user_permissions" ("user_id");
CREATE INDEX IF NOT EXISTS "auth_user_user_permissions_permission_id_1fbb5f2c" ON "auth_user_user_permissions" ("permission_id");
CREATE INDEX IF NOT EXISTS "django_admin_log_content_type_id_c4bce8eb" ON "django_admin_log" ("content_type_id");
CREATE INDEX IF NOT EXISTS "django_admin_log_user_id_c564eba6" ON "django_admin_log" ("user_id");
CREATE UNIQUE INDEX "django_content_type_app_label_model_76bd3d3b_uniq" ON "django_content_type" ("app_label", "model");
CREATE UNIQUE INDEX "auth_permission_content_type_id_codename_01ab375a_uniq" ON "auth_permission" ("content_type_id", "codename");
CREATE INDEX IF NOT EXISTS "auth_permission_content_type_id_2f476e4b" ON "auth_permission" ("content_type_id");
CREATE UNIQUE INDEX "api_user_groups_user_id_group_id_9c7ddfb5_uniq" ON "api_user_groups" ("user_id", "group_id");
CREATE INDEX IF NOT EXISTS "api_user_groups_user_id_a5ff39fa" ON "api_user_groups" ("user_id");
CREATE INDEX IF NOT EXISTS "api_user_groups_group_id_3af85785" ON "api_user_groups" ("group_id");
CREATE UNIQUE INDEX "api_user_user_permissions_user_id_permission_id_a06dd704_uniq" ON "api_user_user_permissions" ("user_id", "permission_id");
CREATE INDEX IF NOT EXISTS "api_user_user_permissions_user_id_f3945d65" ON "api_user_user_permissions" ("user_id");
CREATE INDEX IF NOT EXISTS "api_user_user_permissions_permission_id_305b7fea" ON "api_user_user_permissions" ("permission_id");
CREATE INDEX IF NOT EXISTS "django_session_expire_date_a5c62663" ON "django_session" ("expire_date");
CREATE INDEX IF NOT EXISTS "api_boardseat_board_id_c8b81e01" ON "api_boardseat" ("board_id");
CREATE INDEX IF NOT EXISTS "api_ticket_client_id_d04c22cf" ON "api_ticket" ("client_id");
CREATE INDEX IF NOT EXISTS "api_ticket_flight_seat_id_634dcb49" ON "api_ticket" ("flight_seat_id");
CREATE INDEX IF NOT EXISTS "api_airport_place_id_0a3400d0" ON "api_airport" ("place_id");
CREATE INDEX IF NOT EXISTS "api_board_model_id_f80a4023" ON "api_board" ("model_id");
CREATE INDEX IF NOT EXISTS "api_model_manufacturer_id_d978a9ae" ON "api_model" ("manufacturer_id");
CREATE INDEX IF NOT EXISTS "api_flight_board_id_723b5fc3" ON "api_flight" ("board_id");
CREATE INDEX IF NOT EXISTS "api_flight_arrival_airport_id_52080e3a" ON "api_flight" ("arrival_airport_id");
CREATE INDEX IF NOT EXISTS "api_flight_departure_airport_id_8d678b10" ON "api_flight" ("departure_airport_id");
CREATE INDEX IF NOT EXISTS "api_flightseat_flight_id_9bc0032c" ON "api_flightseat" ("flight_id");
CREATE TABLE IF NOT EXISTS "django_admin_log" ("id" integer NOT NULL PRIMARY KEY AUTOINCREMENT, "object_id" text NULL, "object_repr" varchar(200) NOT NULL, "action_flag" smallint unsigned NOT NULL CHECK ("action_flag" >= 0), "change_message" text NOT NULL, "content_type_id" integer NULL REFERENCES "django_content_type" ("id") DEFERRABLE INITIALLY DEFERRED, "user_id" integer NOT NULL REFERENCES "auth_user" ("id") DEFERRABLE INITIALLY DEFERRED, "action_time" datetime NOT NULL);
INSERT INTO "django_admin_log" VALUES(1,'2','sakura',1,'[{"added": {}}]',4,1,'2024-10-21 00:10:16.956655');
INSERT INTO "django_admin_log" VALUES(2,'1','Moscow',1,'[{"added": {}}]',12,1,'2024-10-21 01:16:01.841806');
INSERT INTO "django_admin_log" VALUES(3,'2','St. Petersburg',1,'[{"added": {}}]',12,1,'2024-10-21 01:16:19.428985');
INSERT INTO "django_admin_log" VALUES(4,'1','Airport object (1)',1,'[{"added": {}}]',18,1,'2024-10-21 01:16:31.786085');
INSERT INTO "django_admin_log" VALUES(5,'2','Airport object (2)',1,'[{"added": {}}]',18,1,'2024-10-21 01:16:42.225246');
INSERT INTO "django_admin_log" VALUES(6,'1','Manufacturer object (1)',1,'[{"added": {}}]',11,1,'2024-10-21 01:16:48.736512');
INSERT INTO "django_admin_log" VALUES(7,'1','Model object (1)',1,'[{"added": {}}]',15,1,'2024-10-21 01:17:10.241423');
INSERT INTO "django_admin_log" VALUES(8,'1','Boeing 777 A645',1,'[{"added": {}}]',7,1,'2024-10-21 01:21:10.626758');
INSERT INTO "django_admin_log" VALUES(9,'1','Flight object (1)',1,'[{"added": {}}]',9,1,'2024-10-21 01:21:35.578995');
INSERT INTO "django_admin_log" VALUES(10,'1','Flight object (1)',2,'[{"changed": {"fields": ["Departure time", "Arrival time"]}}]',9,1,'2024-10-21 02:26:06.373717');
INSERT INTO "django_admin_log" VALUES(11,'1','Flight object (1)',2,'[{"changed": {"fields": ["Departure time", "Arrival time"]}}]',9,1,'2024-10-21 02:30:23.775536');
INSERT INTO "django_admin_log" VALUES(12,'1','Flight object (1)',2,'[{"changed": {"fields": ["Departure time", "Arrival time"]}}]',9,1,'2024-10-21 02:31:58.076107');
INSERT INTO "django_admin_log" VALUES(13,'1','Flight object (1)',2,'[{"changed": {"fields": ["Arrival time"]}}]',9,1,'2024-10-21 02:32:02.898695');
INSERT INTO "django_admin_log" VALUES(14,'2','Flight object (2)',1,'[{"added": {}}]',9,1,'2024-10-21 08:19:14.488710');
INSERT INTO "django_admin_log" VALUES(15,'2','Airbus',1,'[{"added": {}}]',11,1,'2024-10-21 20:07:36.727869');
INSERT INTO "django_admin_log" VALUES(16,'1','BoardSeat object (1)',1,'[{"added": {}}]',17,1,'2024-11-26 07:38:45.033013');
INSERT INTO "django_admin_log" VALUES(17,'2','BoardSeat object (2)',1,'[{"added": {}}]',17,1,'2024-11-26 07:39:02.152612');
INSERT INTO "django_admin_log" VALUES(18,'2','BoardSeat object (2)',2,'[]',17,1,'2024-11-26 07:39:13.232993');
INSERT INTO "django_admin_log" VALUES(19,'3','BoardSeat object (3)',1,'[{"added": {}}]',17,1,'2024-11-26 07:39:18.601492');
INSERT INTO "django_admin_log" VALUES(20,'4','BoardSeat object (4)',1,'[{"added": {}}]',17,1,'2024-11-26 07:39:57.028017');
INSERT INTO "django_admin_log" VALUES(21,'4','BoardSeat object (4)',3,'',17,1,'2024-11-26 07:42:29.239860');
INSERT INTO "django_admin_log" VALUES(22,'3','BoardSeat object (3)',3,'',17,1,'2024-11-26 07:42:29.239886');
INSERT INTO "django_admin_log" VALUES(23,'2','BoardSeat object (2)',3,'',17,1,'2024-11-26 07:42:29.239900');
INSERT INTO "django_admin_log" VALUES(24,'1','BoardSeat object (1)',3,'',17,1,'2024-11-26 07:42:29.239911');
INSERT INTO "django_admin_log" VALUES(25,'1066','BoardSeat object (1066)',3,'',17,1,'2024-11-26 09:20:11.362151');
INSERT INTO "django_admin_log" VALUES(26,'1065','BoardSeat object (1065)',3,'',17,1,'2024-11-26 09:20:11.362181');
INSERT INTO "django_admin_log" VALUES(27,'1064','BoardSeat object (1064)',3,'',17,1,'2024-11-26 09:20:11.362194');
INSERT INTO "django_admin_log" VALUES(28,'1063','BoardSeat object (1063)',3,'',17,1,'2024-11-26 09:20:11.362207');
INSERT INTO "django_admin_log" VALUES(29,'1062','BoardSeat object (1062)',3,'',17,1,'2024-11-26 09:20:11.362218');
INSERT INTO "django_admin_log" VALUES(30,'1061','BoardSeat object (1061)',3,'',17,1,'2024-11-26 09:20:11.362230');
INSERT INTO "django_admin_log" VALUES(31,'1060','BoardSeat object (1060)',3,'',17,1,'2024-11-26 09:20:11.362242');
INSERT INTO "django_admin_log" VALUES(32,'1059','BoardSeat object (1059)',3,'',17,1,'2024-11-26 09:20:11.362253');
INSERT INTO "django_admin_log" VALUES(33,'1058','BoardSeat object (1058)',3,'',17,1,'2024-11-26 09:20:11.362264');
INSERT INTO "django_admin_log" VALUES(34,'1057','BoardSeat object (1057)',3,'',17,1,'2024-11-26 09:20:11.362276');
INSERT INTO "django_admin_log" VALUES(35,'1056','BoardSeat object (1056)',3,'',17,1,'2024-11-26 09:20:11.362287');
INSERT INTO "django_admin_log" VALUES(36,'1055','BoardSeat object (1055)',3,'',17,1,'2024-11-26 09:20:11.362298');
INSERT INTO "django_admin_log" VALUES(37,'1054','BoardSeat object (1054)',3,'',17,1,'2024-11-26 09:20:11.362310');
INSERT INTO "django_admin_log" VALUES(38,'1053','BoardSeat object (1053)',3,'',17,1,'2024-11-26 09:20:11.362322');
INSERT INTO "django_admin_log" VALUES(39,'1052','BoardSeat object (1052)',3,'',17,1,'2024-11-26 09:20:11.362333');
INSERT INTO "django_admin_log" VALUES(40,'1051','BoardSeat object (1051)',3,'',17,1,'2024-11-26 09:20:11.362345');
INSERT INTO "django_admin_log" VALUES(41,'1050','BoardSeat object (1050)',3,'',17,1,'2024-11-26 09:20:11.362356');
INSERT INTO "django_admin_log" VALUES(42,'1049','BoardSeat object (1049)',3,'',17,1,'2024-11-26 09:20:11.362368');
INSERT INTO "django_admin_log" VALUES(43,'1048','BoardSeat object (1048)',3,'',17,1,'2024-11-26 09:20:11.362379');
INSERT INTO "django_admin_log" VALUES(44,'1047','BoardSeat object (1047)',3,'',17,1,'2024-11-26 09:20:11.362390');
INSERT INTO "django_admin_log" VALUES(45,'1046','BoardSeat object (1046)',3,'',17,1,'2024-11-26 09:20:11.362401');
INSERT INTO "django_admin_log" VALUES(46,'1045','BoardSeat object (1045)',3,'',17,1,'2024-11-26 09:20:11.362413');
INSERT INTO "django_admin_log" VALUES(47,'1044','BoardSeat object (1044)',3,'',17,1,'2024-11-26 09:20:11.362424');
INSERT INTO "django_admin_log" VALUES(48,'1043','BoardSeat object (1043)',3,'',17,1,'2024-11-26 09:20:11.362436');
INSERT INTO "django_admin_log" VALUES(49,'1042','BoardSeat object (1042)',3,'',17,1,'2024-11-26 09:20:11.362447');
INSERT INTO "django_admin_log" VALUES(50,'1041','BoardSeat object (1041)',3,'',17,1,'2024-11-26 09:20:11.362459');
INSERT INTO "django_admin_log" VALUES(51,'1040','BoardSeat object (1040)',3,'',17,1,'2024-11-26 09:20:11.362471');
INSERT INTO "django_admin_log" VALUES(52,'1039','BoardSeat object (1039)',3,'',17,1,'2024-11-26 09:20:11.362580');
INSERT INTO "django_admin_log" VALUES(53,'1038','BoardSeat object (1038)',3,'',17,1,'2024-11-26 09:20:11.362592');
INSERT INTO "django_admin_log" VALUES(54,'1037','BoardSeat object (1037)',3,'',17,1,'2024-11-26 09:20:11.362604');
INSERT INTO "django_admin_log" VALUES(55,'1036','BoardSeat object (1036)',3,'',17,1,'2024-11-26 09:20:11.362615');
INSERT INTO "django_admin_log" VALUES(56,'1035','BoardSeat object (1035)',3,'',17,1,'2024-11-26 09:20:11.362627');
INSERT INTO "django_admin_log" VALUES(57,'1034','BoardSeat object (1034)',3,'',17,1,'2024-11-26 09:20:11.362638');
INSERT INTO "django_admin_log" VALUES(58,'1033','BoardSeat object (1033)',3,'',17,1,'2024-11-26 09:20:11.362650');
INSERT INTO "django_admin_log" VALUES(59,'1032','BoardSeat object (1032)',3,'',17,1,'2024-11-26 09:20:11.362661');
INSERT INTO "django_admin_log" VALUES(60,'1031','BoardSeat object (1031)',3,'',17,1,'2024-11-26 09:20:11.362672');
INSERT INTO "django_admin_log" VALUES(61,'1030','BoardSeat object (1030)',3,'',17,1,'2024-11-26 09:20:11.362684');
INSERT INTO "django_admin_log" VALUES(62,'1029','BoardSeat object (1029)',3,'',17,1,'2024-11-26 09:20:11.362695');
INSERT INTO "django_admin_log" VALUES(63,'1028','BoardSeat object (1028)',3,'',17,1,'2024-11-26 09:20:11.362706');
INSERT INTO "django_admin_log" VALUES(64,'1027','BoardSeat object (1027)',3,'',17,1,'2024-11-26 09:20:11.362717');
INSERT INTO "django_admin_log" VALUES(65,'1026','BoardSeat object (1026)',3,'',17,1,'2024-11-26 09:20:11.362728');
INSERT INTO "django_admin_log" VALUES(66,'1025','BoardSeat object (1025)',3,'',17,1,'2024-11-26 09:20:11.362740');
INSERT INTO "django_admin_log" VALUES(67,'1024','BoardSeat object (1024)',3,'',17,1,'2024-11-26 09:20:11.362751');
INSERT INTO "django_admin_log" VALUES(68,'1023','BoardSeat object (1023)',3,'',17,1,'2024-11-26 09:20:11.362762');
INSERT INTO "django_admin_log" VALUES(69,'1022','BoardSeat object (1022)',3,'',17,1,'2024-11-26 09:20:11.362774');
INSERT INTO "django_admin_log" VALUES(70,'1021','BoardSeat object (1021)',3,'',17,1,'2024-11-26 09:20:11.362785');
INSERT INTO "django_admin_log" VALUES(71,'1020','BoardSeat object (1020)',3,'',17,1,'2024-11-26 09:20:11.362796');
INSERT INTO "django_admin_log" VALUES(72,'1019','BoardSeat object (1019)',3,'',17,1,'2024-11-26 09:20:11.362807');
INSERT INTO "django_admin_log" VALUES(73,'1018','BoardSeat object (1018)',3,'',17,1,'2024-11-26 09:20:11.362819');
INSERT INTO "django_admin_log" VALUES(74,'1017','BoardSeat object (1017)',3,'',17,1,'2024-11-26 09:20:11.362830');
INSERT INTO "django_admin_log" VALUES(75,'1016','BoardSeat object (1016)',3,'',17,1,'2024-11-26 09:20:11.362841');
INSERT INTO "django_admin_log" VALUES(76,'1015','BoardSeat object (1015)',3,'',17,1,'2024-11-26 09:20:11.362852');
INSERT INTO "django_admin_log" VALUES(77,'1014','BoardSeat object (1014)',3,'',17,1,'2024-11-26 09:20:11.362864');
INSERT INTO "django_admin_log" VALUES(78,'1013','BoardSeat object (1013)',3,'',17,1,'2024-11-26 09:20:11.362875');
INSERT INTO "django_admin_log" VALUES(79,'1012','BoardSeat object (1012)',3,'',17,1,'2024-11-26 09:20:11.362886');
INSERT INTO "django_admin_log" VALUES(80,'1011','BoardSeat object (1011)',3,'',17,1,'2024-11-26 09:20:11.362898');
INSERT INTO "django_admin_log" VALUES(81,'1010','BoardSeat object (1010)',3,'',17,1,'2024-11-26 09:20:11.362909');
INSERT INTO "django_admin_log" VALUES(82,'1009','BoardSeat object (1009)',3,'',17,1,'2024-11-26 09:20:11.362921');
INSERT INTO "django_admin_log" VALUES(83,'1008','BoardSeat object (1008)',3,'',17,1,'2024-11-26 09:20:11.362932');
INSERT INTO "django_admin_log" VALUES(84,'1007','BoardSeat object (1007)',3,'',17,1,'2024-11-26 09:20:11.362943');
INSERT INTO "django_admin_log" VALUES(85,'1006','BoardSeat object (1006)',3,'',17,1,'2024-11-26 09:20:11.362954');
INSERT INTO "django_admin_log" VALUES(86,'1005','BoardSeat object (1005)',3,'',17,1,'2024-11-26 09:20:11.362965');
INSERT INTO "django_admin_log" VALUES(87,'1004','BoardSeat object (1004)',3,'',17,1,'2024-11-26 09:20:11.362977');
INSERT INTO "django_admin_log" VALUES(88,'1003','BoardSeat object (1003)',3,'',17,1,'2024-11-26 09:20:11.362988');
INSERT INTO "django_admin_log" VALUES(89,'1002','BoardSeat object (1002)',3,'',17,1,'2024-11-26 09:20:11.362999');
INSERT INTO "django_admin_log" VALUES(90,'1001','BoardSeat object (1001)',3,'',17,1,'2024-11-26 09:20:11.363011');
INSERT INTO "django_admin_log" VALUES(91,'1000','BoardSeat object (1000)',3,'',17,1,'2024-11-26 09:20:11.363022');
INSERT INTO "django_admin_log" VALUES(92,'999','BoardSeat object (999)',3,'',17,1,'2024-11-26 09:20:11.363050');
INSERT INTO "django_admin_log" VALUES(93,'998','BoardSeat object (998)',3,'',17,1,'2024-11-26 09:20:11.363062');
INSERT INTO "django_admin_log" VALUES(94,'997','BoardSeat object (997)',3,'',17,1,'2024-11-26 09:20:11.363074');
INSERT INTO "django_admin_log" VALUES(95,'996','BoardSeat object (996)',3,'',17,1,'2024-11-26 09:20:11.363086');
INSERT INTO "django_admin_log" VALUES(96,'995','BoardSeat object (995)',3,'',17,1,'2024-11-26 09:20:11.363098');
INSERT INTO "django_admin_log" VALUES(97,'994','BoardSeat object (994)',3,'',17,1,'2024-11-26 09:20:11.363109');
INSERT INTO "django_admin_log" VALUES(98,'993','BoardSeat object (993)',3,'',17,1,'2024-11-26 09:20:11.363121');
INSERT INTO "django_admin_log" VALUES(99,'992','BoardSeat object (992)',3,'',17,1,'2024-11-26 09:20:11.363133');
INSERT INTO "django_admin_log" VALUES(100,'991','BoardSeat object (991)',3,'',17,1,'2024-11-26 09:20:11.363145');
INSERT INTO "django_admin_log" VALUES(101,'990','BoardSeat object (990)',3,'',17,1,'2024-11-26 09:20:11.363156');
INSERT INTO "django_admin_log" VALUES(102,'989','BoardSeat object (989)',3,'',17,1,'2024-11-26 09:20:11.363168');
INSERT INTO "django_admin_log" VALUES(103,'988','BoardSeat object (988)',3,'',17,1,'2024-11-26 09:20:11.363180');
INSERT INTO "django_admin_log" VALUES(104,'987','BoardSeat object (987)',3,'',17,1,'2024-11-26 09:20:11.363192');
INSERT INTO "django_admin_log" VALUES(105,'986','BoardSeat object (986)',3,'',17,1,'2024-11-26 09:20:11.363204');
INSERT INTO "django_admin_log" VALUES(106,'985','BoardSeat object (985)',3,'',17,1,'2024-11-26 09:20:11.363215');
INSERT INTO "django_admin_log" VALUES(107,'984','BoardSeat object (984)',3,'',17,1,'2024-11-26 09:20:11.363227');
INSERT INTO "django_admin_log" VALUES(108,'983','BoardSeat object (983)',3,'',17,1,'2024-11-26 09:20:11.363238');
INSERT INTO "django_admin_log" VALUES(109,'982','BoardSeat object (982)',3,'',17,1,'2024-11-26 09:20:11.363250');
INSERT INTO "django_admin_log" VALUES(110,'981','BoardSeat object (981)',3,'',17,1,'2024-11-26 09:20:11.363261');
INSERT INTO "django_admin_log" VALUES(111,'980','BoardSeat object (980)',3,'',17,1,'2024-11-26 09:20:11.363273');
INSERT INTO "django_admin_log" VALUES(112,'979','BoardSeat object (979)',3,'',17,1,'2024-11-26 09:20:11.363284');
INSERT INTO "django_admin_log" VALUES(113,'978','BoardSeat object (978)',3,'',17,1,'2024-11-26 09:20:11.363296');
INSERT INTO "django_admin_log" VALUES(114,'977','BoardSeat object (977)',3,'',17,1,'2024-11-26 09:20:11.363307');
INSERT INTO "django_admin_log" VALUES(115,'976','BoardSeat object (976)',3,'',17,1,'2024-11-26 09:20:11.363319');
INSERT INTO "django_admin_log" VALUES(116,'975','BoardSeat object (975)',3,'',17,1,'2024-11-26 09:20:11.363330');
INSERT INTO "django_admin_log" VALUES(117,'974','BoardSeat object (974)',3,'',17,1,'2024-11-26 09:20:11.363342');
INSERT INTO "django_admin_log" VALUES(118,'973','BoardSeat object (973)',3,'',17,1,'2024-11-26 09:20:11.363353');
INSERT INTO "django_admin_log" VALUES(119,'972','BoardSeat object (972)',3,'',17,1,'2024-11-26 09:20:11.363365');
INSERT INTO "django_admin_log" VALUES(120,'971','BoardSeat object (971)',3,'',17,1,'2024-11-26 09:20:11.363376');
INSERT INTO "django_admin_log" VALUES(121,'970','BoardSeat object (970)',3,'',17,1,'2024-11-26 09:20:11.363387');
INSERT INTO "django_admin_log" VALUES(122,'969','BoardSeat object (969)',3,'',17,1,'2024-11-26 09:20:11.363399');
INSERT INTO "django_admin_log" VALUES(123,'968','BoardSeat object (968)',3,'',17,1,'2024-11-26 09:20:11.363410');
INSERT INTO "django_admin_log" VALUES(124,'967','BoardSeat object (967)',3,'',17,1,'2024-11-26 09:20:11.363422');
INSERT INTO "django_admin_log" VALUES(125,'1332','BoardSeat object (1332)',3,'',17,1,'2024-11-26 09:20:18.361753');
INSERT INTO "django_admin_log" VALUES(126,'1331','BoardSeat object (1331)',3,'',17,1,'2024-11-26 09:20:18.361780');
INSERT INTO "django_admin_log" VALUES(127,'1330','BoardSeat object (1330)',3,'',17,1,'2024-11-26 09:20:18.361793');
INSERT INTO "django_admin_log" VALUES(128,'1329','BoardSeat object (1329)',3,'',17,1,'2024-11-26 09:20:18.361804');
INSERT INTO "django_admin_log" VALUES(129,'1328','BoardSeat object (1328)',3,'',17,1,'2024-11-26 09:20:18.361815');
INSERT INTO "django_admin_log" VALUES(130,'1327','BoardSeat object (1327)',3,'',17,1,'2024-11-26 09:20:18.361825');
INSERT INTO "django_admin_log" VALUES(131,'1326','BoardSeat object (1326)',3,'',17,1,'2024-11-26 09:20:18.361840');
INSERT INTO "django_admin_log" VALUES(132,'1325','BoardSeat object (1325)',3,'',17,1,'2024-11-26 09:20:18.361851');
INSERT INTO "django_admin_log" VALUES(133,'1324','BoardSeat object (1324)',3,'',17,1,'2024-11-26 09:20:18.361861');
INSERT INTO "django_admin_log" VALUES(134,'1323','BoardSeat object (1323)',3,'',17,1,'2024-11-26 09:20:18.361872');
INSERT INTO "django_admin_log" VALUES(135,'1322','BoardSeat object (1322)',3,'',17,1,'2024-11-26 09:20:18.361882');
INSERT INTO "django_admin_log" VALUES(136,'1321','BoardSeat object (1321)',3,'',17,1,'2024-11-26 09:20:18.361892');
INSERT INTO "django_admin_log" VALUES(137,'1320','BoardSeat object (1320)',3,'',17,1,'2024-11-26 09:20:18.361902');
INSERT INTO "django_admin_log" VALUES(138,'1319','BoardSeat object (1319)',3,'',17,1,'2024-11-26 09:20:18.361912');
INSERT INTO "django_admin_log" VALUES(139,'1318','BoardSeat object (1318)',3,'',17,1,'2024-11-26 09:20:18.361923');
INSERT INTO "django_admin_log" VALUES(140,'1317','BoardSeat object (1317)',3,'',17,1,'2024-11-26 09:20:18.361933');
INSERT INTO "django_admin_log" VALUES(141,'1316','BoardSeat object (1316)',3,'',17,1,'2024-11-26 09:20:18.361943');
INSERT INTO "django_admin_log" VALUES(142,'1315','BoardSeat object (1315)',3,'',17,1,'2024-11-26 09:20:18.361953');
INSERT INTO "django_admin_log" VALUES(143,'1314','BoardSeat object (1314)',3,'',17,1,'2024-11-26 09:20:18.361963');
INSERT INTO "django_admin_log" VALUES(144,'1313','BoardSeat object (1313)',3,'',17,1,'2024-11-26 09:20:18.361973');
INSERT INTO "django_admin_log" VALUES(145,'1312','BoardSeat object (1312)',3,'',17,1,'2024-11-26 09:20:18.361983');
INSERT INTO "django_admin_log" VALUES(146,'1311','BoardSeat object (1311)',3,'',17,1,'2024-11-26 09:20:18.361994');
INSERT INTO "django_admin_log" VALUES(147,'1310','BoardSeat object (1310)',3,'',17,1,'2024-11-26 09:20:18.362008');
INSERT INTO "django_admin_log" VALUES(148,'1309','BoardSeat object (1309)',3,'',17,1,'2024-11-26 09:20:18.362019');
INSERT INTO "django_admin_log" VALUES(149,'1308','BoardSeat object (1308)',3,'',17,1,'2024-11-26 09:20:18.362029');
INSERT INTO "django_admin_log" VALUES(150,'1307','BoardSeat object (1307)',3,'',17,1,'2024-11-26 09:20:18.362039');
INSERT INTO "django_admin_log" VALUES(151,'1306','BoardSeat object (1306)',3,'',17,1,'2024-11-26 09:20:18.362050');
INSERT INTO "django_admin_log" VALUES(152,'1305','BoardSeat object (1305)',3,'',17,1,'2024-11-26 09:20:18.362060');
INSERT INTO "django_admin_log" VALUES(153,'1304','BoardSeat object (1304)',3,'',17,1,'2024-11-26 09:20:18.362074');
INSERT INTO "django_admin_log" VALUES(154,'1303','BoardSeat object (1303)',3,'',17,1,'2024-11-26 09:20:18.362085');
INSERT INTO "django_admin_log" VALUES(155,'1302','BoardSeat object (1302)',3,'',17,1,'2024-11-26 09:20:18.362095');
INSERT INTO "django_admin_log" VALUES(156,'1301','BoardSeat object (1301)',3,'',17,1,'2024-11-26 09:20:18.362105');
INSERT INTO "django_admin_log" VALUES(157,'1300','BoardSeat object (1300)',3,'',17,1,'2024-11-26 09:20:18.362208');
INSERT INTO "django_admin_log" VALUES(158,'1299','BoardSeat object (1299)',3,'',17,1,'2024-11-26 09:20:18.362220');
INSERT INTO "django_admin_log" VALUES(159,'1298','BoardSeat object (1298)',3,'',17,1,'2024-11-26 09:20:18.362231');
INSERT INTO "django_admin_log" VALUES(160,'1297','BoardSeat object (1297)',3,'',17,1,'2024-11-26 09:20:18.362243');
INSERT INTO "django_admin_log" VALUES(161,'1296','BoardSeat object (1296)',3,'',17,1,'2024-11-26 09:20:18.362253');
INSERT INTO "django_admin_log" VALUES(162,'1295','BoardSeat object (1295)',3,'',17,1,'2024-11-26 09:20:18.362264');
INSERT INTO "django_admin_log" VALUES(163,'1294','BoardSeat object (1294)',3,'',17,1,'2024-11-26 09:20:18.362274');
INSERT INTO "django_admin_log" VALUES(164,'1293','BoardSeat object (1293)',3,'',17,1,'2024-11-26 09:20:18.362285');
INSERT INTO "django_admin_log" VALUES(165,'1292','BoardSeat object (1292)',3,'',17,1,'2024-11-26 09:20:18.362295');
INSERT INTO "django_admin_log" VALUES(166,'1291','BoardSeat object (1291)',3,'',17,1,'2024-11-26 09:20:18.362306');
INSERT INTO "django_admin_log" VALUES(167,'1290','BoardSeat object (1290)',3,'',17,1,'2024-11-26 09:20:18.362316');
INSERT INTO "django_admin_log" VALUES(168,'1289','BoardSeat object (1289)',3,'',17,1,'2024-11-26 09:20:18.362326');
INSERT INTO "django_admin_log" VALUES(169,'1288','BoardSeat object (1288)',3,'',17,1,'2024-11-26 09:20:18.362337');
INSERT INTO "django_admin_log" VALUES(170,'1287','BoardSeat object (1287)',3,'',17,1,'2024-11-26 09:20:18.362347');
INSERT INTO "django_admin_log" VALUES(171,'1286','BoardSeat object (1286)',3,'',17,1,'2024-11-26 09:20:18.362357');
INSERT INTO "django_admin_log" VALUES(172,'1285','BoardSeat object (1285)',3,'',17,1,'2024-11-26 09:20:18.362368');
INSERT INTO "django_admin_log" VALUES(173,'1284','BoardSeat object (1284)',3,'',17,1,'2024-11-26 09:20:18.362378');
INSERT INTO "django_admin_log" VALUES(174,'1283','BoardSeat object (1283)',3,'',17,1,'2024-11-26 09:20:18.362388');
INSERT INTO "django_admin_log" VALUES(175,'1282','BoardSeat object (1282)',3,'',17,1,'2024-11-26 09:20:18.362398');
INSERT INTO "django_admin_log" VALUES(176,'1281','BoardSeat object (1281)',3,'',17,1,'2024-11-26 09:20:18.362408');
INSERT INTO "django_admin_log" VALUES(177,'1280','BoardSeat object (1280)',3,'',17,1,'2024-11-26 09:20:18.362426');
INSERT INTO "django_admin_log" VALUES(178,'1279','BoardSeat object (1279)',3,'',17,1,'2024-11-26 09:20:18.362436');
INSERT INTO "django_admin_log" VALUES(179,'1278','BoardSeat object (1278)',3,'',17,1,'2024-11-26 09:20:18.362446');
INSERT INTO "django_admin_log" VALUES(180,'1277','BoardSeat object (1277)',3,'',17,1,'2024-11-26 09:20:18.362457');
INSERT INTO "django_admin_log" VALUES(181,'1276','BoardSeat object (1276)',3,'',17,1,'2024-11-26 09:20:18.362467');
INSERT INTO "django_admin_log" VALUES(182,'1275','BoardSeat object (1275)',3,'',17,1,'2024-11-26 09:20:18.362477');
INSERT INTO "django_admin_log" VALUES(183,'1274','BoardSeat object (1274)',3,'',17,1,'2024-11-26 09:20:18.362487');
INSERT INTO "django_admin_log" VALUES(184,'1273','BoardSeat object (1273)',3,'',17,1,'2024-11-26 09:20:18.362497');
INSERT INTO "django_admin_log" VALUES(185,'1272','BoardSeat object (1272)',3,'',17,1,'2024-11-26 09:20:18.362508');
INSERT INTO "django_admin_log" VALUES(186,'1271','BoardSeat object (1271)',3,'',17,1,'2024-11-26 09:20:18.362518');
INSERT INTO "django_admin_log" VALUES(187,'1270','BoardSeat object (1270)',3,'',17,1,'2024-11-26 09:20:18.362529');
INSERT INTO "django_admin_log" VALUES(188,'1269','BoardSeat object (1269)',3,'',17,1,'2024-11-26 09:20:18.362539');
INSERT INTO "django_admin_log" VALUES(189,'1268','BoardSeat object (1268)',3,'',17,1,'2024-11-26 09:20:18.362549');
INSERT INTO "django_admin_log" VALUES(190,'1267','BoardSeat object (1267)',3,'',17,1,'2024-11-26 09:20:18.362560');
INSERT INTO "django_admin_log" VALUES(191,'1266','BoardSeat object (1266)',3,'',17,1,'2024-11-26 09:20:18.362570');
INSERT INTO "django_admin_log" VALUES(192,'1265','BoardSeat object (1265)',3,'',17,1,'2024-11-26 09:20:18.362581');
INSERT INTO "django_admin_log" VALUES(193,'1264','BoardSeat object (1264)',3,'',17,1,'2024-11-26 09:20:18.362591');
INSERT INTO "django_admin_log" VALUES(194,'1263','BoardSeat object (1263)',3,'',17,1,'2024-11-26 09:20:18.362601');
INSERT INTO "django_admin_log" VALUES(195,'1262','BoardSeat object (1262)',3,'',17,1,'2024-11-26 09:20:18.362612');
INSERT INTO "django_admin_log" VALUES(196,'1261','BoardSeat object (1261)',3,'',17,1,'2024-11-26 09:20:18.362622');
INSERT INTO "django_admin_log" VALUES(197,'1260','BoardSeat object (1260)',3,'',17,1,'2024-11-26 09:20:18.362632');
INSERT INTO "django_admin_log" VALUES(198,'1259','BoardSeat object (1259)',3,'',17,1,'2024-11-26 09:20:18.362642');
INSERT INTO "django_admin_log" VALUES(199,'1258','BoardSeat object (1258)',3,'',17,1,'2024-11-26 09:20:18.362652');
INSERT INTO "django_admin_log" VALUES(200,'1257','BoardSeat object (1257)',3,'',17,1,'2024-11-26 09:20:18.362662');
INSERT INTO "django_admin_log" VALUES(201,'1256','BoardSeat object (1256)',3,'',17,1,'2024-11-26 09:20:18.362672');
INSERT INTO "django_admin_log" VALUES(202,'1255','BoardSeat object (1255)',3,'',17,1,'2024-11-26 09:20:18.362683');
INSERT INTO "django_admin_log" VALUES(203,'1254','BoardSeat object (1254)',3,'',17,1,'2024-11-26 09:20:18.362693');
INSERT INTO "django_admin_log" VALUES(204,'1253','BoardSeat object (1253)',3,'',17,1,'2024-11-26 09:20:18.362703');
INSERT INTO "django_admin_log" VALUES(205,'1252','BoardSeat object (1252)',3,'',17,1,'2024-11-26 09:20:18.362713');
INSERT INTO "django_admin_log" VALUES(206,'1251','BoardSeat object (1251)',3,'',17,1,'2024-11-26 09:20:18.362724');
INSERT INTO "django_admin_log" VALUES(207,'1250','BoardSeat object (1250)',3,'',17,1,'2024-11-26 09:20:18.362734');
INSERT INTO "django_admin_log" VALUES(208,'1249','BoardSeat object (1249)',3,'',17,1,'2024-11-26 09:20:18.362744');
INSERT INTO "django_admin_log" VALUES(209,'1248','BoardSeat object (1248)',3,'',17,1,'2024-11-26 09:20:18.362754');
INSERT INTO "django_admin_log" VALUES(210,'1247','BoardSeat object (1247)',3,'',17,1,'2024-11-26 09:20:18.362764');
INSERT INTO "django_admin_log" VALUES(211,'1246','BoardSeat object (1246)',3,'',17,1,'2024-11-26 09:20:18.362774');
INSERT INTO "django_admin_log" VALUES(212,'1245','BoardSeat object (1245)',3,'',17,1,'2024-11-26 09:20:18.362784');
INSERT INTO "django_admin_log" VALUES(213,'1244','BoardSeat object (1244)',3,'',17,1,'2024-11-26 09:20:18.362794');
INSERT INTO "django_admin_log" VALUES(214,'1243','BoardSeat object (1243)',3,'',17,1,'2024-11-26 09:20:18.362804');
INSERT INTO "django_admin_log" VALUES(215,'1242','BoardSeat object (1242)',3,'',17,1,'2024-11-26 09:20:18.362815');
INSERT INTO "django_admin_log" VALUES(216,'1241','BoardSeat object (1241)',3,'',17,1,'2024-11-26 09:20:18.362825');
INSERT INTO "django_admin_log" VALUES(217,'1240','BoardSeat object (1240)',3,'',17,1,'2024-11-26 09:20:18.362835');
INSERT INTO "django_admin_log" VALUES(218,'1239','BoardSeat object (1239)',3,'',17,1,'2024-11-26 09:20:18.362845');
INSERT INTO "django_admin_log" VALUES(219,'1238','BoardSeat object (1238)',3,'',17,1,'2024-11-26 09:20:18.362855');
INSERT INTO "django_admin_log" VALUES(220,'1237','BoardSeat object (1237)',3,'',17,1,'2024-11-26 09:20:18.362866');
INSERT INTO "django_admin_log" VALUES(221,'1236','BoardSeat object (1236)',3,'',17,1,'2024-11-26 09:20:18.362876');
INSERT INTO "django_admin_log" VALUES(222,'1235','BoardSeat object (1235)',3,'',17,1,'2024-11-26 09:20:18.362886');
INSERT INTO "django_admin_log" VALUES(223,'1234','BoardSeat object (1234)',3,'',17,1,'2024-11-26 09:20:18.362896');
INSERT INTO "django_admin_log" VALUES(224,'1233','BoardSeat object (1233)',3,'',17,1,'2024-11-26 09:20:18.362906');
INSERT INTO "django_admin_log" VALUES(225,'1232','BoardSeat object (1232)',3,'',17,1,'2024-11-26 09:20:26.878035');
INSERT INTO "django_admin_log" VALUES(226,'1231','BoardSeat object (1231)',3,'',17,1,'2024-11-26 09:20:26.878062');
INSERT INTO "django_admin_log" VALUES(227,'1230','BoardSeat object (1230)',3,'',17,1,'2024-11-26 09:20:26.878075');
INSERT INTO "django_admin_log" VALUES(228,'1229','BoardSeat object (1229)',3,'',17,1,'2024-11-26 09:20:26.878086');
INSERT INTO "django_admin_log" VALUES(229,'1228','BoardSeat object (1228)',3,'',17,1,'2024-11-26 09:20:26.878097');
INSERT INTO "django_admin_log" VALUES(230,'1227','BoardSeat object (1227)',3,'',17,1,'2024-11-26 09:20:26.878107');
INSERT INTO "django_admin_log" VALUES(231,'1226','BoardSeat object (1226)',3,'',17,1,'2024-11-26 09:20:26.878117');
INSERT INTO "django_admin_log" VALUES(232,'1225','BoardSeat object (1225)',3,'',17,1,'2024-11-26 09:20:26.878128');
INSERT INTO "django_admin_log" VALUES(233,'1224','BoardSeat object (1224)',3,'',17,1,'2024-11-26 09:20:26.878138');
INSERT INTO "django_admin_log" VALUES(234,'1223','BoardSeat object (1223)',3,'',17,1,'2024-11-26 09:20:26.878149');
INSERT INTO "django_admin_log" VALUES(235,'1222','BoardSeat object (1222)',3,'',17,1,'2024-11-26 09:20:26.878159');
INSERT INTO "django_admin_log" VALUES(236,'1221','BoardSeat object (1221)',3,'',17,1,'2024-11-26 09:20:26.878169');
INSERT INTO "django_admin_log" VALUES(237,'1220','BoardSeat object (1220)',3,'',17,1,'2024-11-26 09:20:26.878180');
INSERT INTO "django_admin_log" VALUES(238,'1219','BoardSeat object (1219)',3,'',17,1,'2024-11-26 09:20:26.878190');
INSERT INTO "django_admin_log" VALUES(239,'1218','BoardSeat object (1218)',3,'',17,1,'2024-11-26 09:20:26.878200');
INSERT INTO "django_admin_log" VALUES(240,'1217','BoardSeat object (1217)',3,'',17,1,'2024-11-26 09:20:26.878210');
INSERT INTO "django_admin_log" VALUES(241,'1216','BoardSeat object (1216)',3,'',17,1,'2024-11-26 09:20:26.878220');
INSERT INTO "django_admin_log" VALUES(242,'1215','BoardSeat object (1215)',3,'',17,1,'2024-11-26 09:20:26.878230');
INSERT INTO "django_admin_log" VALUES(243,'1214','BoardSeat object (1214)',3,'',17,1,'2024-11-26 09:20:26.878240');
INSERT INTO "django_admin_log" VALUES(244,'1213','BoardSeat object (1213)',3,'',17,1,'2024-11-26 09:20:26.878250');
INSERT INTO "django_admin_log" VALUES(245,'1212','BoardSeat object (1212)',3,'',17,1,'2024-11-26 09:20:26.878261');
INSERT INTO "django_admin_log" VALUES(246,'1211','BoardSeat object (1211)',3,'',17,1,'2024-11-26 09:20:26.878271');
INSERT INTO "django_admin_log" VALUES(247,'1210','BoardSeat object (1210)',3,'',17,1,'2024-11-26 09:20:26.878281');
INSERT INTO "django_admin_log" VALUES(248,'1209','BoardSeat object (1209)',3,'',17,1,'2024-11-26 09:20:26.878291');
INSERT INTO "django_admin_log" VALUES(249,'1208','BoardSeat object (1208)',3,'',17,1,'2024-11-26 09:20:26.878301');
INSERT INTO "django_admin_log" VALUES(250,'1207','BoardSeat object (1207)',3,'',17,1,'2024-11-26 09:20:26.878311');
INSERT INTO "django_admin_log" VALUES(251,'1206','BoardSeat object (1206)',3,'',17,1,'2024-11-26 09:20:26.878325');
INSERT INTO "django_admin_log" VALUES(252,'1205','BoardSeat object (1205)',3,'',17,1,'2024-11-26 09:20:26.878335');
INSERT INTO "django_admin_log" VALUES(253,'1204','BoardSeat object (1204)',3,'',17,1,'2024-11-26 09:20:26.878345');
INSERT INTO "django_admin_log" VALUES(254,'1203','BoardSeat object (1203)',3,'',17,1,'2024-11-26 09:20:26.878355');
INSERT INTO "django_admin_log" VALUES(255,'1202','BoardSeat object (1202)',3,'',17,1,'2024-11-26 09:20:26.878366');
INSERT INTO "django_admin_log" VALUES(256,'1201','BoardSeat object (1201)',3,'',17,1,'2024-11-26 09:20:26.878376');
INSERT INTO "django_admin_log" VALUES(257,'1200','BoardSeat object (1200)',3,'',17,1,'2024-11-26 09:20:26.878475');
INSERT INTO "django_admin_log" VALUES(258,'1199','BoardSeat object (1199)',3,'',17,1,'2024-11-26 09:20:26.878487');
INSERT INTO "django_admin_log" VALUES(259,'1198','BoardSeat object (1198)',3,'',17,1,'2024-11-26 09:20:26.878497');
INSERT INTO "django_admin_log" VALUES(260,'1197','BoardSeat object (1197)',3,'',17,1,'2024-11-26 09:20:26.878507');
INSERT INTO "django_admin_log" VALUES(261,'1196','BoardSeat object (1196)',3,'',17,1,'2024-11-26 09:20:26.878518');
INSERT INTO "django_admin_log" VALUES(262,'1195','BoardSeat object (1195)',3,'',17,1,'2024-11-26 09:20:26.878528');
INSERT INTO "django_admin_log" VALUES(263,'1194','BoardSeat object (1194)',3,'',17,1,'2024-11-26 09:20:26.878538');
INSERT INTO "django_admin_log" VALUES(264,'1193','BoardSeat object (1193)',3,'',17,1,'2024-11-26 09:20:26.878548');
INSERT INTO "django_admin_log" VALUES(265,'1192','BoardSeat object (1192)',3,'',17,1,'2024-11-26 09:20:26.878558');
INSERT INTO "django_admin_log" VALUES(266,'1191','BoardSeat object (1191)',3,'',17,1,'2024-11-26 09:20:26.878569');
INSERT INTO "django_admin_log" VALUES(267,'1190','BoardSeat object (1190)',3,'',17,1,'2024-11-26 09:20:26.878579');
INSERT INTO "django_admin_log" VALUES(268,'1189','BoardSeat object (1189)',3,'',17,1,'2024-11-26 09:20:26.878589');
INSERT INTO "django_admin_log" VALUES(269,'1188','BoardSeat object (1188)',3,'',17,1,'2024-11-26 09:20:26.878600');
INSERT INTO "django_admin_log" VALUES(270,'1187','BoardSeat object (1187)',3,'',17,1,'2024-11-26 09:20:26.878610');
INSERT INTO "django_admin_log" VALUES(271,'1186','BoardSeat object (1186)',3,'',17,1,'2024-11-26 09:20:26.878620');
INSERT INTO "django_admin_log" VALUES(272,'1185','BoardSeat object (1185)',3,'',17,1,'2024-11-26 09:20:26.878630');
INSERT INTO "django_admin_log" VALUES(273,'1184','BoardSeat object (1184)',3,'',17,1,'2024-11-26 09:20:26.878640');
INSERT INTO "django_admin_log" VALUES(274,'1183','BoardSeat object (1183)',3,'',17,1,'2024-11-26 09:20:26.878650');
INSERT INTO "django_admin_log" VALUES(275,'1182','BoardSeat object (1182)',3,'',17,1,'2024-11-26 09:20:26.878660');
INSERT INTO "django_admin_log" VALUES(276,'1181','BoardSeat object (1181)',3,'',17,1,'2024-11-26 09:20:26.878671');
INSERT INTO "django_admin_log" VALUES(277,'1180','BoardSeat object (1180)',3,'',17,1,'2024-11-26 09:20:26.878681');
INSERT INTO "django_admin_log" VALUES(278,'1179','BoardSeat object (1179)',3,'',17,1,'2024-11-26 09:20:26.878691');
INSERT INTO "django_admin_log" VALUES(279,'1178','BoardSeat object (1178)',3,'',17,1,'2024-11-26 09:20:26.878701');
INSERT INTO "django_admin_log" VALUES(280,'1177','BoardSeat object (1177)',3,'',17,1,'2024-11-26 09:20:26.878711');
INSERT INTO "django_admin_log" VALUES(281,'1176','BoardSeat object (1176)',3,'',17,1,'2024-11-26 09:20:26.878721');
INSERT INTO "django_admin_log" VALUES(282,'1175','BoardSeat object (1175)',3,'',17,1,'2024-11-26 09:20:26.878732');
INSERT INTO "django_admin_log" VALUES(283,'1174','BoardSeat object (1174)',3,'',17,1,'2024-11-26 09:20:26.878742');
INSERT INTO "django_admin_log" VALUES(284,'1173','BoardSeat object (1173)',3,'',17,1,'2024-11-26 09:20:26.878752');
INSERT INTO "django_admin_log" VALUES(285,'1172','BoardSeat object (1172)',3,'',17,1,'2024-11-26 09:20:26.878762');
INSERT INTO "django_admin_log" VALUES(286,'1171','BoardSeat object (1171)',3,'',17,1,'2024-11-26 09:20:26.878773');
INSERT INTO "django_admin_log" VALUES(287,'1170','BoardSeat object (1170)',3,'',17,1,'2024-11-26 09:20:26.878783');
INSERT INTO "django_admin_log" VALUES(288,'1169','BoardSeat object (1169)',3,'',17,1,'2024-11-26 09:20:26.878793');
INSERT INTO "django_admin_log" VALUES(289,'1168','BoardSeat object (1168)',3,'',17,1,'2024-11-26 09:20:26.878803');
INSERT INTO "django_admin_log" VALUES(290,'1167','BoardSeat object (1167)',3,'',17,1,'2024-11-26 09:20:26.878814');
INSERT INTO "django_admin_log" VALUES(291,'1166','BoardSeat object (1166)',3,'',17,1,'2024-11-26 09:20:26.878824');
INSERT INTO "django_admin_log" VALUES(292,'1165','BoardSeat object (1165)',3,'',17,1,'2024-11-26 09:20:26.878834');
INSERT INTO "django_admin_log" VALUES(293,'1164','BoardSeat object (1164)',3,'',17,1,'2024-11-26 09:20:26.878844');
INSERT INTO "django_admin_log" VALUES(294,'1163','BoardSeat object (1163)',3,'',17,1,'2024-11-26 09:20:26.878855');
INSERT INTO "django_admin_log" VALUES(295,'1162','BoardSeat object (1162)',3,'',17,1,'2024-11-26 09:20:26.878865');
INSERT INTO "django_admin_log" VALUES(296,'1161','BoardSeat object (1161)',3,'',17,1,'2024-11-26 09:20:26.878875');
INSERT INTO "django_admin_log" VALUES(297,'1160','BoardSeat object (1160)',3,'',17,1,'2024-11-26 09:20:26.878885');
INSERT INTO "django_admin_log" VALUES(298,'1159','BoardSeat object (1159)',3,'',17,1,'2024-11-26 09:20:26.878895');
INSERT INTO "django_admin_log" VALUES(299,'1158','BoardSeat object (1158)',3,'',17,1,'2024-11-26 09:20:26.878905');
INSERT INTO "django_admin_log" VALUES(300,'1157','BoardSeat object (1157)',3,'',17,1,'2024-11-26 09:20:26.878916');
INSERT INTO "django_admin_log" VALUES(301,'1156','BoardSeat object (1156)',3,'',17,1,'2024-11-26 09:20:26.878926');
INSERT INTO "django_admin_log" VALUES(302,'1155','BoardSeat object (1155)',3,'',17,1,'2024-11-26 09:20:26.878936');
INSERT INTO "django_admin_log" VALUES(303,'1154','BoardSeat object (1154)',3,'',17,1,'2024-11-26 09:20:26.878947');
INSERT INTO "django_admin_log" VALUES(304,'1153','BoardSeat object (1153)',3,'',17,1,'2024-11-26 09:20:26.878956');
INSERT INTO "django_admin_log" VALUES(305,'1152','BoardSeat object (1152)',3,'',17,1,'2024-11-26 09:20:26.878966');
INSERT INTO "django_admin_log" VALUES(306,'1151','BoardSeat object (1151)',3,'',17,1,'2024-11-26 09:20:26.878976');
INSERT INTO "django_admin_log" VALUES(307,'1150','BoardSeat object (1150)',3,'',17,1,'2024-11-26 09:20:26.878986');
INSERT INTO "django_admin_log" VALUES(308,'1149','BoardSeat object (1149)',3,'',17,1,'2024-11-26 09:20:26.878996');
INSERT INTO "django_admin_log" VALUES(309,'1148','BoardSeat object (1148)',3,'',17,1,'2024-11-26 09:20:26.879006');
INSERT INTO "django_admin_log" VALUES(310,'1147','BoardSeat object (1147)',3,'',17,1,'2024-11-26 09:20:26.879016');
INSERT INTO "django_admin_log" VALUES(311,'1146','BoardSeat object (1146)',3,'',17,1,'2024-11-26 09:20:26.879026');
INSERT INTO "django_admin_log" VALUES(312,'1145','BoardSeat object (1145)',3,'',17,1,'2024-11-26 09:20:26.879036');
INSERT INTO "django_admin_log" VALUES(313,'1144','BoardSeat object (1144)',3,'',17,1,'2024-11-26 09:20:26.879046');
INSERT INTO "django_admin_log" VALUES(314,'1143','BoardSeat object (1143)',3,'',17,1,'2024-11-26 09:20:26.879056');
INSERT INTO "django_admin_log" VALUES(315,'1142','BoardSeat object (1142)',3,'',17,1,'2024-11-26 09:20:26.879066');
INSERT INTO "django_admin_log" VALUES(316,'1141','BoardSeat object (1141)',3,'',17,1,'2024-11-26 09:20:26.879077');
INSERT INTO "django_admin_log" VALUES(317,'1140','BoardSeat object (1140)',3,'',17,1,'2024-11-26 09:20:26.879087');
INSERT INTO "django_admin_log" VALUES(318,'1139','BoardSeat object (1139)',3,'',17,1,'2024-11-26 09:20:26.879097');
INSERT INTO "django_admin_log" VALUES(319,'1138','BoardSeat object (1138)',3,'',17,1,'2024-11-26 09:20:26.879107');
INSERT INTO "django_admin_log" VALUES(320,'1137','BoardSeat object (1137)',3,'',17,1,'2024-11-26 09:20:26.879117');
INSERT INTO "django_admin_log" VALUES(321,'1136','BoardSeat object (1136)',3,'',17,1,'2024-11-26 09:20:26.879128');
INSERT INTO "django_admin_log" VALUES(322,'1135','BoardSeat object (1135)',3,'',17,1,'2024-11-26 09:20:26.879138');
INSERT INTO "django_admin_log" VALUES(323,'1134','BoardSeat object (1134)',3,'',17,1,'2024-11-26 09:20:26.879148');
INSERT INTO "django_admin_log" VALUES(324,'1133','BoardSeat object (1133)',3,'',17,1,'2024-11-26 09:20:26.879158');
INSERT INTO "django_admin_log" VALUES(325,'1132','BoardSeat object (1132)',3,'',17,1,'2024-11-26 09:20:38.116302');
INSERT INTO "django_admin_log" VALUES(326,'1131','BoardSeat object (1131)',3,'',17,1,'2024-11-26 09:20:38.116328');
INSERT INTO "django_admin_log" VALUES(327,'1130','BoardSeat object (1130)',3,'',17,1,'2024-11-26 09:20:38.116341');
INSERT INTO "django_admin_log" VALUES(328,'1129','BoardSeat object (1129)',3,'',17,1,'2024-11-26 09:20:38.116352');
INSERT INTO "django_admin_log" VALUES(329,'1128','BoardSeat object (1128)',3,'',17,1,'2024-11-26 09:20:38.116363');
INSERT INTO "django_admin_log" VALUES(330,'1127','BoardSeat object (1127)',3,'',17,1,'2024-11-26 09:20:38.116374');
INSERT INTO "django_admin_log" VALUES(331,'1126','BoardSeat object (1126)',3,'',17,1,'2024-11-26 09:20:38.116384');
INSERT INTO "django_admin_log" VALUES(332,'1125','BoardSeat object (1125)',3,'',17,1,'2024-11-26 09:20:38.116394');
INSERT INTO "django_admin_log" VALUES(333,'1124','BoardSeat object (1124)',3,'',17,1,'2024-11-26 09:20:38.116405');
INSERT INTO "django_admin_log" VALUES(334,'1123','BoardSeat object (1123)',3,'',17,1,'2024-11-26 09:20:38.116415');
INSERT INTO "django_admin_log" VALUES(335,'1122','BoardSeat object (1122)',3,'',17,1,'2024-11-26 09:20:38.116425');
INSERT INTO "django_admin_log" VALUES(336,'1121','BoardSeat object (1121)',3,'',17,1,'2024-11-26 09:20:38.116435');
INSERT INTO "django_admin_log" VALUES(337,'1120','BoardSeat object (1120)',3,'',17,1,'2024-11-26 09:20:38.116445');
INSERT INTO "django_admin_log" VALUES(338,'1119','BoardSeat object (1119)',3,'',17,1,'2024-11-26 09:20:38.116455');
INSERT INTO "django_admin_log" VALUES(339,'1118','BoardSeat object (1118)',3,'',17,1,'2024-11-26 09:20:38.116465');
INSERT INTO "django_admin_log" VALUES(340,'1117','BoardSeat object (1117)',3,'',17,1,'2024-11-26 09:20:38.116475');
INSERT INTO "django_admin_log" VALUES(341,'1116','BoardSeat object (1116)',3,'',17,1,'2024-11-26 09:20:38.116485');
INSERT INTO "django_admin_log" VALUES(342,'1115','BoardSeat object (1115)',3,'',17,1,'2024-11-26 09:20:38.116495');
INSERT INTO "django_admin_log" VALUES(343,'1114','BoardSeat object (1114)',3,'',17,1,'2024-11-26 09:20:38.116505');
INSERT INTO "django_admin_log" VALUES(344,'1113','BoardSeat object (1113)',3,'',17,1,'2024-11-26 09:20:38.116515');
INSERT INTO "django_admin_log" VALUES(345,'1112','BoardSeat object (1112)',3,'',17,1,'2024-11-26 09:20:38.116525');
INSERT INTO "django_admin_log" VALUES(346,'1111','BoardSeat object (1111)',3,'',17,1,'2024-11-26 09:20:38.116535');
INSERT INTO "django_admin_log" VALUES(347,'1110','BoardSeat object (1110)',3,'',17,1,'2024-11-26 09:20:38.116545');
INSERT INTO "django_admin_log" VALUES(348,'1109','BoardSeat object (1109)',3,'',17,1,'2024-11-26 09:20:38.116555');
INSERT INTO "django_admin_log" VALUES(349,'1108','BoardSeat object (1108)',3,'',17,1,'2024-11-26 09:20:38.116565');
INSERT INTO "django_admin_log" VALUES(350,'1107','BoardSeat object (1107)',3,'',17,1,'2024-11-26 09:20:38.116576');
INSERT INTO "django_admin_log" VALUES(351,'1106','BoardSeat object (1106)',3,'',17,1,'2024-11-26 09:20:38.116586');
INSERT INTO "django_admin_log" VALUES(352,'1105','BoardSeat object (1105)',3,'',17,1,'2024-11-26 09:20:38.116596');
INSERT INTO "django_admin_log" VALUES(353,'1104','BoardSeat object (1104)',3,'',17,1,'2024-11-26 09:20:38.116606');
INSERT INTO "django_admin_log" VALUES(354,'1103','BoardSeat object (1103)',3,'',17,1,'2024-11-26 09:20:38.116616');
INSERT INTO "django_admin_log" VALUES(355,'1102','BoardSeat object (1102)',3,'',17,1,'2024-11-26 09:20:38.116628');
INSERT INTO "django_admin_log" VALUES(356,'1101','BoardSeat object (1101)',3,'',17,1,'2024-11-26 09:20:38.116639');
INSERT INTO "django_admin_log" VALUES(357,'1100','BoardSeat object (1100)',3,'',17,1,'2024-11-26 09:20:38.116741');
INSERT INTO "django_admin_log" VALUES(358,'1099','BoardSeat object (1099)',3,'',17,1,'2024-11-26 09:20:38.116752');
INSERT INTO "django_admin_log" VALUES(359,'1098','BoardSeat object (1098)',3,'',17,1,'2024-11-26 09:20:38.116762');
INSERT INTO "django_admin_log" VALUES(360,'1097','BoardSeat object (1097)',3,'',17,1,'2024-11-26 09:20:38.116773');
INSERT INTO "django_admin_log" VALUES(361,'1096','BoardSeat object (1096)',3,'',17,1,'2024-11-26 09:20:38.116783');
INSERT INTO "django_admin_log" VALUES(362,'1095','BoardSeat object (1095)',3,'',17,1,'2024-11-26 09:20:38.116793');
INSERT INTO "django_admin_log" VALUES(363,'1094','BoardSeat object (1094)',3,'',17,1,'2024-11-26 09:20:38.116803');
INSERT INTO "django_admin_log" VALUES(364,'1093','BoardSeat object (1093)',3,'',17,1,'2024-11-26 09:20:38.116814');
INSERT INTO "django_admin_log" VALUES(365,'1092','BoardSeat object (1092)',3,'',17,1,'2024-11-26 09:20:38.116824');
INSERT INTO "django_admin_log" VALUES(366,'1091','BoardSeat object (1091)',3,'',17,1,'2024-11-26 09:20:38.116834');
INSERT INTO "django_admin_log" VALUES(367,'1090','BoardSeat object (1090)',3,'',17,1,'2024-11-26 09:20:38.116844');
INSERT INTO "django_admin_log" VALUES(368,'1089','BoardSeat object (1089)',3,'',17,1,'2024-11-26 09:20:38.116855');
INSERT INTO "django_admin_log" VALUES(369,'1088','BoardSeat object (1088)',3,'',17,1,'2024-11-26 09:20:38.116865');
INSERT INTO "django_admin_log" VALUES(370,'1087','BoardSeat object (1087)',3,'',17,1,'2024-11-26 09:20:38.116875');
INSERT INTO "django_admin_log" VALUES(371,'1086','BoardSeat object (1086)',3,'',17,1,'2024-11-26 09:20:38.116885');
INSERT INTO "django_admin_log" VALUES(372,'1085','BoardSeat object (1085)',3,'',17,1,'2024-11-26 09:20:38.116895');
INSERT INTO "django_admin_log" VALUES(373,'1084','BoardSeat object (1084)',3,'',17,1,'2024-11-26 09:20:38.116905');
INSERT INTO "django_admin_log" VALUES(374,'1083','BoardSeat object (1083)',3,'',17,1,'2024-11-26 09:20:38.116915');
INSERT INTO "django_admin_log" VALUES(375,'1082','BoardSeat object (1082)',3,'',17,1,'2024-11-26 09:20:38.116925');
INSERT INTO "django_admin_log" VALUES(376,'1081','BoardSeat object (1081)',3,'',17,1,'2024-11-26 09:20:38.116935');
INSERT INTO "django_admin_log" VALUES(377,'1080','BoardSeat object (1080)',3,'',17,1,'2024-11-26 09:20:38.116945');
INSERT INTO "django_admin_log" VALUES(378,'1079','BoardSeat object (1079)',3,'',17,1,'2024-11-26 09:20:38.116955');
INSERT INTO "django_admin_log" VALUES(379,'1078','BoardSeat object (1078)',3,'',17,1,'2024-11-26 09:20:38.116965');
INSERT INTO "django_admin_log" VALUES(380,'1077','BoardSeat object (1077)',3,'',17,1,'2024-11-26 09:20:38.116974');
INSERT INTO "django_admin_log" VALUES(381,'1076','BoardSeat object (1076)',3,'',17,1,'2024-11-26 09:20:38.116985');
INSERT INTO "django_admin_log" VALUES(382,'1075','BoardSeat object (1075)',3,'',17,1,'2024-11-26 09:20:38.116994');
INSERT INTO "django_admin_log" VALUES(383,'1074','BoardSeat object (1074)',3,'',17,1,'2024-11-26 09:20:38.117004');
INSERT INTO "django_admin_log" VALUES(384,'1073','BoardSeat object (1073)',3,'',17,1,'2024-11-26 09:20:38.117014');
INSERT INTO "django_admin_log" VALUES(385,'1072','BoardSeat object (1072)',3,'',17,1,'2024-11-26 09:20:38.117024');
INSERT INTO "django_admin_log" VALUES(386,'1071','BoardSeat object (1071)',3,'',17,1,'2024-11-26 09:20:38.117034');
INSERT INTO "django_admin_log" VALUES(387,'1070','BoardSeat object (1070)',3,'',17,1,'2024-11-26 09:20:38.117044');
INSERT INTO "django_admin_log" VALUES(388,'1069','BoardSeat object (1069)',3,'',17,1,'2024-11-26 09:20:38.117054');
INSERT INTO "django_admin_log" VALUES(389,'1068','BoardSeat object (1068)',3,'',17,1,'2024-11-26 09:20:38.117064');
INSERT INTO "django_admin_log" VALUES(390,'1067','BoardSeat object (1067)',3,'',17,1,'2024-11-26 09:20:38.117075');
INSERT INTO "django_admin_log" VALUES(391,'966','BoardSeat object (966)',3,'',17,1,'2024-11-26 09:20:38.117085');
INSERT INTO "django_admin_log" VALUES(392,'965','BoardSeat object (965)',3,'',17,1,'2024-11-26 09:20:38.117095');
INSERT INTO "django_admin_log" VALUES(393,'964','BoardSeat object (964)',3,'',17,1,'2024-11-26 09:20:38.117105');
INSERT INTO "django_admin_log" VALUES(394,'963','BoardSeat object (963)',3,'',17,1,'2024-11-26 09:20:38.117115');
INSERT INTO "django_admin_log" VALUES(395,'962','BoardSeat object (962)',3,'',17,1,'2024-11-26 09:20:38.117125');
INSERT INTO "django_admin_log" VALUES(396,'961','BoardSeat object (961)',3,'',17,1,'2024-11-26 09:20:38.117135');
INSERT INTO "django_admin_log" VALUES(397,'960','BoardSeat object (960)',3,'',17,1,'2024-11-26 09:20:38.117145');
INSERT INTO "django_admin_log" VALUES(398,'959','BoardSeat object (959)',3,'',17,1,'2024-11-26 09:20:38.117155');
INSERT INTO "django_admin_log" VALUES(399,'958','BoardSeat object (958)',3,'',17,1,'2024-11-26 09:20:38.117165');
INSERT INTO "django_admin_log" VALUES(400,'957','BoardSeat object (957)',3,'',17,1,'2024-11-26 09:20:38.117175');
INSERT INTO "django_admin_log" VALUES(401,'956','BoardSeat object (956)',3,'',17,1,'2024-11-26 09:20:38.117185');
INSERT INTO "django_admin_log" VALUES(402,'955','BoardSeat object (955)',3,'',17,1,'2024-11-26 09:20:38.117195');
INSERT INTO "django_admin_log" VALUES(403,'954','BoardSeat object (954)',3,'',17,1,'2024-11-26 09:20:38.117205');
INSERT INTO "django_admin_log" VALUES(404,'953','BoardSeat object (953)',3,'',17,1,'2024-11-26 09:20:38.117215');
INSERT INTO "django_admin_log" VALUES(405,'952','BoardSeat object (952)',3,'',17,1,'2024-11-26 09:20:38.117225');
INSERT INTO "django_admin_log" VALUES(406,'951','BoardSeat object (951)',3,'',17,1,'2024-11-26 09:20:38.117235');
INSERT INTO "django_admin_log" VALUES(407,'950','BoardSeat object (950)',3,'',17,1,'2024-11-26 09:20:38.117245');
INSERT INTO "django_admin_log" VALUES(408,'949','BoardSeat object (949)',3,'',17,1,'2024-11-26 09:20:38.117255');
INSERT INTO "django_admin_log" VALUES(409,'948','BoardSeat object (948)',3,'',17,1,'2024-11-26 09:20:38.117265');
INSERT INTO "django_admin_log" VALUES(410,'947','BoardSeat object (947)',3,'',17,1,'2024-11-26 09:20:38.117275');
INSERT INTO "django_admin_log" VALUES(411,'946','BoardSeat object (946)',3,'',17,1,'2024-11-26 09:20:38.117285');
INSERT INTO "django_admin_log" VALUES(412,'945','BoardSeat object (945)',3,'',17,1,'2024-11-26 09:20:38.117295');
INSERT INTO "django_admin_log" VALUES(413,'944','BoardSeat object (944)',3,'',17,1,'2024-11-26 09:20:38.117305');
INSERT INTO "django_admin_log" VALUES(414,'943','BoardSeat object (943)',3,'',17,1,'2024-11-26 09:20:38.117315');
INSERT INTO "django_admin_log" VALUES(415,'942','BoardSeat object (942)',3,'',17,1,'2024-11-26 09:20:38.117325');
INSERT INTO "django_admin_log" VALUES(416,'941','BoardSeat object (941)',3,'',17,1,'2024-11-26 09:20:38.117335');
INSERT INTO "django_admin_log" VALUES(417,'940','BoardSeat object (940)',3,'',17,1,'2024-11-26 09:20:38.117345');
INSERT INTO "django_admin_log" VALUES(418,'939','BoardSeat object (939)',3,'',17,1,'2024-11-26 09:20:38.117355');
INSERT INTO "django_admin_log" VALUES(419,'938','BoardSeat object (938)',3,'',17,1,'2024-11-26 09:20:38.117365');
INSERT INTO "django_admin_log" VALUES(420,'937','BoardSeat object (937)',3,'',17,1,'2024-11-26 09:20:38.117375');
INSERT INTO "django_admin_log" VALUES(421,'936','BoardSeat object (936)',3,'',17,1,'2024-11-26 09:20:38.117387');
INSERT INTO "django_admin_log" VALUES(422,'935','BoardSeat object (935)',3,'',17,1,'2024-11-26 09:20:38.117398');
INSERT INTO "django_admin_log" VALUES(423,'934','BoardSeat object (934)',3,'',17,1,'2024-11-26 09:20:38.117408');
INSERT INTO "django_admin_log" VALUES(424,'933','BoardSeat object (933)',3,'',17,1,'2024-11-26 09:20:38.117419');
INSERT INTO "django_admin_log" VALUES(425,'932','BoardSeat object (932)',3,'',17,1,'2024-11-26 09:20:47.309808');
INSERT INTO "django_admin_log" VALUES(426,'931','BoardSeat object (931)',3,'',17,1,'2024-11-26 09:20:47.309832');
INSERT INTO "django_admin_log" VALUES(427,'930','BoardSeat object (930)',3,'',17,1,'2024-11-26 09:20:47.309844');
INSERT INTO "django_admin_log" VALUES(428,'929','BoardSeat object (929)',3,'',17,1,'2024-11-26 09:20:47.309855');
INSERT INTO "django_admin_log" VALUES(429,'928','BoardSeat object (928)',3,'',17,1,'2024-11-26 09:20:47.309865');
INSERT INTO "django_admin_log" VALUES(430,'927','BoardSeat object (927)',3,'',17,1,'2024-11-26 09:20:47.309876');
INSERT INTO "django_admin_log" VALUES(431,'926','BoardSeat object (926)',3,'',17,1,'2024-11-26 09:20:47.309887');
INSERT INTO "django_admin_log" VALUES(432,'925','BoardSeat object (925)',3,'',17,1,'2024-11-26 09:20:47.309897');
INSERT INTO "django_admin_log" VALUES(433,'924','BoardSeat object (924)',3,'',17,1,'2024-11-26 09:20:47.309907');
INSERT INTO "django_admin_log" VALUES(434,'923','BoardSeat object (923)',3,'',17,1,'2024-11-26 09:20:47.309918');
INSERT INTO "django_admin_log" VALUES(435,'922','BoardSeat object (922)',3,'',17,1,'2024-11-26 09:20:47.309928');
INSERT INTO "django_admin_log" VALUES(436,'921','BoardSeat object (921)',3,'',17,1,'2024-11-26 09:20:47.309938');
INSERT INTO "django_admin_log" VALUES(437,'920','BoardSeat object (920)',3,'',17,1,'2024-11-26 09:20:47.309948');
INSERT INTO "django_admin_log" VALUES(438,'919','BoardSeat object (919)',3,'',17,1,'2024-11-26 09:20:47.309959');
INSERT INTO "django_admin_log" VALUES(439,'918','BoardSeat object (918)',3,'',17,1,'2024-11-26 09:20:47.309969');
INSERT INTO "django_admin_log" VALUES(440,'917','BoardSeat object (917)',3,'',17,1,'2024-11-26 09:20:47.309979');
INSERT INTO "django_admin_log" VALUES(441,'916','BoardSeat object (916)',3,'',17,1,'2024-11-26 09:20:47.309989');
INSERT INTO "django_admin_log" VALUES(442,'915','BoardSeat object (915)',3,'',17,1,'2024-11-26 09:20:47.309999');
INSERT INTO "django_admin_log" VALUES(443,'914','BoardSeat object (914)',3,'',17,1,'2024-11-26 09:20:47.310009');
INSERT INTO "django_admin_log" VALUES(444,'913','BoardSeat object (913)',3,'',17,1,'2024-11-26 09:20:47.310019');
INSERT INTO "django_admin_log" VALUES(445,'912','BoardSeat object (912)',3,'',17,1,'2024-11-26 09:20:47.310029');
INSERT INTO "django_admin_log" VALUES(446,'911','BoardSeat object (911)',3,'',17,1,'2024-11-26 09:20:47.310040');
INSERT INTO "django_admin_log" VALUES(447,'910','BoardSeat object (910)',3,'',17,1,'2024-11-26 09:20:47.310050');
INSERT INTO "django_admin_log" VALUES(448,'909','BoardSeat object (909)',3,'',17,1,'2024-11-26 09:20:47.310060');
INSERT INTO "django_admin_log" VALUES(449,'908','BoardSeat object (908)',3,'',17,1,'2024-11-26 09:20:47.310070');
INSERT INTO "django_admin_log" VALUES(450,'907','BoardSeat object (907)',3,'',17,1,'2024-11-26 09:20:47.310081');
INSERT INTO "django_admin_log" VALUES(451,'906','BoardSeat object (906)',3,'',17,1,'2024-11-26 09:20:47.310091');
INSERT INTO "django_admin_log" VALUES(452,'905','BoardSeat object (905)',3,'',17,1,'2024-11-26 09:20:47.310102');
INSERT INTO "django_admin_log" VALUES(453,'904','BoardSeat object (904)',3,'',17,1,'2024-11-26 09:20:47.310112');
INSERT INTO "django_admin_log" VALUES(454,'903','BoardSeat object (903)',3,'',17,1,'2024-11-26 09:20:47.310122');
INSERT INTO "django_admin_log" VALUES(455,'902','BoardSeat object (902)',3,'',17,1,'2024-11-26 09:20:47.310133');
INSERT INTO "django_admin_log" VALUES(456,'901','BoardSeat object (901)',3,'',17,1,'2024-11-26 09:20:47.310143');
INSERT INTO "django_admin_log" VALUES(457,'900','BoardSeat object (900)',3,'',17,1,'2024-11-26 09:20:47.310153');
INSERT INTO "django_admin_log" VALUES(458,'899','BoardSeat object (899)',3,'',17,1,'2024-11-26 09:20:47.310163');
INSERT INTO "django_admin_log" VALUES(459,'898','BoardSeat object (898)',3,'',17,1,'2024-11-26 09:20:47.310173');
INSERT INTO "django_admin_log" VALUES(460,'897','BoardSeat object (897)',3,'',17,1,'2024-11-26 09:20:47.310183');
INSERT INTO "django_admin_log" VALUES(461,'896','BoardSeat object (896)',3,'',17,1,'2024-11-26 09:20:47.310193');
INSERT INTO "django_admin_log" VALUES(462,'895','BoardSeat object (895)',3,'',17,1,'2024-11-26 09:20:47.310203');
INSERT INTO "django_admin_log" VALUES(463,'894','BoardSeat object (894)',3,'',17,1,'2024-11-26 09:20:47.310213');
INSERT INTO "django_admin_log" VALUES(464,'893','BoardSeat object (893)',3,'',17,1,'2024-11-26 09:20:47.310224');
INSERT INTO "django_admin_log" VALUES(465,'892','BoardSeat object (892)',3,'',17,1,'2024-11-26 09:20:47.310234');
INSERT INTO "django_admin_log" VALUES(466,'891','BoardSeat object (891)',3,'',17,1,'2024-11-26 09:20:47.310244');
INSERT INTO "django_admin_log" VALUES(467,'890','BoardSeat object (890)',3,'',17,1,'2024-11-26 09:20:47.310254');
INSERT INTO "django_admin_log" VALUES(468,'889','BoardSeat object (889)',3,'',17,1,'2024-11-26 09:20:47.310264');
INSERT INTO "django_admin_log" VALUES(469,'888','BoardSeat object (888)',3,'',17,1,'2024-11-26 09:20:47.310274');
INSERT INTO "django_admin_log" VALUES(470,'887','BoardSeat object (887)',3,'',17,1,'2024-11-26 09:20:47.310284');
INSERT INTO "django_admin_log" VALUES(471,'886','BoardSeat object (886)',3,'',17,1,'2024-11-26 09:20:47.310294');
INSERT INTO "django_admin_log" VALUES(472,'885','BoardSeat object (885)',3,'',17,1,'2024-11-26 09:20:47.310304');
INSERT INTO "django_admin_log" VALUES(473,'884','BoardSeat object (884)',3,'',17,1,'2024-11-26 09:20:47.310314');
INSERT INTO "django_admin_log" VALUES(474,'883','BoardSeat object (883)',3,'',17,1,'2024-11-26 09:20:47.310324');
INSERT INTO "django_admin_log" VALUES(475,'882','BoardSeat object (882)',3,'',17,1,'2024-11-26 09:20:47.310334');
INSERT INTO "django_admin_log" VALUES(476,'881','BoardSeat object (881)',3,'',17,1,'2024-11-26 09:20:47.310344');
INSERT INTO "django_admin_log" VALUES(477,'880','BoardSeat object (880)',3,'',17,1,'2024-11-26 09:20:47.310354');
INSERT INTO "django_admin_log" VALUES(478,'879','BoardSeat object (879)',3,'',17,1,'2024-11-26 09:20:47.310364');
INSERT INTO "django_admin_log" VALUES(479,'878','BoardSeat object (878)',3,'',17,1,'2024-11-26 09:20:47.310374');
INSERT INTO "django_admin_log" VALUES(480,'877','BoardSeat object (877)',3,'',17,1,'2024-11-26 09:20:47.310384');
INSERT INTO "django_admin_log" VALUES(481,'876','BoardSeat object (876)',3,'',17,1,'2024-11-26 09:20:47.310394');
INSERT INTO "django_admin_log" VALUES(482,'875','BoardSeat object (875)',3,'',17,1,'2024-11-26 09:20:47.310404');
INSERT INTO "django_admin_log" VALUES(483,'874','BoardSeat object (874)',3,'',17,1,'2024-11-26 09:20:47.310414');
INSERT INTO "django_admin_log" VALUES(484,'873','BoardSeat object (873)',3,'',17,1,'2024-11-26 09:20:47.310424');
INSERT INTO "django_admin_log" VALUES(485,'872','BoardSeat object (872)',3,'',17,1,'2024-11-26 09:20:47.310434');
INSERT INTO "django_admin_log" VALUES(486,'871','BoardSeat object (871)',3,'',17,1,'2024-11-26 09:20:47.310444');
INSERT INTO "django_admin_log" VALUES(487,'870','BoardSeat object (870)',3,'',17,1,'2024-11-26 09:20:47.310455');
INSERT INTO "django_admin_log" VALUES(488,'869','BoardSeat object (869)',3,'',17,1,'2024-11-26 09:20:47.310465');
INSERT INTO "django_admin_log" VALUES(489,'868','BoardSeat object (868)',3,'',17,1,'2024-11-26 09:20:47.310475');
INSERT INTO "django_admin_log" VALUES(490,'867','BoardSeat object (867)',3,'',17,1,'2024-11-26 09:20:47.310486');
INSERT INTO "django_admin_log" VALUES(491,'866','BoardSeat object (866)',3,'',17,1,'2024-11-26 09:20:47.310496');
INSERT INTO "django_admin_log" VALUES(492,'865','BoardSeat object (865)',3,'',17,1,'2024-11-26 09:20:47.310506');
INSERT INTO "django_admin_log" VALUES(493,'864','BoardSeat object (864)',3,'',17,1,'2024-11-26 09:20:47.310516');
INSERT INTO "django_admin_log" VALUES(494,'863','BoardSeat object (863)',3,'',17,1,'2024-11-26 09:20:47.310525');
INSERT INTO "django_admin_log" VALUES(495,'862','BoardSeat object (862)',3,'',17,1,'2024-11-26 09:20:47.310536');
INSERT INTO "django_admin_log" VALUES(496,'861','BoardSeat object (861)',3,'',17,1,'2024-11-26 09:20:47.310546');
INSERT INTO "django_admin_log" VALUES(497,'860','BoardSeat object (860)',3,'',17,1,'2024-11-26 09:20:47.310556');
INSERT INTO "django_admin_log" VALUES(498,'859','BoardSeat object (859)',3,'',17,1,'2024-11-26 09:20:47.310565');
INSERT INTO "django_admin_log" VALUES(499,'858','BoardSeat object (858)',3,'',17,1,'2024-11-26 09:20:47.310576');
INSERT INTO "django_admin_log" VALUES(500,'857','BoardSeat object (857)',3,'',17,1,'2024-11-26 09:20:47.310586');
INSERT INTO "django_admin_log" VALUES(501,'856','BoardSeat object (856)',3,'',17,1,'2024-11-26 09:20:47.310596');
INSERT INTO "django_admin_log" VALUES(502,'855','BoardSeat object (855)',3,'',17,1,'2024-11-26 09:20:47.310606');
INSERT INTO "django_admin_log" VALUES(503,'854','BoardSeat object (854)',3,'',17,1,'2024-11-26 09:20:47.310617');
INSERT INTO "django_admin_log" VALUES(504,'853','BoardSeat object (853)',3,'',17,1,'2024-11-26 09:20:47.310627');
INSERT INTO "django_admin_log" VALUES(505,'852','BoardSeat object (852)',3,'',17,1,'2024-11-26 09:20:47.310636');
INSERT INTO "django_admin_log" VALUES(506,'851','BoardSeat object (851)',3,'',17,1,'2024-11-26 09:20:47.310646');
INSERT INTO "django_admin_log" VALUES(507,'850','BoardSeat object (850)',3,'',17,1,'2024-11-26 09:20:47.310656');
INSERT INTO "django_admin_log" VALUES(508,'849','BoardSeat object (849)',3,'',17,1,'2024-11-26 09:20:47.310666');
INSERT INTO "django_admin_log" VALUES(509,'848','BoardSeat object (848)',3,'',17,1,'2024-11-26 09:20:47.310676');
INSERT INTO "django_admin_log" VALUES(510,'847','BoardSeat object (847)',3,'',17,1,'2024-11-26 09:20:47.310686');
INSERT INTO "django_admin_log" VALUES(511,'846','BoardSeat object (846)',3,'',17,1,'2024-11-26 09:20:47.310696');
INSERT INTO "django_admin_log" VALUES(512,'845','BoardSeat object (845)',3,'',17,1,'2024-11-26 09:20:47.310706');
INSERT INTO "django_admin_log" VALUES(513,'844','BoardSeat object (844)',3,'',17,1,'2024-11-26 09:20:47.310717');
INSERT INTO "django_admin_log" VALUES(514,'843','BoardSeat object (843)',3,'',17,1,'2024-11-26 09:20:47.310727');
INSERT INTO "django_admin_log" VALUES(515,'842','BoardSeat object (842)',3,'',17,1,'2024-11-26 09:20:47.310737');
INSERT INTO "django_admin_log" VALUES(516,'841','BoardSeat object (841)',3,'',17,1,'2024-11-26 09:20:47.310747');
INSERT INTO "django_admin_log" VALUES(517,'840','BoardSeat object (840)',3,'',17,1,'2024-11-26 09:20:47.310758');
INSERT INTO "django_admin_log" VALUES(518,'839','BoardSeat object (839)',3,'',17,1,'2024-11-26 09:20:47.310768');
INSERT INTO "django_admin_log" VALUES(519,'838','BoardSeat object (838)',3,'',17,1,'2024-11-26 09:20:47.310778');
INSERT INTO "django_admin_log" VALUES(520,'837','BoardSeat object (837)',3,'',17,1,'2024-11-26 09:20:47.310788');
INSERT INTO "django_admin_log" VALUES(521,'836','BoardSeat object (836)',3,'',17,1,'2024-11-26 09:20:47.310799');
INSERT INTO "django_admin_log" VALUES(522,'835','BoardSeat object (835)',3,'',17,1,'2024-11-26 09:20:47.310809');
INSERT INTO "django_admin_log" VALUES(523,'834','BoardSeat object (834)',3,'',17,1,'2024-11-26 09:20:47.310819');
INSERT INTO "django_admin_log" VALUES(524,'833','BoardSeat object (833)',3,'',17,1,'2024-11-26 09:20:47.310829');
INSERT INTO "django_admin_log" VALUES(525,'832','BoardSeat object (832)',3,'',17,1,'2024-11-26 09:20:52.133129');
INSERT INTO "django_admin_log" VALUES(526,'831','BoardSeat object (831)',3,'',17,1,'2024-11-26 09:20:52.133155');
INSERT INTO "django_admin_log" VALUES(527,'830','BoardSeat object (830)',3,'',17,1,'2024-11-26 09:20:52.133167');
INSERT INTO "django_admin_log" VALUES(528,'829','BoardSeat object (829)',3,'',17,1,'2024-11-26 09:20:52.133178');
INSERT INTO "django_admin_log" VALUES(529,'828','BoardSeat object (828)',3,'',17,1,'2024-11-26 09:20:52.133189');
INSERT INTO "django_admin_log" VALUES(530,'827','BoardSeat object (827)',3,'',17,1,'2024-11-26 09:20:52.133199');
INSERT INTO "django_admin_log" VALUES(531,'826','BoardSeat object (826)',3,'',17,1,'2024-11-26 09:20:52.133209');
INSERT INTO "django_admin_log" VALUES(532,'825','BoardSeat object (825)',3,'',17,1,'2024-11-26 09:20:52.133220');
INSERT INTO "django_admin_log" VALUES(533,'824','BoardSeat object (824)',3,'',17,1,'2024-11-26 09:20:52.133230');
INSERT INTO "django_admin_log" VALUES(534,'823','BoardSeat object (823)',3,'',17,1,'2024-11-26 09:20:52.133240');
INSERT INTO "django_admin_log" VALUES(535,'822','BoardSeat object (822)',3,'',17,1,'2024-11-26 09:20:52.133251');
INSERT INTO "django_admin_log" VALUES(536,'821','BoardSeat object (821)',3,'',17,1,'2024-11-26 09:20:52.133261');
INSERT INTO "django_admin_log" VALUES(537,'820','BoardSeat object (820)',3,'',17,1,'2024-11-26 09:20:52.133271');
INSERT INTO "django_admin_log" VALUES(538,'819','BoardSeat object (819)',3,'',17,1,'2024-11-26 09:20:52.133282');
INSERT INTO "django_admin_log" VALUES(539,'818','BoardSeat object (818)',3,'',17,1,'2024-11-26 09:20:52.133292');
INSERT INTO "django_admin_log" VALUES(540,'817','BoardSeat object (817)',3,'',17,1,'2024-11-26 09:20:52.133302');
INSERT INTO "django_admin_log" VALUES(541,'816','BoardSeat object (816)',3,'',17,1,'2024-11-26 09:20:52.133312');
INSERT INTO "django_admin_log" VALUES(542,'815','BoardSeat object (815)',3,'',17,1,'2024-11-26 09:20:52.133322');
INSERT INTO "django_admin_log" VALUES(543,'814','BoardSeat object (814)',3,'',17,1,'2024-11-26 09:20:52.133333');
INSERT INTO "django_admin_log" VALUES(544,'813','BoardSeat object (813)',3,'',17,1,'2024-11-26 09:20:52.133343');
INSERT INTO "django_admin_log" VALUES(545,'812','BoardSeat object (812)',3,'',17,1,'2024-11-26 09:20:52.133353');
INSERT INTO "django_admin_log" VALUES(546,'811','BoardSeat object (811)',3,'',17,1,'2024-11-26 09:20:52.133364');
INSERT INTO "django_admin_log" VALUES(547,'810','BoardSeat object (810)',3,'',17,1,'2024-11-26 09:20:52.133374');
INSERT INTO "django_admin_log" VALUES(548,'809','BoardSeat object (809)',3,'',17,1,'2024-11-26 09:20:52.133483');
INSERT INTO "django_admin_log" VALUES(549,'808','BoardSeat object (808)',3,'',17,1,'2024-11-26 09:20:52.133496');
INSERT INTO "django_admin_log" VALUES(550,'807','BoardSeat object (807)',3,'',17,1,'2024-11-26 09:20:52.133507');
INSERT INTO "django_admin_log" VALUES(551,'806','BoardSeat object (806)',3,'',17,1,'2024-11-26 09:20:52.133517');
INSERT INTO "django_admin_log" VALUES(552,'805','BoardSeat object (805)',3,'',17,1,'2024-11-26 09:20:52.133528');
INSERT INTO "django_admin_log" VALUES(553,'804','BoardSeat object (804)',3,'',17,1,'2024-11-26 09:20:52.133538');
INSERT INTO "django_admin_log" VALUES(554,'803','BoardSeat object (803)',3,'',17,1,'2024-11-26 09:20:52.133548');
INSERT INTO "django_admin_log" VALUES(555,'802','BoardSeat object (802)',3,'',17,1,'2024-11-26 09:20:52.133558');
INSERT INTO "django_admin_log" VALUES(556,'801','BoardSeat object (801)',3,'',17,1,'2024-11-26 09:20:52.133568');
INSERT INTO "django_admin_log" VALUES(557,'800','BoardSeat object (800)',3,'',17,1,'2024-11-26 09:20:52.133578');
INSERT INTO "django_admin_log" VALUES(558,'799','BoardSeat object (799)',3,'',17,1,'2024-11-26 09:20:52.133589');
INSERT INTO "django_admin_log" VALUES(559,'798','BoardSeat object (798)',3,'',17,1,'2024-11-26 09:20:52.133599');
INSERT INTO "django_admin_log" VALUES(560,'797','BoardSeat object (797)',3,'',17,1,'2024-11-26 09:20:52.133609');
INSERT INTO "django_admin_log" VALUES(561,'796','BoardSeat object (796)',3,'',17,1,'2024-11-26 09:20:52.133619');
INSERT INTO "django_admin_log" VALUES(562,'795','BoardSeat object (795)',3,'',17,1,'2024-11-26 09:20:52.133629');
INSERT INTO "django_admin_log" VALUES(563,'794','BoardSeat object (794)',3,'',17,1,'2024-11-26 09:20:52.133639');
INSERT INTO "django_admin_log" VALUES(564,'793','BoardSeat object (793)',3,'',17,1,'2024-11-26 09:20:52.133649');
INSERT INTO "django_admin_log" VALUES(565,'792','BoardSeat object (792)',3,'',17,1,'2024-11-26 09:20:52.133659');
INSERT INTO "django_admin_log" VALUES(566,'791','BoardSeat object (791)',3,'',17,1,'2024-11-26 09:20:52.133669');
INSERT INTO "django_admin_log" VALUES(567,'790','BoardSeat object (790)',3,'',17,1,'2024-11-26 09:20:52.133679');
INSERT INTO "django_admin_log" VALUES(568,'789','BoardSeat object (789)',3,'',17,1,'2024-11-26 09:20:52.133689');
INSERT INTO "django_admin_log" VALUES(569,'788','BoardSeat object (788)',3,'',17,1,'2024-11-26 09:20:52.133699');
INSERT INTO "django_admin_log" VALUES(570,'787','BoardSeat object (787)',3,'',17,1,'2024-11-26 09:20:52.133709');
INSERT INTO "django_admin_log" VALUES(571,'786','BoardSeat object (786)',3,'',17,1,'2024-11-26 09:20:52.133719');
INSERT INTO "django_admin_log" VALUES(572,'785','BoardSeat object (785)',3,'',17,1,'2024-11-26 09:20:52.133729');
INSERT INTO "django_admin_log" VALUES(573,'784','BoardSeat object (784)',3,'',17,1,'2024-11-26 09:20:52.133739');
INSERT INTO "django_admin_log" VALUES(574,'783','BoardSeat object (783)',3,'',17,1,'2024-11-26 09:20:52.133750');
INSERT INTO "django_admin_log" VALUES(575,'782','BoardSeat object (782)',3,'',17,1,'2024-11-26 09:20:52.133760');
INSERT INTO "django_admin_log" VALUES(576,'781','BoardSeat object (781)',3,'',17,1,'2024-11-26 09:20:52.133770');
INSERT INTO "django_admin_log" VALUES(577,'780','BoardSeat object (780)',3,'',17,1,'2024-11-26 09:20:52.133780');
INSERT INTO "django_admin_log" VALUES(578,'779','BoardSeat object (779)',3,'',17,1,'2024-11-26 09:20:52.133790');
INSERT INTO "django_admin_log" VALUES(579,'778','BoardSeat object (778)',3,'',17,1,'2024-11-26 09:20:52.133800');
INSERT INTO "django_admin_log" VALUES(580,'777','BoardSeat object (777)',3,'',17,1,'2024-11-26 09:20:52.133810');
INSERT INTO "django_admin_log" VALUES(581,'776','BoardSeat object (776)',3,'',17,1,'2024-11-26 09:20:52.133821');
INSERT INTO "django_admin_log" VALUES(582,'775','BoardSeat object (775)',3,'',17,1,'2024-11-26 09:20:52.133831');
INSERT INTO "django_admin_log" VALUES(583,'774','BoardSeat object (774)',3,'',17,1,'2024-11-26 09:20:52.133841');
INSERT INTO "django_admin_log" VALUES(584,'773','BoardSeat object (773)',3,'',17,1,'2024-11-26 09:20:52.133851');
INSERT INTO "django_admin_log" VALUES(585,'772','BoardSeat object (772)',3,'',17,1,'2024-11-26 09:20:52.133861');
INSERT INTO "django_admin_log" VALUES(586,'771','BoardSeat object (771)',3,'',17,1,'2024-11-26 09:20:52.133871');
INSERT INTO "django_admin_log" VALUES(587,'770','BoardSeat object (770)',3,'',17,1,'2024-11-26 09:20:52.133881');
INSERT INTO "django_admin_log" VALUES(588,'769','BoardSeat object (769)',3,'',17,1,'2024-11-26 09:20:52.133891');
INSERT INTO "django_admin_log" VALUES(589,'768','BoardSeat object (768)',3,'',17,1,'2024-11-26 09:20:52.133901');
INSERT INTO "django_admin_log" VALUES(590,'767','BoardSeat object (767)',3,'',17,1,'2024-11-26 09:20:52.133911');
INSERT INTO "django_admin_log" VALUES(591,'766','BoardSeat object (766)',3,'',17,1,'2024-11-26 09:20:52.133921');
INSERT INTO "django_admin_log" VALUES(592,'765','BoardSeat object (765)',3,'',17,1,'2024-11-26 09:20:52.133931');
INSERT INTO "django_admin_log" VALUES(593,'764','BoardSeat object (764)',3,'',17,1,'2024-11-26 09:20:52.133941');
INSERT INTO "django_admin_log" VALUES(594,'763','BoardSeat object (763)',3,'',17,1,'2024-11-26 09:20:52.133952');
INSERT INTO "django_admin_log" VALUES(595,'762','BoardSeat object (762)',3,'',17,1,'2024-11-26 09:20:52.133962');
INSERT INTO "django_admin_log" VALUES(596,'761','BoardSeat object (761)',3,'',17,1,'2024-11-26 09:20:52.133972');
INSERT INTO "django_admin_log" VALUES(597,'760','BoardSeat object (760)',3,'',17,1,'2024-11-26 09:20:52.133983');
INSERT INTO "django_admin_log" VALUES(598,'759','BoardSeat object (759)',3,'',17,1,'2024-11-26 09:20:52.133993');
INSERT INTO "django_admin_log" VALUES(599,'758','BoardSeat object (758)',3,'',17,1,'2024-11-26 09:20:52.134003');
INSERT INTO "django_admin_log" VALUES(600,'757','BoardSeat object (757)',3,'',17,1,'2024-11-26 09:20:52.134014');
INSERT INTO "django_admin_log" VALUES(601,'756','BoardSeat object (756)',3,'',17,1,'2024-11-26 09:20:52.134025');
INSERT INTO "django_admin_log" VALUES(602,'755','BoardSeat object (755)',3,'',17,1,'2024-11-26 09:20:52.134035');
INSERT INTO "django_admin_log" VALUES(603,'754','BoardSeat object (754)',3,'',17,1,'2024-11-26 09:20:52.134045');
INSERT INTO "django_admin_log" VALUES(604,'753','BoardSeat object (753)',3,'',17,1,'2024-11-26 09:20:52.134055');
INSERT INTO "django_admin_log" VALUES(605,'752','BoardSeat object (752)',3,'',17,1,'2024-11-26 09:20:52.134066');
INSERT INTO "django_admin_log" VALUES(606,'751','BoardSeat object (751)',3,'',17,1,'2024-11-26 09:20:52.134076');
INSERT INTO "django_admin_log" VALUES(607,'750','BoardSeat object (750)',3,'',17,1,'2024-11-26 09:20:52.134086');
INSERT INTO "django_admin_log" VALUES(608,'749','BoardSeat object (749)',3,'',17,1,'2024-11-26 09:20:52.134096');
INSERT INTO "django_admin_log" VALUES(609,'748','BoardSeat object (748)',3,'',17,1,'2024-11-26 09:20:52.134106');
INSERT INTO "django_admin_log" VALUES(610,'747','BoardSeat object (747)',3,'',17,1,'2024-11-26 09:20:52.134117');
INSERT INTO "django_admin_log" VALUES(611,'746','BoardSeat object (746)',3,'',17,1,'2024-11-26 09:20:52.134127');
INSERT INTO "django_admin_log" VALUES(612,'745','BoardSeat object (745)',3,'',17,1,'2024-11-26 09:20:52.134137');
INSERT INTO "django_admin_log" VALUES(613,'744','BoardSeat object (744)',3,'',17,1,'2024-11-26 09:20:52.134147');
INSERT INTO "django_admin_log" VALUES(614,'743','BoardSeat object (743)',3,'',17,1,'2024-11-26 09:20:52.134157');
INSERT INTO "django_admin_log" VALUES(615,'742','BoardSeat object (742)',3,'',17,1,'2024-11-26 09:20:52.134167');
INSERT INTO "django_admin_log" VALUES(616,'741','BoardSeat object (741)',3,'',17,1,'2024-11-26 09:20:52.134177');
INSERT INTO "django_admin_log" VALUES(617,'740','BoardSeat object (740)',3,'',17,1,'2024-11-26 09:20:52.134187');
INSERT INTO "django_admin_log" VALUES(618,'739','BoardSeat object (739)',3,'',17,1,'2024-11-26 09:20:52.134197');
INSERT INTO "django_admin_log" VALUES(619,'738','BoardSeat object (738)',3,'',17,1,'2024-11-26 09:20:52.134207');
INSERT INTO "django_admin_log" VALUES(620,'737','BoardSeat object (737)',3,'',17,1,'2024-11-26 09:20:52.134217');
INSERT INTO "django_admin_log" VALUES(621,'736','BoardSeat object (736)',3,'',17,1,'2024-11-26 09:20:52.134227');
INSERT INTO "django_admin_log" VALUES(622,'735','BoardSeat object (735)',3,'',17,1,'2024-11-26 09:20:52.134237');
INSERT INTO "django_admin_log" VALUES(623,'734','BoardSeat object (734)',3,'',17,1,'2024-11-26 09:20:52.134247');
INSERT INTO "django_admin_log" VALUES(624,'733','BoardSeat object (733)',3,'',17,1,'2024-11-26 09:20:52.134258');
INSERT INTO "django_admin_log" VALUES(625,'732','BoardSeat object (732)',3,'',17,1,'2024-11-26 09:20:56.841494');
INSERT INTO "django_admin_log" VALUES(626,'731','BoardSeat object (731)',3,'',17,1,'2024-11-26 09:20:56.841517');
INSERT INTO "django_admin_log" VALUES(627,'730','BoardSeat object (730)',3,'',17,1,'2024-11-26 09:20:56.841530');
INSERT INTO "django_admin_log" VALUES(628,'729','BoardSeat object (729)',3,'',17,1,'2024-11-26 09:20:56.841541');
INSERT INTO "django_admin_log" VALUES(629,'728','BoardSeat object (728)',3,'',17,1,'2024-11-26 09:20:56.841552');
INSERT INTO "django_admin_log" VALUES(630,'727','BoardSeat object (727)',3,'',17,1,'2024-11-26 09:20:56.841563');
INSERT INTO "django_admin_log" VALUES(631,'726','BoardSeat object (726)',3,'',17,1,'2024-11-26 09:20:56.841573');
INSERT INTO "django_admin_log" VALUES(632,'725','BoardSeat object (725)',3,'',17,1,'2024-11-26 09:20:56.841584');
INSERT INTO "django_admin_log" VALUES(633,'724','BoardSeat object (724)',3,'',17,1,'2024-11-26 09:20:56.841594');
INSERT INTO "django_admin_log" VALUES(634,'723','BoardSeat object (723)',3,'',17,1,'2024-11-26 09:20:56.841604');
INSERT INTO "django_admin_log" VALUES(635,'722','BoardSeat object (722)',3,'',17,1,'2024-11-26 09:20:56.841615');
INSERT INTO "django_admin_log" VALUES(636,'721','BoardSeat object (721)',3,'',17,1,'2024-11-26 09:20:56.841625');
INSERT INTO "django_admin_log" VALUES(637,'720','BoardSeat object (720)',3,'',17,1,'2024-11-26 09:20:56.841635');
INSERT INTO "django_admin_log" VALUES(638,'719','BoardSeat object (719)',3,'',17,1,'2024-11-26 09:20:56.841645');
INSERT INTO "django_admin_log" VALUES(639,'718','BoardSeat object (718)',3,'',17,1,'2024-11-26 09:20:56.841655');
INSERT INTO "django_admin_log" VALUES(640,'717','BoardSeat object (717)',3,'',17,1,'2024-11-26 09:20:56.841665');
INSERT INTO "django_admin_log" VALUES(641,'716','BoardSeat object (716)',3,'',17,1,'2024-11-26 09:20:56.841675');
INSERT INTO "django_admin_log" VALUES(642,'715','BoardSeat object (715)',3,'',17,1,'2024-11-26 09:20:56.841686');
INSERT INTO "django_admin_log" VALUES(643,'714','BoardSeat object (714)',3,'',17,1,'2024-11-26 09:20:56.841696');
INSERT INTO "django_admin_log" VALUES(644,'713','BoardSeat object (713)',3,'',17,1,'2024-11-26 09:20:56.841706');
INSERT INTO "django_admin_log" VALUES(645,'712','BoardSeat object (712)',3,'',17,1,'2024-11-26 09:20:56.841716');
INSERT INTO "django_admin_log" VALUES(646,'711','BoardSeat object (711)',3,'',17,1,'2024-11-26 09:20:56.841726');
INSERT INTO "django_admin_log" VALUES(647,'710','BoardSeat object (710)',3,'',17,1,'2024-11-26 09:20:56.841736');
INSERT INTO "django_admin_log" VALUES(648,'709','BoardSeat object (709)',3,'',17,1,'2024-11-26 09:20:56.841848');
INSERT INTO "django_admin_log" VALUES(649,'708','BoardSeat object (708)',3,'',17,1,'2024-11-26 09:20:56.841860');
INSERT INTO "django_admin_log" VALUES(650,'707','BoardSeat object (707)',3,'',17,1,'2024-11-26 09:20:56.841871');
INSERT INTO "django_admin_log" VALUES(651,'706','BoardSeat object (706)',3,'',17,1,'2024-11-26 09:20:56.841881');
INSERT INTO "django_admin_log" VALUES(652,'705','BoardSeat object (705)',3,'',17,1,'2024-11-26 09:20:56.841892');
INSERT INTO "django_admin_log" VALUES(653,'704','BoardSeat object (704)',3,'',17,1,'2024-11-26 09:20:56.841902');
INSERT INTO "django_admin_log" VALUES(654,'703','BoardSeat object (703)',3,'',17,1,'2024-11-26 09:20:56.841912');
INSERT INTO "django_admin_log" VALUES(655,'702','BoardSeat object (702)',3,'',17,1,'2024-11-26 09:20:56.841922');
INSERT INTO "django_admin_log" VALUES(656,'701','BoardSeat object (701)',3,'',17,1,'2024-11-26 09:20:56.841932');
INSERT INTO "django_admin_log" VALUES(657,'700','BoardSeat object (700)',3,'',17,1,'2024-11-26 09:20:56.841942');
INSERT INTO "django_admin_log" VALUES(658,'699','BoardSeat object (699)',3,'',17,1,'2024-11-26 09:20:56.841952');
INSERT INTO "django_admin_log" VALUES(659,'698','BoardSeat object (698)',3,'',17,1,'2024-11-26 09:20:56.841963');
INSERT INTO "django_admin_log" VALUES(660,'697','BoardSeat object (697)',3,'',17,1,'2024-11-26 09:20:56.841973');
INSERT INTO "django_admin_log" VALUES(661,'696','BoardSeat object (696)',3,'',17,1,'2024-11-26 09:20:56.841983');
INSERT INTO "django_admin_log" VALUES(662,'695','BoardSeat object (695)',3,'',17,1,'2024-11-26 09:20:56.841993');
INSERT INTO "django_admin_log" VALUES(663,'694','BoardSeat object (694)',3,'',17,1,'2024-11-26 09:20:56.842003');
INSERT INTO "django_admin_log" VALUES(664,'693','BoardSeat object (693)',3,'',17,1,'2024-11-26 09:20:56.842013');
INSERT INTO "django_admin_log" VALUES(665,'692','BoardSeat object (692)',3,'',17,1,'2024-11-26 09:20:56.842024');
INSERT INTO "django_admin_log" VALUES(666,'691','BoardSeat object (691)',3,'',17,1,'2024-11-26 09:20:56.842034');
INSERT INTO "django_admin_log" VALUES(667,'690','BoardSeat object (690)',3,'',17,1,'2024-11-26 09:20:56.842044');
INSERT INTO "django_admin_log" VALUES(668,'689','BoardSeat object (689)',3,'',17,1,'2024-11-26 09:20:56.842054');
INSERT INTO "django_admin_log" VALUES(669,'688','BoardSeat object (688)',3,'',17,1,'2024-11-26 09:20:56.842064');
INSERT INTO "django_admin_log" VALUES(670,'687','BoardSeat object (687)',3,'',17,1,'2024-11-26 09:20:56.842075');
INSERT INTO "django_admin_log" VALUES(671,'686','BoardSeat object (686)',3,'',17,1,'2024-11-26 09:20:56.842085');
INSERT INTO "django_admin_log" VALUES(672,'685','BoardSeat object (685)',3,'',17,1,'2024-11-26 09:20:56.842095');
INSERT INTO "django_admin_log" VALUES(673,'684','BoardSeat object (684)',3,'',17,1,'2024-11-26 09:20:56.842105');
INSERT INTO "django_admin_log" VALUES(674,'683','BoardSeat object (683)',3,'',17,1,'2024-11-26 09:20:56.842115');
INSERT INTO "django_admin_log" VALUES(675,'682','BoardSeat object (682)',3,'',17,1,'2024-11-26 09:20:56.842125');
INSERT INTO "django_admin_log" VALUES(676,'681','BoardSeat object (681)',3,'',17,1,'2024-11-26 09:20:56.842135');
INSERT INTO "django_admin_log" VALUES(677,'680','BoardSeat object (680)',3,'',17,1,'2024-11-26 09:20:56.842145');
INSERT INTO "django_admin_log" VALUES(678,'679','BoardSeat object (679)',3,'',17,1,'2024-11-26 09:20:56.842156');
INSERT INTO "django_admin_log" VALUES(679,'678','BoardSeat object (678)',3,'',17,1,'2024-11-26 09:20:56.842166');
INSERT INTO "django_admin_log" VALUES(680,'677','BoardSeat object (677)',3,'',17,1,'2024-11-26 09:20:56.842176');
INSERT INTO "django_admin_log" VALUES(681,'676','BoardSeat object (676)',3,'',17,1,'2024-11-26 09:20:56.842187');
INSERT INTO "django_admin_log" VALUES(682,'675','BoardSeat object (675)',3,'',17,1,'2024-11-26 09:20:56.842197');
INSERT INTO "django_admin_log" VALUES(683,'674','BoardSeat object (674)',3,'',17,1,'2024-11-26 09:20:56.842207');
INSERT INTO "django_admin_log" VALUES(684,'673','BoardSeat object (673)',3,'',17,1,'2024-11-26 09:20:56.842217');
INSERT INTO "django_admin_log" VALUES(685,'672','BoardSeat object (672)',3,'',17,1,'2024-11-26 09:20:56.842227');
INSERT INTO "django_admin_log" VALUES(686,'671','BoardSeat object (671)',3,'',17,1,'2024-11-26 09:20:56.842237');
INSERT INTO "django_admin_log" VALUES(687,'670','BoardSeat object (670)',3,'',17,1,'2024-11-26 09:20:56.842248');
INSERT INTO "django_admin_log" VALUES(688,'669','BoardSeat object (669)',3,'',17,1,'2024-11-26 09:20:56.842258');
INSERT INTO "django_admin_log" VALUES(689,'668','BoardSeat object (668)',3,'',17,1,'2024-11-26 09:20:56.842268');
INSERT INTO "django_admin_log" VALUES(690,'667','BoardSeat object (667)',3,'',17,1,'2024-11-26 09:20:56.842279');
INSERT INTO "django_admin_log" VALUES(691,'666','BoardSeat object (666)',3,'',17,1,'2024-11-26 09:20:56.842289');
INSERT INTO "django_admin_log" VALUES(692,'665','BoardSeat object (665)',3,'',17,1,'2024-11-26 09:20:56.842299');
INSERT INTO "django_admin_log" VALUES(693,'664','BoardSeat object (664)',3,'',17,1,'2024-11-26 09:20:56.842310');
INSERT INTO "django_admin_log" VALUES(694,'663','BoardSeat object (663)',3,'',17,1,'2024-11-26 09:20:56.842320');
INSERT INTO "django_admin_log" VALUES(695,'662','BoardSeat object (662)',3,'',17,1,'2024-11-26 09:20:56.842331');
INSERT INTO "django_admin_log" VALUES(696,'661','BoardSeat object (661)',3,'',17,1,'2024-11-26 09:20:56.842341');
INSERT INTO "django_admin_log" VALUES(697,'660','BoardSeat object (660)',3,'',17,1,'2024-11-26 09:20:56.842351');
INSERT INTO "django_admin_log" VALUES(698,'659','BoardSeat object (659)',3,'',17,1,'2024-11-26 09:20:56.842361');
INSERT INTO "django_admin_log" VALUES(699,'658','BoardSeat object (658)',3,'',17,1,'2024-11-26 09:20:56.842371');
INSERT INTO "django_admin_log" VALUES(700,'657','BoardSeat object (657)',3,'',17,1,'2024-11-26 09:20:56.842381');
INSERT INTO "django_admin_log" VALUES(701,'656','BoardSeat object (656)',3,'',17,1,'2024-11-26 09:20:56.842391');
INSERT INTO "django_admin_log" VALUES(702,'655','BoardSeat object (655)',3,'',17,1,'2024-11-26 09:20:56.842402');
INSERT INTO "django_admin_log" VALUES(703,'654','BoardSeat object (654)',3,'',17,1,'2024-11-26 09:20:56.842412');
INSERT INTO "django_admin_log" VALUES(704,'653','BoardSeat object (653)',3,'',17,1,'2024-11-26 09:20:56.842422');
INSERT INTO "django_admin_log" VALUES(705,'652','BoardSeat object (652)',3,'',17,1,'2024-11-26 09:20:56.842440');
INSERT INTO "django_admin_log" VALUES(706,'651','BoardSeat object (651)',3,'',17,1,'2024-11-26 09:20:56.842451');
INSERT INTO "django_admin_log" VALUES(707,'650','BoardSeat object (650)',3,'',17,1,'2024-11-26 09:20:56.842461');
INSERT INTO "django_admin_log" VALUES(708,'649','BoardSeat object (649)',3,'',17,1,'2024-11-26 09:20:56.842471');
INSERT INTO "django_admin_log" VALUES(709,'648','BoardSeat object (648)',3,'',17,1,'2024-11-26 09:20:56.842494');
INSERT INTO "django_admin_log" VALUES(710,'647','BoardSeat object (647)',3,'',17,1,'2024-11-26 09:20:56.842505');
INSERT INTO "django_admin_log" VALUES(711,'646','BoardSeat object (646)',3,'',17,1,'2024-11-26 09:20:56.842515');
INSERT INTO "django_admin_log" VALUES(712,'645','BoardSeat object (645)',3,'',17,1,'2024-11-26 09:20:56.842525');
INSERT INTO "django_admin_log" VALUES(713,'644','BoardSeat object (644)',3,'',17,1,'2024-11-26 09:20:56.842535');
INSERT INTO "django_admin_log" VALUES(714,'643','BoardSeat object (643)',3,'',17,1,'2024-11-26 09:20:56.842545');
INSERT INTO "django_admin_log" VALUES(715,'642','BoardSeat object (642)',3,'',17,1,'2024-11-26 09:20:56.842556');
INSERT INTO "django_admin_log" VALUES(716,'641','BoardSeat object (641)',3,'',17,1,'2024-11-26 09:20:56.842566');
INSERT INTO "django_admin_log" VALUES(717,'640','BoardSeat object (640)',3,'',17,1,'2024-11-26 09:20:56.842576');
INSERT INTO "django_admin_log" VALUES(718,'639','BoardSeat object (639)',3,'',17,1,'2024-11-26 09:20:56.842586');
INSERT INTO "django_admin_log" VALUES(719,'638','BoardSeat object (638)',3,'',17,1,'2024-11-26 09:20:56.842597');
INSERT INTO "django_admin_log" VALUES(720,'637','BoardSeat object (637)',3,'',17,1,'2024-11-26 09:20:56.842607');
INSERT INTO "django_admin_log" VALUES(721,'636','BoardSeat object (636)',3,'',17,1,'2024-11-26 09:20:56.842617');
INSERT INTO "django_admin_log" VALUES(722,'635','BoardSeat object (635)',3,'',17,1,'2024-11-26 09:20:56.842627');
INSERT INTO "django_admin_log" VALUES(723,'634','BoardSeat object (634)',3,'',17,1,'2024-11-26 09:20:56.842637');
INSERT INTO "django_admin_log" VALUES(724,'633','BoardSeat object (633)',3,'',17,1,'2024-11-26 09:20:56.842647');
INSERT INTO "django_admin_log" VALUES(725,'632','BoardSeat object (632)',3,'',17,1,'2024-11-26 09:21:01.529680');
INSERT INTO "django_admin_log" VALUES(726,'631','BoardSeat object (631)',3,'',17,1,'2024-11-26 09:21:01.529707');
INSERT INTO "django_admin_log" VALUES(727,'630','BoardSeat object (630)',3,'',17,1,'2024-11-26 09:21:01.529720');
INSERT INTO "django_admin_log" VALUES(728,'629','BoardSeat object (629)',3,'',17,1,'2024-11-26 09:21:01.529731');
INSERT INTO "django_admin_log" VALUES(729,'628','BoardSeat object (628)',3,'',17,1,'2024-11-26 09:21:01.529742');
INSERT INTO "django_admin_log" VALUES(730,'627','BoardSeat object (627)',3,'',17,1,'2024-11-26 09:21:01.529753');
INSERT INTO "django_admin_log" VALUES(731,'626','BoardSeat object (626)',3,'',17,1,'2024-11-26 09:21:01.529763');
INSERT INTO "django_admin_log" VALUES(732,'625','BoardSeat object (625)',3,'',17,1,'2024-11-26 09:21:01.529774');
INSERT INTO "django_admin_log" VALUES(733,'624','BoardSeat object (624)',3,'',17,1,'2024-11-26 09:21:01.529784');
INSERT INTO "django_admin_log" VALUES(734,'623','BoardSeat object (623)',3,'',17,1,'2024-11-26 09:21:01.529794');
INSERT INTO "django_admin_log" VALUES(735,'622','BoardSeat object (622)',3,'',17,1,'2024-11-26 09:21:01.529805');
INSERT INTO "django_admin_log" VALUES(736,'621','BoardSeat object (621)',3,'',17,1,'2024-11-26 09:21:01.529815');
INSERT INTO "django_admin_log" VALUES(737,'620','BoardSeat object (620)',3,'',17,1,'2024-11-26 09:21:01.529825');
INSERT INTO "django_admin_log" VALUES(738,'619','BoardSeat object (619)',3,'',17,1,'2024-11-26 09:21:01.529836');
INSERT INTO "django_admin_log" VALUES(739,'618','BoardSeat object (618)',3,'',17,1,'2024-11-26 09:21:01.529846');
INSERT INTO "django_admin_log" VALUES(740,'617','BoardSeat object (617)',3,'',17,1,'2024-11-26 09:21:01.529856');
INSERT INTO "django_admin_log" VALUES(741,'616','BoardSeat object (616)',3,'',17,1,'2024-11-26 09:21:01.529866');
INSERT INTO "django_admin_log" VALUES(742,'615','BoardSeat object (615)',3,'',17,1,'2024-11-26 09:21:01.529877');
INSERT INTO "django_admin_log" VALUES(743,'614','BoardSeat object (614)',3,'',17,1,'2024-11-26 09:21:01.529887');
INSERT INTO "django_admin_log" VALUES(744,'613','BoardSeat object (613)',3,'',17,1,'2024-11-26 09:21:01.529898');
INSERT INTO "django_admin_log" VALUES(745,'612','BoardSeat object (612)',3,'',17,1,'2024-11-26 09:21:01.529908');
INSERT INTO "django_admin_log" VALUES(746,'611','BoardSeat object (611)',3,'',17,1,'2024-11-26 09:21:01.529918');
INSERT INTO "django_admin_log" VALUES(747,'610','BoardSeat object (610)',3,'',17,1,'2024-11-26 09:21:01.529928');
INSERT INTO "django_admin_log" VALUES(748,'609','BoardSeat object (609)',3,'',17,1,'2024-11-26 09:21:01.529938');
INSERT INTO "django_admin_log" VALUES(749,'608','BoardSeat object (608)',3,'',17,1,'2024-11-26 09:21:01.529949');
INSERT INTO "django_admin_log" VALUES(750,'607','BoardSeat object (607)',3,'',17,1,'2024-11-26 09:21:01.529959');
INSERT INTO "django_admin_log" VALUES(751,'606','BoardSeat object (606)',3,'',17,1,'2024-11-26 09:21:01.529969');
INSERT INTO "django_admin_log" VALUES(752,'605','BoardSeat object (605)',3,'',17,1,'2024-11-26 09:21:01.529979');
INSERT INTO "django_admin_log" VALUES(753,'604','BoardSeat object (604)',3,'',17,1,'2024-11-26 09:21:01.529990');
INSERT INTO "django_admin_log" VALUES(754,'603','BoardSeat object (603)',3,'',17,1,'2024-11-26 09:21:01.530000');
INSERT INTO "django_admin_log" VALUES(755,'602','BoardSeat object (602)',3,'',17,1,'2024-11-26 09:21:01.530010');
INSERT INTO "django_admin_log" VALUES(756,'601','BoardSeat object (601)',3,'',17,1,'2024-11-26 09:21:01.530020');
INSERT INTO "django_admin_log" VALUES(757,'600','BoardSeat object (600)',3,'',17,1,'2024-11-26 09:21:01.530134');
INSERT INTO "django_admin_log" VALUES(758,'599','BoardSeat object (599)',3,'',17,1,'2024-11-26 09:21:01.530145');
INSERT INTO "django_admin_log" VALUES(759,'598','BoardSeat object (598)',3,'',17,1,'2024-11-26 09:21:01.530156');
INSERT INTO "django_admin_log" VALUES(760,'597','BoardSeat object (597)',3,'',17,1,'2024-11-26 09:21:01.530167');
INSERT INTO "django_admin_log" VALUES(761,'596','BoardSeat object (596)',3,'',17,1,'2024-11-26 09:21:01.530177');
INSERT INTO "django_admin_log" VALUES(762,'595','BoardSeat object (595)',3,'',17,1,'2024-11-26 09:21:01.530188');
INSERT INTO "django_admin_log" VALUES(763,'594','BoardSeat object (594)',3,'',17,1,'2024-11-26 09:21:01.530198');
INSERT INTO "django_admin_log" VALUES(764,'593','BoardSeat object (593)',3,'',17,1,'2024-11-26 09:21:01.530208');
INSERT INTO "django_admin_log" VALUES(765,'592','BoardSeat object (592)',3,'',17,1,'2024-11-26 09:21:01.530218');
INSERT INTO "django_admin_log" VALUES(766,'591','BoardSeat object (591)',3,'',17,1,'2024-11-26 09:21:01.530228');
INSERT INTO "django_admin_log" VALUES(767,'590','BoardSeat object (590)',3,'',17,1,'2024-11-26 09:21:01.530238');
INSERT INTO "django_admin_log" VALUES(768,'589','BoardSeat object (589)',3,'',17,1,'2024-11-26 09:21:01.530248');
INSERT INTO "django_admin_log" VALUES(769,'588','BoardSeat object (588)',3,'',17,1,'2024-11-26 09:21:01.530258');
INSERT INTO "django_admin_log" VALUES(770,'587','BoardSeat object (587)',3,'',17,1,'2024-11-26 09:21:01.530268');
INSERT INTO "django_admin_log" VALUES(771,'586','BoardSeat object (586)',3,'',17,1,'2024-11-26 09:21:01.530278');
INSERT INTO "django_admin_log" VALUES(772,'585','BoardSeat object (585)',3,'',17,1,'2024-11-26 09:21:01.530289');
INSERT INTO "django_admin_log" VALUES(773,'584','BoardSeat object (584)',3,'',17,1,'2024-11-26 09:21:01.530299');
INSERT INTO "django_admin_log" VALUES(774,'583','BoardSeat object (583)',3,'',17,1,'2024-11-26 09:21:01.530309');
INSERT INTO "django_admin_log" VALUES(775,'582','BoardSeat object (582)',3,'',17,1,'2024-11-26 09:21:01.530319');
INSERT INTO "django_admin_log" VALUES(776,'581','BoardSeat object (581)',3,'',17,1,'2024-11-26 09:21:01.530329');
INSERT INTO "django_admin_log" VALUES(777,'580','BoardSeat object (580)',3,'',17,1,'2024-11-26 09:21:01.530339');
INSERT INTO "django_admin_log" VALUES(778,'579','BoardSeat object (579)',3,'',17,1,'2024-11-26 09:21:01.530349');
INSERT INTO "django_admin_log" VALUES(779,'578','BoardSeat object (578)',3,'',17,1,'2024-11-26 09:21:01.530359');
INSERT INTO "django_admin_log" VALUES(780,'577','BoardSeat object (577)',3,'',17,1,'2024-11-26 09:21:01.530369');
INSERT INTO "django_admin_log" VALUES(781,'576','BoardSeat object (576)',3,'',17,1,'2024-11-26 09:21:01.530379');
INSERT INTO "django_admin_log" VALUES(782,'575','BoardSeat object (575)',3,'',17,1,'2024-11-26 09:21:01.530389');
INSERT INTO "django_admin_log" VALUES(783,'574','BoardSeat object (574)',3,'',17,1,'2024-11-26 09:21:01.530400');
INSERT INTO "django_admin_log" VALUES(784,'573','BoardSeat object (573)',3,'',17,1,'2024-11-26 09:21:01.530410');
INSERT INTO "django_admin_log" VALUES(785,'572','BoardSeat object (572)',3,'',17,1,'2024-11-26 09:21:01.530421');
INSERT INTO "django_admin_log" VALUES(786,'571','BoardSeat object (571)',3,'',17,1,'2024-11-26 09:21:01.530431');
INSERT INTO "django_admin_log" VALUES(787,'570','BoardSeat object (570)',3,'',17,1,'2024-11-26 09:21:01.530441');
INSERT INTO "django_admin_log" VALUES(788,'569','BoardSeat object (569)',3,'',17,1,'2024-11-26 09:21:01.530451');
INSERT INTO "django_admin_log" VALUES(789,'568','BoardSeat object (568)',3,'',17,1,'2024-11-26 09:21:01.530461');
INSERT INTO "django_admin_log" VALUES(790,'567','BoardSeat object (567)',3,'',17,1,'2024-11-26 09:21:01.530472');
INSERT INTO "django_admin_log" VALUES(791,'566','BoardSeat object (566)',3,'',17,1,'2024-11-26 09:21:01.530482');
INSERT INTO "django_admin_log" VALUES(792,'565','BoardSeat object (565)',3,'',17,1,'2024-11-26 09:21:01.530492');
INSERT INTO "django_admin_log" VALUES(793,'564','BoardSeat object (564)',3,'',17,1,'2024-11-26 09:21:01.530502');
INSERT INTO "django_admin_log" VALUES(794,'563','BoardSeat object (563)',3,'',17,1,'2024-11-26 09:21:01.530512');
INSERT INTO "django_admin_log" VALUES(795,'562','BoardSeat object (562)',3,'',17,1,'2024-11-26 09:21:01.530522');
INSERT INTO "django_admin_log" VALUES(796,'561','BoardSeat object (561)',3,'',17,1,'2024-11-26 09:21:01.530533');
INSERT INTO "django_admin_log" VALUES(797,'560','BoardSeat object (560)',3,'',17,1,'2024-11-26 09:21:01.530543');
INSERT INTO "django_admin_log" VALUES(798,'559','BoardSeat object (559)',3,'',17,1,'2024-11-26 09:21:01.530553');
INSERT INTO "django_admin_log" VALUES(799,'558','BoardSeat object (558)',3,'',17,1,'2024-11-26 09:21:01.530563');
INSERT INTO "django_admin_log" VALUES(800,'557','BoardSeat object (557)',3,'',17,1,'2024-11-26 09:21:01.530573');
INSERT INTO "django_admin_log" VALUES(801,'556','BoardSeat object (556)',3,'',17,1,'2024-11-26 09:21:01.530583');
INSERT INTO "django_admin_log" VALUES(802,'555','BoardSeat object (555)',3,'',17,1,'2024-11-26 09:21:01.530594');
INSERT INTO "django_admin_log" VALUES(803,'554','BoardSeat object (554)',3,'',17,1,'2024-11-26 09:21:01.530604');
INSERT INTO "django_admin_log" VALUES(804,'553','BoardSeat object (553)',3,'',17,1,'2024-11-26 09:21:01.530614');
INSERT INTO "django_admin_log" VALUES(805,'552','BoardSeat object (552)',3,'',17,1,'2024-11-26 09:21:01.530625');
INSERT INTO "django_admin_log" VALUES(806,'551','BoardSeat object (551)',3,'',17,1,'2024-11-26 09:21:01.530635');
INSERT INTO "django_admin_log" VALUES(807,'550','BoardSeat object (550)',3,'',17,1,'2024-11-26 09:21:01.530645');
INSERT INTO "django_admin_log" VALUES(808,'549','BoardSeat object (549)',3,'',17,1,'2024-11-26 09:21:01.530655');
INSERT INTO "django_admin_log" VALUES(809,'548','BoardSeat object (548)',3,'',17,1,'2024-11-26 09:21:01.530665');
INSERT INTO "django_admin_log" VALUES(810,'547','BoardSeat object (547)',3,'',17,1,'2024-11-26 09:21:01.530675');
INSERT INTO "django_admin_log" VALUES(811,'546','BoardSeat object (546)',3,'',17,1,'2024-11-26 09:21:01.530686');
INSERT INTO "django_admin_log" VALUES(812,'545','BoardSeat object (545)',3,'',17,1,'2024-11-26 09:21:01.530696');
INSERT INTO "django_admin_log" VALUES(813,'544','BoardSeat object (544)',3,'',17,1,'2024-11-26 09:21:01.530706');
INSERT INTO "django_admin_log" VALUES(814,'543','BoardSeat object (543)',3,'',17,1,'2024-11-26 09:21:01.530716');
INSERT INTO "django_admin_log" VALUES(815,'542','BoardSeat object (542)',3,'',17,1,'2024-11-26 09:21:01.530726');
INSERT INTO "django_admin_log" VALUES(816,'541','BoardSeat object (541)',3,'',17,1,'2024-11-26 09:21:01.530736');
INSERT INTO "django_admin_log" VALUES(817,'540','BoardSeat object (540)',3,'',17,1,'2024-11-26 09:21:01.530746');
INSERT INTO "django_admin_log" VALUES(818,'539','BoardSeat object (539)',3,'',17,1,'2024-11-26 09:21:01.530756');
INSERT INTO "django_admin_log" VALUES(819,'538','BoardSeat object (538)',3,'',17,1,'2024-11-26 09:21:01.530766');
INSERT INTO "django_admin_log" VALUES(820,'537','BoardSeat object (537)',3,'',17,1,'2024-11-26 09:21:01.530776');
INSERT INTO "django_admin_log" VALUES(821,'536','BoardSeat object (536)',3,'',17,1,'2024-11-26 09:21:01.530786');
INSERT INTO "django_admin_log" VALUES(822,'535','BoardSeat object (535)',3,'',17,1,'2024-11-26 09:21:01.530796');
INSERT INTO "django_admin_log" VALUES(823,'534','BoardSeat object (534)',3,'',17,1,'2024-11-26 09:21:01.530806');
INSERT INTO "django_admin_log" VALUES(824,'533','BoardSeat object (533)',3,'',17,1,'2024-11-26 09:21:01.530816');
INSERT INTO "django_admin_log" VALUES(825,'532','BoardSeat object (532)',3,'',17,1,'2024-11-26 09:21:08.915761');
INSERT INTO "django_admin_log" VALUES(826,'531','BoardSeat object (531)',3,'',17,1,'2024-11-26 09:21:08.915790');
INSERT INTO "django_admin_log" VALUES(827,'530','BoardSeat object (530)',3,'',17,1,'2024-11-26 09:21:08.915802');
INSERT INTO "django_admin_log" VALUES(828,'529','BoardSeat object (529)',3,'',17,1,'2024-11-26 09:21:08.915813');
INSERT INTO "django_admin_log" VALUES(829,'528','BoardSeat object (528)',3,'',17,1,'2024-11-26 09:21:08.915824');
INSERT INTO "django_admin_log" VALUES(830,'527','BoardSeat object (527)',3,'',17,1,'2024-11-26 09:21:08.915834');
INSERT INTO "django_admin_log" VALUES(831,'526','BoardSeat object (526)',3,'',17,1,'2024-11-26 09:21:08.915845');
INSERT INTO "django_admin_log" VALUES(832,'525','BoardSeat object (525)',3,'',17,1,'2024-11-26 09:21:08.915856');
INSERT INTO "django_admin_log" VALUES(833,'524','BoardSeat object (524)',3,'',17,1,'2024-11-26 09:21:08.915866');
INSERT INTO "django_admin_log" VALUES(834,'523','BoardSeat object (523)',3,'',17,1,'2024-11-26 09:21:08.915877');
INSERT INTO "django_admin_log" VALUES(835,'522','BoardSeat object (522)',3,'',17,1,'2024-11-26 09:21:08.915887');
INSERT INTO "django_admin_log" VALUES(836,'521','BoardSeat object (521)',3,'',17,1,'2024-11-26 09:21:08.915898');
INSERT INTO "django_admin_log" VALUES(837,'520','BoardSeat object (520)',3,'',17,1,'2024-11-26 09:21:08.915908');
INSERT INTO "django_admin_log" VALUES(838,'519','BoardSeat object (519)',3,'',17,1,'2024-11-26 09:21:08.915918');
INSERT INTO "django_admin_log" VALUES(839,'518','BoardSeat object (518)',3,'',17,1,'2024-11-26 09:21:08.915929');
INSERT INTO "django_admin_log" VALUES(840,'517','BoardSeat object (517)',3,'',17,1,'2024-11-26 09:21:08.915939');
INSERT INTO "django_admin_log" VALUES(841,'516','BoardSeat object (516)',3,'',17,1,'2024-11-26 09:21:08.915949');
INSERT INTO "django_admin_log" VALUES(842,'515','BoardSeat object (515)',3,'',17,1,'2024-11-26 09:21:08.915959');
INSERT INTO "django_admin_log" VALUES(843,'514','BoardSeat object (514)',3,'',17,1,'2024-11-26 09:21:08.915970');
INSERT INTO "django_admin_log" VALUES(844,'513','BoardSeat object (513)',3,'',17,1,'2024-11-26 09:21:08.915980');
INSERT INTO "django_admin_log" VALUES(845,'512','BoardSeat object (512)',3,'',17,1,'2024-11-26 09:21:08.915991');
INSERT INTO "django_admin_log" VALUES(846,'511','BoardSeat object (511)',3,'',17,1,'2024-11-26 09:21:08.916001');
INSERT INTO "django_admin_log" VALUES(847,'510','BoardSeat object (510)',3,'',17,1,'2024-11-26 09:21:08.916012');
INSERT INTO "django_admin_log" VALUES(848,'509','BoardSeat object (509)',3,'',17,1,'2024-11-26 09:21:08.916124');
INSERT INTO "django_admin_log" VALUES(849,'508','BoardSeat object (508)',3,'',17,1,'2024-11-26 09:21:08.916136');
INSERT INTO "django_admin_log" VALUES(850,'507','BoardSeat object (507)',3,'',17,1,'2024-11-26 09:21:08.916147');
INSERT INTO "django_admin_log" VALUES(851,'506','BoardSeat object (506)',3,'',17,1,'2024-11-26 09:21:08.916158');
INSERT INTO "django_admin_log" VALUES(852,'505','BoardSeat object (505)',3,'',17,1,'2024-11-26 09:21:08.916168');
INSERT INTO "django_admin_log" VALUES(853,'504','BoardSeat object (504)',3,'',17,1,'2024-11-26 09:21:08.916178');
INSERT INTO "django_admin_log" VALUES(854,'503','BoardSeat object (503)',3,'',17,1,'2024-11-26 09:21:08.916189');
INSERT INTO "django_admin_log" VALUES(855,'502','BoardSeat object (502)',3,'',17,1,'2024-11-26 09:21:08.916199');
INSERT INTO "django_admin_log" VALUES(856,'501','BoardSeat object (501)',3,'',17,1,'2024-11-26 09:21:08.916209');
INSERT INTO "django_admin_log" VALUES(857,'500','BoardSeat object (500)',3,'',17,1,'2024-11-26 09:21:08.916219');
INSERT INTO "django_admin_log" VALUES(858,'499','BoardSeat object (499)',3,'',17,1,'2024-11-26 09:21:08.916229');
INSERT INTO "django_admin_log" VALUES(859,'498','BoardSeat object (498)',3,'',17,1,'2024-11-26 09:21:08.916239');
INSERT INTO "django_admin_log" VALUES(860,'497','BoardSeat object (497)',3,'',17,1,'2024-11-26 09:21:08.916250');
INSERT INTO "django_admin_log" VALUES(861,'496','BoardSeat object (496)',3,'',17,1,'2024-11-26 09:21:08.916260');
INSERT INTO "django_admin_log" VALUES(862,'495','BoardSeat object (495)',3,'',17,1,'2024-11-26 09:21:08.916271');
INSERT INTO "django_admin_log" VALUES(863,'494','BoardSeat object (494)',3,'',17,1,'2024-11-26 09:21:08.916281');
INSERT INTO "django_admin_log" VALUES(864,'493','BoardSeat object (493)',3,'',17,1,'2024-11-26 09:21:08.916291');
INSERT INTO "django_admin_log" VALUES(865,'492','BoardSeat object (492)',3,'',17,1,'2024-11-26 09:21:08.916301');
INSERT INTO "django_admin_log" VALUES(866,'491','BoardSeat object (491)',3,'',17,1,'2024-11-26 09:21:08.916311');
INSERT INTO "django_admin_log" VALUES(867,'490','BoardSeat object (490)',3,'',17,1,'2024-11-26 09:21:08.916322');
INSERT INTO "django_admin_log" VALUES(868,'489','BoardSeat object (489)',3,'',17,1,'2024-11-26 09:21:08.916332');
INSERT INTO "django_admin_log" VALUES(869,'488','BoardSeat object (488)',3,'',17,1,'2024-11-26 09:21:08.916342');
INSERT INTO "django_admin_log" VALUES(870,'487','BoardSeat object (487)',3,'',17,1,'2024-11-26 09:21:08.916352');
INSERT INTO "django_admin_log" VALUES(871,'486','BoardSeat object (486)',3,'',17,1,'2024-11-26 09:21:08.916362');
INSERT INTO "django_admin_log" VALUES(872,'485','BoardSeat object (485)',3,'',17,1,'2024-11-26 09:21:08.916372');
INSERT INTO "django_admin_log" VALUES(873,'484','BoardSeat object (484)',3,'',17,1,'2024-11-26 09:21:08.916382');
INSERT INTO "django_admin_log" VALUES(874,'483','BoardSeat object (483)',3,'',17,1,'2024-11-26 09:21:08.916392');
INSERT INTO "django_admin_log" VALUES(875,'482','BoardSeat object (482)',3,'',17,1,'2024-11-26 09:21:08.916402');
INSERT INTO "django_admin_log" VALUES(876,'481','BoardSeat object (481)',3,'',17,1,'2024-11-26 09:21:08.916412');
INSERT INTO "django_admin_log" VALUES(877,'480','BoardSeat object (480)',3,'',17,1,'2024-11-26 09:21:08.916422');
INSERT INTO "django_admin_log" VALUES(878,'479','BoardSeat object (479)',3,'',17,1,'2024-11-26 09:21:08.916433');
INSERT INTO "django_admin_log" VALUES(879,'478','BoardSeat object (478)',3,'',17,1,'2024-11-26 09:21:08.916443');
INSERT INTO "django_admin_log" VALUES(880,'477','BoardSeat object (477)',3,'',17,1,'2024-11-26 09:21:08.916453');
INSERT INTO "django_admin_log" VALUES(881,'476','BoardSeat object (476)',3,'',17,1,'2024-11-26 09:21:08.916463');
INSERT INTO "django_admin_log" VALUES(882,'475','BoardSeat object (475)',3,'',17,1,'2024-11-26 09:21:08.916473');
INSERT INTO "django_admin_log" VALUES(883,'474','BoardSeat object (474)',3,'',17,1,'2024-11-26 09:21:08.916483');
INSERT INTO "django_admin_log" VALUES(884,'473','BoardSeat object (473)',3,'',17,1,'2024-11-26 09:21:08.916493');
INSERT INTO "django_admin_log" VALUES(885,'472','BoardSeat object (472)',3,'',17,1,'2024-11-26 09:21:08.916503');
INSERT INTO "django_admin_log" VALUES(886,'471','BoardSeat object (471)',3,'',17,1,'2024-11-26 09:21:08.916513');
INSERT INTO "django_admin_log" VALUES(887,'470','BoardSeat object (470)',3,'',17,1,'2024-11-26 09:21:08.916523');
INSERT INTO "django_admin_log" VALUES(888,'469','BoardSeat object (469)',3,'',17,1,'2024-11-26 09:21:08.916533');
INSERT INTO "django_admin_log" VALUES(889,'468','BoardSeat object (468)',3,'',17,1,'2024-11-26 09:21:08.916543');
INSERT INTO "django_admin_log" VALUES(890,'467','BoardSeat object (467)',3,'',17,1,'2024-11-26 09:21:08.916554');
INSERT INTO "django_admin_log" VALUES(891,'466','BoardSeat object (466)',3,'',17,1,'2024-11-26 09:21:08.916564');
INSERT INTO "django_admin_log" VALUES(892,'465','BoardSeat object (465)',3,'',17,1,'2024-11-26 09:21:08.916574');
INSERT INTO "django_admin_log" VALUES(893,'464','BoardSeat object (464)',3,'',17,1,'2024-11-26 09:21:08.916583');
INSERT INTO "django_admin_log" VALUES(894,'463','BoardSeat object (463)',3,'',17,1,'2024-11-26 09:21:08.916593');
INSERT INTO "django_admin_log" VALUES(895,'462','BoardSeat object (462)',3,'',17,1,'2024-11-26 09:21:08.916603');
INSERT INTO "django_admin_log" VALUES(896,'461','BoardSeat object (461)',3,'',17,1,'2024-11-26 09:21:08.916613');
INSERT INTO "django_admin_log" VALUES(897,'460','BoardSeat object (460)',3,'',17,1,'2024-11-26 09:21:08.916623');
INSERT INTO "django_admin_log" VALUES(898,'459','BoardSeat object (459)',3,'',17,1,'2024-11-26 09:21:08.916633');
INSERT INTO "django_admin_log" VALUES(899,'458','BoardSeat object (458)',3,'',17,1,'2024-11-26 09:21:08.916643');
INSERT INTO "django_admin_log" VALUES(900,'457','BoardSeat object (457)',3,'',17,1,'2024-11-26 09:21:08.916653');
INSERT INTO "django_admin_log" VALUES(901,'456','BoardSeat object (456)',3,'',17,1,'2024-11-26 09:21:08.916663');
INSERT INTO "django_admin_log" VALUES(902,'455','BoardSeat object (455)',3,'',17,1,'2024-11-26 09:21:08.916674');
INSERT INTO "django_admin_log" VALUES(903,'454','BoardSeat object (454)',3,'',17,1,'2024-11-26 09:21:08.916684');
INSERT INTO "django_admin_log" VALUES(904,'453','BoardSeat object (453)',3,'',17,1,'2024-11-26 09:21:08.916694');
INSERT INTO "django_admin_log" VALUES(905,'452','BoardSeat object (452)',3,'',17,1,'2024-11-26 09:21:08.916704');
INSERT INTO "django_admin_log" VALUES(906,'451','BoardSeat object (451)',3,'',17,1,'2024-11-26 09:21:08.916714');
INSERT INTO "django_admin_log" VALUES(907,'450','BoardSeat object (450)',3,'',17,1,'2024-11-26 09:21:08.916724');
INSERT INTO "django_admin_log" VALUES(908,'449','BoardSeat object (449)',3,'',17,1,'2024-11-26 09:21:08.916734');
INSERT INTO "django_admin_log" VALUES(909,'448','BoardSeat object (448)',3,'',17,1,'2024-11-26 09:21:08.916744');
INSERT INTO "django_admin_log" VALUES(910,'447','BoardSeat object (447)',3,'',17,1,'2024-11-26 09:21:08.916754');
INSERT INTO "django_admin_log" VALUES(911,'446','BoardSeat object (446)',3,'',17,1,'2024-11-26 09:21:08.916764');
INSERT INTO "django_admin_log" VALUES(912,'445','BoardSeat object (445)',3,'',17,1,'2024-11-26 09:21:08.916774');
INSERT INTO "django_admin_log" VALUES(913,'444','BoardSeat object (444)',3,'',17,1,'2024-11-26 09:21:08.916784');
INSERT INTO "django_admin_log" VALUES(914,'443','BoardSeat object (443)',3,'',17,1,'2024-11-26 09:21:08.916794');
INSERT INTO "django_admin_log" VALUES(915,'442','BoardSeat object (442)',3,'',17,1,'2024-11-26 09:21:08.916804');
INSERT INTO "django_admin_log" VALUES(916,'441','BoardSeat object (441)',3,'',17,1,'2024-11-26 09:21:08.916814');
INSERT INTO "django_admin_log" VALUES(917,'440','BoardSeat object (440)',3,'',17,1,'2024-11-26 09:21:08.916824');
INSERT INTO "django_admin_log" VALUES(918,'439','BoardSeat object (439)',3,'',17,1,'2024-11-26 09:21:08.916834');
INSERT INTO "django_admin_log" VALUES(919,'438','BoardSeat object (438)',3,'',17,1,'2024-11-26 09:21:08.916844');
INSERT INTO "django_admin_log" VALUES(920,'437','BoardSeat object (437)',3,'',17,1,'2024-11-26 09:21:08.916854');
INSERT INTO "django_admin_log" VALUES(921,'436','BoardSeat object (436)',3,'',17,1,'2024-11-26 09:21:08.916864');
INSERT INTO "django_admin_log" VALUES(922,'435','BoardSeat object (435)',3,'',17,1,'2024-11-26 09:21:08.916874');
INSERT INTO "django_admin_log" VALUES(923,'434','BoardSeat object (434)',3,'',17,1,'2024-11-26 09:21:08.916884');
INSERT INTO "django_admin_log" VALUES(924,'433','BoardSeat object (433)',3,'',17,1,'2024-11-26 09:21:08.916894');
INSERT INTO "django_admin_log" VALUES(925,'432','BoardSeat object (432)',3,'',17,1,'2024-11-26 09:21:14.265246');
INSERT INTO "django_admin_log" VALUES(926,'431','BoardSeat object (431)',3,'',17,1,'2024-11-26 09:21:14.265276');
INSERT INTO "django_admin_log" VALUES(927,'430','BoardSeat object (430)',3,'',17,1,'2024-11-26 09:21:14.265289');
INSERT INTO "django_admin_log" VALUES(928,'429','BoardSeat object (429)',3,'',17,1,'2024-11-26 09:21:14.265301');
INSERT INTO "django_admin_log" VALUES(929,'428','BoardSeat object (428)',3,'',17,1,'2024-11-26 09:21:14.265312');
INSERT INTO "django_admin_log" VALUES(930,'427','BoardSeat object (427)',3,'',17,1,'2024-11-26 09:21:14.265323');
INSERT INTO "django_admin_log" VALUES(931,'426','BoardSeat object (426)',3,'',17,1,'2024-11-26 09:21:14.265335');
INSERT INTO "django_admin_log" VALUES(932,'425','BoardSeat object (425)',3,'',17,1,'2024-11-26 09:21:14.265345');
INSERT INTO "django_admin_log" VALUES(933,'424','BoardSeat object (424)',3,'',17,1,'2024-11-26 09:21:14.265355');
INSERT INTO "django_admin_log" VALUES(934,'423','BoardSeat object (423)',3,'',17,1,'2024-11-26 09:21:14.265366');
INSERT INTO "django_admin_log" VALUES(935,'422','BoardSeat object (422)',3,'',17,1,'2024-11-26 09:21:14.265376');
INSERT INTO "django_admin_log" VALUES(936,'421','BoardSeat object (421)',3,'',17,1,'2024-11-26 09:21:14.265386');
INSERT INTO "django_admin_log" VALUES(937,'420','BoardSeat object (420)',3,'',17,1,'2024-11-26 09:21:14.265396');
INSERT INTO "django_admin_log" VALUES(938,'419','BoardSeat object (419)',3,'',17,1,'2024-11-26 09:21:14.265407');
INSERT INTO "django_admin_log" VALUES(939,'418','BoardSeat object (418)',3,'',17,1,'2024-11-26 09:21:14.265417');
INSERT INTO "django_admin_log" VALUES(940,'417','BoardSeat object (417)',3,'',17,1,'2024-11-26 09:21:14.265427');
INSERT INTO "django_admin_log" VALUES(941,'416','BoardSeat object (416)',3,'',17,1,'2024-11-26 09:21:14.265438');
INSERT INTO "django_admin_log" VALUES(942,'415','BoardSeat object (415)',3,'',17,1,'2024-11-26 09:21:14.265448');
INSERT INTO "django_admin_log" VALUES(943,'414','BoardSeat object (414)',3,'',17,1,'2024-11-26 09:21:14.265458');
INSERT INTO "django_admin_log" VALUES(944,'413','BoardSeat object (413)',3,'',17,1,'2024-11-26 09:21:14.265468');
INSERT INTO "django_admin_log" VALUES(945,'412','BoardSeat object (412)',3,'',17,1,'2024-11-26 09:21:14.265478');
INSERT INTO "django_admin_log" VALUES(946,'411','BoardSeat object (411)',3,'',17,1,'2024-11-26 09:21:14.265488');
INSERT INTO "django_admin_log" VALUES(947,'410','BoardSeat object (410)',3,'',17,1,'2024-11-26 09:21:14.265499');
INSERT INTO "django_admin_log" VALUES(948,'409','BoardSeat object (409)',3,'',17,1,'2024-11-26 09:21:14.265610');
INSERT INTO "django_admin_log" VALUES(949,'408','BoardSeat object (408)',3,'',17,1,'2024-11-26 09:21:14.265624');
INSERT INTO "django_admin_log" VALUES(950,'407','BoardSeat object (407)',3,'',17,1,'2024-11-26 09:21:14.265635');
INSERT INTO "django_admin_log" VALUES(951,'406','BoardSeat object (406)',3,'',17,1,'2024-11-26 09:21:14.265645');
INSERT INTO "django_admin_log" VALUES(952,'405','BoardSeat object (405)',3,'',17,1,'2024-11-26 09:21:14.265655');
INSERT INTO "django_admin_log" VALUES(953,'404','BoardSeat object (404)',3,'',17,1,'2024-11-26 09:21:14.265666');
INSERT INTO "django_admin_log" VALUES(954,'403','BoardSeat object (403)',3,'',17,1,'2024-11-26 09:21:14.265676');
INSERT INTO "django_admin_log" VALUES(955,'402','BoardSeat object (402)',3,'',17,1,'2024-11-26 09:21:14.265686');
INSERT INTO "django_admin_log" VALUES(956,'401','BoardSeat object (401)',3,'',17,1,'2024-11-26 09:21:14.265696');
INSERT INTO "django_admin_log" VALUES(957,'400','BoardSeat object (400)',3,'',17,1,'2024-11-26 09:21:14.265706');
INSERT INTO "django_admin_log" VALUES(958,'399','BoardSeat object (399)',3,'',17,1,'2024-11-26 09:21:14.265717');
INSERT INTO "django_admin_log" VALUES(959,'398','BoardSeat object (398)',3,'',17,1,'2024-11-26 09:21:14.265727');
INSERT INTO "django_admin_log" VALUES(960,'397','BoardSeat object (397)',3,'',17,1,'2024-11-26 09:21:14.265737');
INSERT INTO "django_admin_log" VALUES(961,'396','BoardSeat object (396)',3,'',17,1,'2024-11-26 09:21:14.265748');
INSERT INTO "django_admin_log" VALUES(962,'395','BoardSeat object (395)',3,'',17,1,'2024-11-26 09:21:14.265758');
INSERT INTO "django_admin_log" VALUES(963,'394','BoardSeat object (394)',3,'',17,1,'2024-11-26 09:21:14.265768');
INSERT INTO "django_admin_log" VALUES(964,'393','BoardSeat object (393)',3,'',17,1,'2024-11-26 09:21:14.265778');
INSERT INTO "django_admin_log" VALUES(965,'392','BoardSeat object (392)',3,'',17,1,'2024-11-26 09:21:14.265788');
INSERT INTO "django_admin_log" VALUES(966,'391','BoardSeat object (391)',3,'',17,1,'2024-11-26 09:21:14.265798');
INSERT INTO "django_admin_log" VALUES(967,'390','BoardSeat object (390)',3,'',17,1,'2024-11-26 09:21:14.265808');
INSERT INTO "django_admin_log" VALUES(968,'389','BoardSeat object (389)',3,'',17,1,'2024-11-26 09:21:14.265818');
INSERT INTO "django_admin_log" VALUES(969,'388','BoardSeat object (388)',3,'',17,1,'2024-11-26 09:21:14.265828');
INSERT INTO "django_admin_log" VALUES(970,'387','BoardSeat object (387)',3,'',17,1,'2024-11-26 09:21:14.265838');
INSERT INTO "django_admin_log" VALUES(971,'386','BoardSeat object (386)',3,'',17,1,'2024-11-26 09:21:14.265848');
INSERT INTO "django_admin_log" VALUES(972,'385','BoardSeat object (385)',3,'',17,1,'2024-11-26 09:21:14.265858');
INSERT INTO "django_admin_log" VALUES(973,'384','BoardSeat object (384)',3,'',17,1,'2024-11-26 09:21:14.265868');
INSERT INTO "django_admin_log" VALUES(974,'383','BoardSeat object (383)',3,'',17,1,'2024-11-26 09:21:14.265878');
INSERT INTO "django_admin_log" VALUES(975,'382','BoardSeat object (382)',3,'',17,1,'2024-11-26 09:21:14.265888');
INSERT INTO "django_admin_log" VALUES(976,'381','BoardSeat object (381)',3,'',17,1,'2024-11-26 09:21:14.265898');
INSERT INTO "django_admin_log" VALUES(977,'380','BoardSeat object (380)',3,'',17,1,'2024-11-26 09:21:14.265909');
INSERT INTO "django_admin_log" VALUES(978,'379','BoardSeat object (379)',3,'',17,1,'2024-11-26 09:21:14.265919');
INSERT INTO "django_admin_log" VALUES(979,'378','BoardSeat object (378)',3,'',17,1,'2024-11-26 09:21:14.265929');
INSERT INTO "django_admin_log" VALUES(980,'377','BoardSeat object (377)',3,'',17,1,'2024-11-26 09:21:14.265939');
INSERT INTO "django_admin_log" VALUES(981,'376','BoardSeat object (376)',3,'',17,1,'2024-11-26 09:21:14.265950');
INSERT INTO "django_admin_log" VALUES(982,'375','BoardSeat object (375)',3,'',17,1,'2024-11-26 09:21:14.265960');
INSERT INTO "django_admin_log" VALUES(983,'374','BoardSeat object (374)',3,'',17,1,'2024-11-26 09:21:14.265970');
INSERT INTO "django_admin_log" VALUES(984,'373','BoardSeat object (373)',3,'',17,1,'2024-11-26 09:21:14.265980');
INSERT INTO "django_admin_log" VALUES(985,'372','BoardSeat object (372)',3,'',17,1,'2024-11-26 09:21:14.265989');
INSERT INTO "django_admin_log" VALUES(986,'371','BoardSeat object (371)',3,'',17,1,'2024-11-26 09:21:14.265999');
INSERT INTO "django_admin_log" VALUES(987,'370','BoardSeat object (370)',3,'',17,1,'2024-11-26 09:21:14.266009');
INSERT INTO "django_admin_log" VALUES(988,'369','BoardSeat object (369)',3,'',17,1,'2024-11-26 09:21:14.266019');
INSERT INTO "django_admin_log" VALUES(989,'368','BoardSeat object (368)',3,'',17,1,'2024-11-26 09:21:14.266029');
INSERT INTO "django_admin_log" VALUES(990,'367','BoardSeat object (367)',3,'',17,1,'2024-11-26 09:21:14.266040');
INSERT INTO "django_admin_log" VALUES(991,'366','BoardSeat object (366)',3,'',17,1,'2024-11-26 09:21:14.266050');
INSERT INTO "django_admin_log" VALUES(992,'365','BoardSeat object (365)',3,'',17,1,'2024-11-26 09:21:14.266059');
INSERT INTO "django_admin_log" VALUES(993,'364','BoardSeat object (364)',3,'',17,1,'2024-11-26 09:21:14.266069');
INSERT INTO "django_admin_log" VALUES(994,'363','BoardSeat object (363)',3,'',17,1,'2024-11-26 09:21:14.266079');
INSERT INTO "django_admin_log" VALUES(995,'362','BoardSeat object (362)',3,'',17,1,'2024-11-26 09:21:14.266089');
INSERT INTO "django_admin_log" VALUES(996,'361','BoardSeat object (361)',3,'',17,1,'2024-11-26 09:21:14.266099');
INSERT INTO "django_admin_log" VALUES(997,'360','BoardSeat object (360)',3,'',17,1,'2024-11-26 09:21:14.266109');
INSERT INTO "django_admin_log" VALUES(998,'359','BoardSeat object (359)',3,'',17,1,'2024-11-26 09:21:14.266119');
INSERT INTO "django_admin_log" VALUES(999,'358','BoardSeat object (358)',3,'',17,1,'2024-11-26 09:21:14.266129');
INSERT INTO "django_admin_log" VALUES(1000,'357','BoardSeat object (357)',3,'',17,1,'2024-11-26 09:21:14.266139');
INSERT INTO "django_admin_log" VALUES(1001,'356','BoardSeat object (356)',3,'',17,1,'2024-11-26 09:21:14.266149');
INSERT INTO "django_admin_log" VALUES(1002,'355','BoardSeat object (355)',3,'',17,1,'2024-11-26 09:21:14.266160');
INSERT INTO "django_admin_log" VALUES(1003,'354','BoardSeat object (354)',3,'',17,1,'2024-11-26 09:21:14.266170');
INSERT INTO "django_admin_log" VALUES(1004,'353','BoardSeat object (353)',3,'',17,1,'2024-11-26 09:21:14.266180');
INSERT INTO "django_admin_log" VALUES(1005,'352','BoardSeat object (352)',3,'',17,1,'2024-11-26 09:21:14.266190');
INSERT INTO "django_admin_log" VALUES(1006,'351','BoardSeat object (351)',3,'',17,1,'2024-11-26 09:21:14.266200');
INSERT INTO "django_admin_log" VALUES(1007,'350','BoardSeat object (350)',3,'',17,1,'2024-11-26 09:21:14.266210');
INSERT INTO "django_admin_log" VALUES(1008,'349','BoardSeat object (349)',3,'',17,1,'2024-11-26 09:21:14.266220');
INSERT INTO "django_admin_log" VALUES(1009,'348','BoardSeat object (348)',3,'',17,1,'2024-11-26 09:21:14.266230');
INSERT INTO "django_admin_log" VALUES(1010,'347','BoardSeat object (347)',3,'',17,1,'2024-11-26 09:21:14.266240');
INSERT INTO "django_admin_log" VALUES(1011,'346','BoardSeat object (346)',3,'',17,1,'2024-11-26 09:21:14.266250');
INSERT INTO "django_admin_log" VALUES(1012,'345','BoardSeat object (345)',3,'',17,1,'2024-11-26 09:21:14.266260');
INSERT INTO "django_admin_log" VALUES(1013,'344','BoardSeat object (344)',3,'',17,1,'2024-11-26 09:21:14.266270');
INSERT INTO "django_admin_log" VALUES(1014,'343','BoardSeat object (343)',3,'',17,1,'2024-11-26 09:21:14.266279');
INSERT INTO "django_admin_log" VALUES(1015,'342','BoardSeat object (342)',3,'',17,1,'2024-11-26 09:21:14.266289');
INSERT INTO "django_admin_log" VALUES(1016,'341','BoardSeat object (341)',3,'',17,1,'2024-11-26 09:21:14.266299');
INSERT INTO "django_admin_log" VALUES(1017,'340','BoardSeat object (340)',3,'',17,1,'2024-11-26 09:21:14.266309');
INSERT INTO "django_admin_log" VALUES(1018,'339','BoardSeat object (339)',3,'',17,1,'2024-11-26 09:21:14.266320');
INSERT INTO "django_admin_log" VALUES(1019,'338','BoardSeat object (338)',3,'',17,1,'2024-11-26 09:21:14.266329');
INSERT INTO "django_admin_log" VALUES(1020,'337','BoardSeat object (337)',3,'',17,1,'2024-11-26 09:21:14.266339');
INSERT INTO "django_admin_log" VALUES(1021,'336','BoardSeat object (336)',3,'',17,1,'2024-11-26 09:21:14.266349');
INSERT INTO "django_admin_log" VALUES(1022,'335','BoardSeat object (335)',3,'',17,1,'2024-11-26 09:21:14.266359');
INSERT INTO "django_admin_log" VALUES(1023,'334','BoardSeat object (334)',3,'',17,1,'2024-11-26 09:21:14.266369');
INSERT INTO "django_admin_log" VALUES(1024,'333','BoardSeat object (333)',3,'',17,1,'2024-11-26 09:21:14.266379');
INSERT INTO "django_admin_log" VALUES(1025,'332','BoardSeat object (332)',3,'',17,1,'2024-11-26 09:21:19.062223');
INSERT INTO "django_admin_log" VALUES(1026,'331','BoardSeat object (331)',3,'',17,1,'2024-11-26 09:21:19.062303');
INSERT INTO "django_admin_log" VALUES(1027,'330','BoardSeat object (330)',3,'',17,1,'2024-11-26 09:21:19.062320');
INSERT INTO "django_admin_log" VALUES(1028,'329','BoardSeat object (329)',3,'',17,1,'2024-11-26 09:21:19.062331');
INSERT INTO "django_admin_log" VALUES(1029,'328','BoardSeat object (328)',3,'',17,1,'2024-11-26 09:21:19.062342');
INSERT INTO "django_admin_log" VALUES(1030,'327','BoardSeat object (327)',3,'',17,1,'2024-11-26 09:21:19.062353');
INSERT INTO "django_admin_log" VALUES(1031,'326','BoardSeat object (326)',3,'',17,1,'2024-11-26 09:21:19.062364');
INSERT INTO "django_admin_log" VALUES(1032,'325','BoardSeat object (325)',3,'',17,1,'2024-11-26 09:21:19.062374');
INSERT INTO "django_admin_log" VALUES(1033,'324','BoardSeat object (324)',3,'',17,1,'2024-11-26 09:21:19.062385');
INSERT INTO "django_admin_log" VALUES(1034,'323','BoardSeat object (323)',3,'',17,1,'2024-11-26 09:21:19.062429');
INSERT INTO "django_admin_log" VALUES(1035,'322','BoardSeat object (322)',3,'',17,1,'2024-11-26 09:21:19.062445');
INSERT INTO "django_admin_log" VALUES(1036,'321','BoardSeat object (321)',3,'',17,1,'2024-11-26 09:21:19.062457');
INSERT INTO "django_admin_log" VALUES(1037,'320','BoardSeat object (320)',3,'',17,1,'2024-11-26 09:21:19.062468');
INSERT INTO "django_admin_log" VALUES(1038,'319','BoardSeat object (319)',3,'',17,1,'2024-11-26 09:21:19.062479');
INSERT INTO "django_admin_log" VALUES(1039,'318','BoardSeat object (318)',3,'',17,1,'2024-11-26 09:21:19.062490');
INSERT INTO "django_admin_log" VALUES(1040,'317','BoardSeat object (317)',3,'',17,1,'2024-11-26 09:21:19.062500');
INSERT INTO "django_admin_log" VALUES(1041,'316','BoardSeat object (316)',3,'',17,1,'2024-11-26 09:21:19.062511');
INSERT INTO "django_admin_log" VALUES(1042,'315','BoardSeat object (315)',3,'',17,1,'2024-11-26 09:21:19.062521');
INSERT INTO "django_admin_log" VALUES(1043,'314','BoardSeat object (314)',3,'',17,1,'2024-11-26 09:21:19.062532');
INSERT INTO "django_admin_log" VALUES(1044,'313','BoardSeat object (313)',3,'',17,1,'2024-11-26 09:21:19.062542');
INSERT INTO "django_admin_log" VALUES(1045,'312','BoardSeat object (312)',3,'',17,1,'2024-11-26 09:21:19.062553');
INSERT INTO "django_admin_log" VALUES(1046,'311','BoardSeat object (311)',3,'',17,1,'2024-11-26 09:21:19.062563');
INSERT INTO "django_admin_log" VALUES(1047,'310','BoardSeat object (310)',3,'',17,1,'2024-11-26 09:21:19.062574');
INSERT INTO "django_admin_log" VALUES(1048,'309','BoardSeat object (309)',3,'',17,1,'2024-11-26 09:21:19.062586');
INSERT INTO "django_admin_log" VALUES(1049,'308','BoardSeat object (308)',3,'',17,1,'2024-11-26 09:21:19.062596');
INSERT INTO "django_admin_log" VALUES(1050,'307','BoardSeat object (307)',3,'',17,1,'2024-11-26 09:21:19.062607');
INSERT INTO "django_admin_log" VALUES(1051,'306','BoardSeat object (306)',3,'',17,1,'2024-11-26 09:21:19.062617');
INSERT INTO "django_admin_log" VALUES(1052,'305','BoardSeat object (305)',3,'',17,1,'2024-11-26 09:21:19.062627');
INSERT INTO "django_admin_log" VALUES(1053,'304','BoardSeat object (304)',3,'',17,1,'2024-11-26 09:21:19.062638');
INSERT INTO "django_admin_log" VALUES(1054,'303','BoardSeat object (303)',3,'',17,1,'2024-11-26 09:21:19.062648');
INSERT INTO "django_admin_log" VALUES(1055,'302','BoardSeat object (302)',3,'',17,1,'2024-11-26 09:21:19.062658');
INSERT INTO "django_admin_log" VALUES(1056,'301','BoardSeat object (301)',3,'',17,1,'2024-11-26 09:21:19.062668');
INSERT INTO "django_admin_log" VALUES(1057,'300','BoardSeat object (300)',3,'',17,1,'2024-11-26 09:21:19.062678');
INSERT INTO "django_admin_log" VALUES(1058,'299','BoardSeat object (299)',3,'',17,1,'2024-11-26 09:21:19.062688');
INSERT INTO "django_admin_log" VALUES(1059,'298','BoardSeat object (298)',3,'',17,1,'2024-11-26 09:21:19.062699');
INSERT INTO "django_admin_log" VALUES(1060,'297','BoardSeat object (297)',3,'',17,1,'2024-11-26 09:21:19.062709');
INSERT INTO "django_admin_log" VALUES(1061,'296','BoardSeat object (296)',3,'',17,1,'2024-11-26 09:21:19.062719');
INSERT INTO "django_admin_log" VALUES(1062,'295','BoardSeat object (295)',3,'',17,1,'2024-11-26 09:21:19.062729');
INSERT INTO "django_admin_log" VALUES(1063,'294','BoardSeat object (294)',3,'',17,1,'2024-11-26 09:21:19.062739');
INSERT INTO "django_admin_log" VALUES(1064,'293','BoardSeat object (293)',3,'',17,1,'2024-11-26 09:21:19.062749');
INSERT INTO "django_admin_log" VALUES(1065,'292','BoardSeat object (292)',3,'',17,1,'2024-11-26 09:21:19.062760');
INSERT INTO "django_admin_log" VALUES(1066,'291','BoardSeat object (291)',3,'',17,1,'2024-11-26 09:21:19.062770');
INSERT INTO "django_admin_log" VALUES(1067,'290','BoardSeat object (290)',3,'',17,1,'2024-11-26 09:21:19.062780');
INSERT INTO "django_admin_log" VALUES(1068,'289','BoardSeat object (289)',3,'',17,1,'2024-11-26 09:21:19.062789');
INSERT INTO "django_admin_log" VALUES(1069,'288','BoardSeat object (288)',3,'',17,1,'2024-11-26 09:21:19.062800');
INSERT INTO "django_admin_log" VALUES(1070,'287','BoardSeat object (287)',3,'',17,1,'2024-11-26 09:21:19.062810');
INSERT INTO "django_admin_log" VALUES(1071,'286','BoardSeat object (286)',3,'',17,1,'2024-11-26 09:21:19.062820');
INSERT INTO "django_admin_log" VALUES(1072,'285','BoardSeat object (285)',3,'',17,1,'2024-11-26 09:21:19.062830');
INSERT INTO "django_admin_log" VALUES(1073,'284','BoardSeat object (284)',3,'',17,1,'2024-11-26 09:21:19.062840');
INSERT INTO "django_admin_log" VALUES(1074,'283','BoardSeat object (283)',3,'',17,1,'2024-11-26 09:21:19.062850');
INSERT INTO "django_admin_log" VALUES(1075,'282','BoardSeat object (282)',3,'',17,1,'2024-11-26 09:21:19.062957');
INSERT INTO "django_admin_log" VALUES(1076,'281','BoardSeat object (281)',3,'',17,1,'2024-11-26 09:21:19.062968');
INSERT INTO "django_admin_log" VALUES(1077,'280','BoardSeat object (280)',3,'',17,1,'2024-11-26 09:21:19.062979');
INSERT INTO "django_admin_log" VALUES(1078,'279','BoardSeat object (279)',3,'',17,1,'2024-11-26 09:21:19.062990');
INSERT INTO "django_admin_log" VALUES(1079,'278','BoardSeat object (278)',3,'',17,1,'2024-11-26 09:21:19.063001');
INSERT INTO "django_admin_log" VALUES(1080,'277','BoardSeat object (277)',3,'',17,1,'2024-11-26 09:21:19.063011');
INSERT INTO "django_admin_log" VALUES(1081,'276','BoardSeat object (276)',3,'',17,1,'2024-11-26 09:21:19.063021');
INSERT INTO "django_admin_log" VALUES(1082,'275','BoardSeat object (275)',3,'',17,1,'2024-11-26 09:21:19.063032');
INSERT INTO "django_admin_log" VALUES(1083,'274','BoardSeat object (274)',3,'',17,1,'2024-11-26 09:21:19.063042');
INSERT INTO "django_admin_log" VALUES(1084,'273','BoardSeat object (273)',3,'',17,1,'2024-11-26 09:21:19.063053');
INSERT INTO "django_admin_log" VALUES(1085,'272','BoardSeat object (272)',3,'',17,1,'2024-11-26 09:21:19.063063');
INSERT INTO "django_admin_log" VALUES(1086,'271','BoardSeat object (271)',3,'',17,1,'2024-11-26 09:21:19.063074');
INSERT INTO "django_admin_log" VALUES(1087,'270','BoardSeat object (270)',3,'',17,1,'2024-11-26 09:21:19.063084');
INSERT INTO "django_admin_log" VALUES(1088,'269','BoardSeat object (269)',3,'',17,1,'2024-11-26 09:21:19.063094');
INSERT INTO "django_admin_log" VALUES(1089,'268','BoardSeat object (268)',3,'',17,1,'2024-11-26 09:21:19.063104');
INSERT INTO "django_admin_log" VALUES(1090,'267','BoardSeat object (267)',3,'',17,1,'2024-11-26 09:21:19.063114');
INSERT INTO "django_admin_log" VALUES(1091,'266','BoardSeat object (266)',3,'',17,1,'2024-11-26 09:21:19.063124');
INSERT INTO "django_admin_log" VALUES(1092,'265','BoardSeat object (265)',3,'',17,1,'2024-11-26 09:21:19.063134');
INSERT INTO "django_admin_log" VALUES(1093,'264','BoardSeat object (264)',3,'',17,1,'2024-11-26 09:21:19.063144');
INSERT INTO "django_admin_log" VALUES(1094,'263','BoardSeat object (263)',3,'',17,1,'2024-11-26 09:21:19.063154');
INSERT INTO "django_admin_log" VALUES(1095,'262','BoardSeat object (262)',3,'',17,1,'2024-11-26 09:21:19.063164');
INSERT INTO "django_admin_log" VALUES(1096,'261','BoardSeat object (261)',3,'',17,1,'2024-11-26 09:21:19.063175');
INSERT INTO "django_admin_log" VALUES(1097,'260','BoardSeat object (260)',3,'',17,1,'2024-11-26 09:21:19.063185');
INSERT INTO "django_admin_log" VALUES(1098,'259','BoardSeat object (259)',3,'',17,1,'2024-11-26 09:21:19.063195');
INSERT INTO "django_admin_log" VALUES(1099,'258','BoardSeat object (258)',3,'',17,1,'2024-11-26 09:21:19.063205');
INSERT INTO "django_admin_log" VALUES(1100,'257','BoardSeat object (257)',3,'',17,1,'2024-11-26 09:21:19.063215');
INSERT INTO "django_admin_log" VALUES(1101,'256','BoardSeat object (256)',3,'',17,1,'2024-11-26 09:21:19.063225');
INSERT INTO "django_admin_log" VALUES(1102,'255','BoardSeat object (255)',3,'',17,1,'2024-11-26 09:21:19.063236');
INSERT INTO "django_admin_log" VALUES(1103,'254','BoardSeat object (254)',3,'',17,1,'2024-11-26 09:21:19.063246');
INSERT INTO "django_admin_log" VALUES(1104,'253','BoardSeat object (253)',3,'',17,1,'2024-11-26 09:21:19.063256');
INSERT INTO "django_admin_log" VALUES(1105,'252','BoardSeat object (252)',3,'',17,1,'2024-11-26 09:21:19.063266');
INSERT INTO "django_admin_log" VALUES(1106,'251','BoardSeat object (251)',3,'',17,1,'2024-11-26 09:21:19.063276');
INSERT INTO "django_admin_log" VALUES(1107,'250','BoardSeat object (250)',3,'',17,1,'2024-11-26 09:21:19.063287');
INSERT INTO "django_admin_log" VALUES(1108,'249','BoardSeat object (249)',3,'',17,1,'2024-11-26 09:21:19.063297');
INSERT INTO "django_admin_log" VALUES(1109,'248','BoardSeat object (248)',3,'',17,1,'2024-11-26 09:21:19.063307');
INSERT INTO "django_admin_log" VALUES(1110,'247','BoardSeat object (247)',3,'',17,1,'2024-11-26 09:21:19.063317');
INSERT INTO "django_admin_log" VALUES(1111,'246','BoardSeat object (246)',3,'',17,1,'2024-11-26 09:21:19.063327');
INSERT INTO "django_admin_log" VALUES(1112,'245','BoardSeat object (245)',3,'',17,1,'2024-11-26 09:21:19.063337');
INSERT INTO "django_admin_log" VALUES(1113,'244','BoardSeat object (244)',3,'',17,1,'2024-11-26 09:21:19.063347');
INSERT INTO "django_admin_log" VALUES(1114,'243','BoardSeat object (243)',3,'',17,1,'2024-11-26 09:21:19.063357');
INSERT INTO "django_admin_log" VALUES(1115,'242','BoardSeat object (242)',3,'',17,1,'2024-11-26 09:21:19.063367');
INSERT INTO "django_admin_log" VALUES(1116,'241','BoardSeat object (241)',3,'',17,1,'2024-11-26 09:21:19.063377');
INSERT INTO "django_admin_log" VALUES(1117,'240','BoardSeat object (240)',3,'',17,1,'2024-11-26 09:21:19.063387');
INSERT INTO "django_admin_log" VALUES(1118,'239','BoardSeat object (239)',3,'',17,1,'2024-11-26 09:21:19.063398');
INSERT INTO "django_admin_log" VALUES(1119,'238','BoardSeat object (238)',3,'',17,1,'2024-11-26 09:21:19.063408');
INSERT INTO "django_admin_log" VALUES(1120,'237','BoardSeat object (237)',3,'',17,1,'2024-11-26 09:21:19.063418');
INSERT INTO "django_admin_log" VALUES(1121,'236','BoardSeat object (236)',3,'',17,1,'2024-11-26 09:21:19.063428');
INSERT INTO "django_admin_log" VALUES(1122,'235','BoardSeat object (235)',3,'',17,1,'2024-11-26 09:21:19.063438');
INSERT INTO "django_admin_log" VALUES(1123,'234','BoardSeat object (234)',3,'',17,1,'2024-11-26 09:21:19.063448');
INSERT INTO "django_admin_log" VALUES(1124,'233','BoardSeat object (233)',3,'',17,1,'2024-11-26 09:21:19.063458');
INSERT INTO "django_admin_log" VALUES(1125,'232','BoardSeat object (232)',3,'',17,1,'2024-11-26 09:21:23.910356');
INSERT INTO "django_admin_log" VALUES(1126,'231','BoardSeat object (231)',3,'',17,1,'2024-11-26 09:21:23.910381');
INSERT INTO "django_admin_log" VALUES(1127,'230','BoardSeat object (230)',3,'',17,1,'2024-11-26 09:21:23.910393');
INSERT INTO "django_admin_log" VALUES(1128,'229','BoardSeat object (229)',3,'',17,1,'2024-11-26 09:21:23.910404');
INSERT INTO "django_admin_log" VALUES(1129,'228','BoardSeat object (228)',3,'',17,1,'2024-11-26 09:21:23.910415');
INSERT INTO "django_admin_log" VALUES(1130,'227','BoardSeat object (227)',3,'',17,1,'2024-11-26 09:21:23.910425');
INSERT INTO "django_admin_log" VALUES(1131,'226','BoardSeat object (226)',3,'',17,1,'2024-11-26 09:21:23.910435');
INSERT INTO "django_admin_log" VALUES(1132,'225','BoardSeat object (225)',3,'',17,1,'2024-11-26 09:21:23.910446');
INSERT INTO "django_admin_log" VALUES(1133,'224','BoardSeat object (224)',3,'',17,1,'2024-11-26 09:21:23.910456');
INSERT INTO "django_admin_log" VALUES(1134,'223','BoardSeat object (223)',3,'',17,1,'2024-11-26 09:21:23.910466');
INSERT INTO "django_admin_log" VALUES(1135,'222','BoardSeat object (222)',3,'',17,1,'2024-11-26 09:21:23.910476');
INSERT INTO "django_admin_log" VALUES(1136,'221','BoardSeat object (221)',3,'',17,1,'2024-11-26 09:21:23.910486');
INSERT INTO "django_admin_log" VALUES(1137,'220','BoardSeat object (220)',3,'',17,1,'2024-11-26 09:21:23.910496');
INSERT INTO "django_admin_log" VALUES(1138,'219','BoardSeat object (219)',3,'',17,1,'2024-11-26 09:21:23.910506');
INSERT INTO "django_admin_log" VALUES(1139,'218','BoardSeat object (218)',3,'',17,1,'2024-11-26 09:21:23.910516');
INSERT INTO "django_admin_log" VALUES(1140,'217','BoardSeat object (217)',3,'',17,1,'2024-11-26 09:21:23.910526');
INSERT INTO "django_admin_log" VALUES(1141,'216','BoardSeat object (216)',3,'',17,1,'2024-11-26 09:21:23.910536');
INSERT INTO "django_admin_log" VALUES(1142,'215','BoardSeat object (215)',3,'',17,1,'2024-11-26 09:21:23.910546');
INSERT INTO "django_admin_log" VALUES(1143,'214','BoardSeat object (214)',3,'',17,1,'2024-11-26 09:21:23.910556');
INSERT INTO "django_admin_log" VALUES(1144,'213','BoardSeat object (213)',3,'',17,1,'2024-11-26 09:21:23.910566');
INSERT INTO "django_admin_log" VALUES(1145,'212','BoardSeat object (212)',3,'',17,1,'2024-11-26 09:21:23.910576');
INSERT INTO "django_admin_log" VALUES(1146,'211','BoardSeat object (211)',3,'',17,1,'2024-11-26 09:21:23.910586');
INSERT INTO "django_admin_log" VALUES(1147,'210','BoardSeat object (210)',3,'',17,1,'2024-11-26 09:21:23.910596');
INSERT INTO "django_admin_log" VALUES(1148,'209','BoardSeat object (209)',3,'',17,1,'2024-11-26 09:21:23.910606');
INSERT INTO "django_admin_log" VALUES(1149,'208','BoardSeat object (208)',3,'',17,1,'2024-11-26 09:21:23.910616');
INSERT INTO "django_admin_log" VALUES(1150,'207','BoardSeat object (207)',3,'',17,1,'2024-11-26 09:21:23.910626');
INSERT INTO "django_admin_log" VALUES(1151,'206','BoardSeat object (206)',3,'',17,1,'2024-11-26 09:21:23.910636');
INSERT INTO "django_admin_log" VALUES(1152,'205','BoardSeat object (205)',3,'',17,1,'2024-11-26 09:21:23.910647');
INSERT INTO "django_admin_log" VALUES(1153,'204','BoardSeat object (204)',3,'',17,1,'2024-11-26 09:21:23.910657');
INSERT INTO "django_admin_log" VALUES(1154,'203','BoardSeat object (203)',3,'',17,1,'2024-11-26 09:21:23.910667');
INSERT INTO "django_admin_log" VALUES(1155,'202','BoardSeat object (202)',3,'',17,1,'2024-11-26 09:21:23.910677');
INSERT INTO "django_admin_log" VALUES(1156,'201','BoardSeat object (201)',3,'',17,1,'2024-11-26 09:21:23.910688');
INSERT INTO "django_admin_log" VALUES(1157,'200','BoardSeat object (200)',3,'',17,1,'2024-11-26 09:21:23.910698');
INSERT INTO "django_admin_log" VALUES(1158,'199','BoardSeat object (199)',3,'',17,1,'2024-11-26 09:21:23.910708');
INSERT INTO "django_admin_log" VALUES(1159,'198','BoardSeat object (198)',3,'',17,1,'2024-11-26 09:21:23.910718');
INSERT INTO "django_admin_log" VALUES(1160,'197','BoardSeat object (197)',3,'',17,1,'2024-11-26 09:21:23.910728');
INSERT INTO "django_admin_log" VALUES(1161,'196','BoardSeat object (196)',3,'',17,1,'2024-11-26 09:21:23.910738');
INSERT INTO "django_admin_log" VALUES(1162,'195','BoardSeat object (195)',3,'',17,1,'2024-11-26 09:21:23.910748');
INSERT INTO "django_admin_log" VALUES(1163,'194','BoardSeat object (194)',3,'',17,1,'2024-11-26 09:21:23.910758');
INSERT INTO "django_admin_log" VALUES(1164,'193','BoardSeat object (193)',3,'',17,1,'2024-11-26 09:21:23.910768');
INSERT INTO "django_admin_log" VALUES(1165,'192','BoardSeat object (192)',3,'',17,1,'2024-11-26 09:21:23.910778');
INSERT INTO "django_admin_log" VALUES(1166,'191','BoardSeat object (191)',3,'',17,1,'2024-11-26 09:21:23.910788');
INSERT INTO "django_admin_log" VALUES(1167,'190','BoardSeat object (190)',3,'',17,1,'2024-11-26 09:21:23.910799');
INSERT INTO "django_admin_log" VALUES(1168,'189','BoardSeat object (189)',3,'',17,1,'2024-11-26 09:21:23.910809');
INSERT INTO "django_admin_log" VALUES(1169,'188','BoardSeat object (188)',3,'',17,1,'2024-11-26 09:21:23.910819');
INSERT INTO "django_admin_log" VALUES(1170,'187','BoardSeat object (187)',3,'',17,1,'2024-11-26 09:21:23.910830');
INSERT INTO "django_admin_log" VALUES(1171,'186','BoardSeat object (186)',3,'',17,1,'2024-11-26 09:21:23.910840');
INSERT INTO "django_admin_log" VALUES(1172,'185','BoardSeat object (185)',3,'',17,1,'2024-11-26 09:21:23.910850');
INSERT INTO "django_admin_log" VALUES(1173,'184','BoardSeat object (184)',3,'',17,1,'2024-11-26 09:21:23.910860');
INSERT INTO "django_admin_log" VALUES(1174,'183','BoardSeat object (183)',3,'',17,1,'2024-11-26 09:21:23.910870');
INSERT INTO "django_admin_log" VALUES(1175,'182','BoardSeat object (182)',3,'',17,1,'2024-11-26 09:21:23.910969');
INSERT INTO "django_admin_log" VALUES(1176,'181','BoardSeat object (181)',3,'',17,1,'2024-11-26 09:21:23.910980');
INSERT INTO "django_admin_log" VALUES(1177,'180','BoardSeat object (180)',3,'',17,1,'2024-11-26 09:21:23.910991');
INSERT INTO "django_admin_log" VALUES(1178,'179','BoardSeat object (179)',3,'',17,1,'2024-11-26 09:21:23.911001');
INSERT INTO "django_admin_log" VALUES(1179,'178','BoardSeat object (178)',3,'',17,1,'2024-11-26 09:21:23.911011');
INSERT INTO "django_admin_log" VALUES(1180,'177','BoardSeat object (177)',3,'',17,1,'2024-11-26 09:21:23.911021');
INSERT INTO "django_admin_log" VALUES(1181,'176','BoardSeat object (176)',3,'',17,1,'2024-11-26 09:21:23.911031');
INSERT INTO "django_admin_log" VALUES(1182,'175','BoardSeat object (175)',3,'',17,1,'2024-11-26 09:21:23.911042');
INSERT INTO "django_admin_log" VALUES(1183,'174','BoardSeat object (174)',3,'',17,1,'2024-11-26 09:21:23.911052');
INSERT INTO "django_admin_log" VALUES(1184,'173','BoardSeat object (173)',3,'',17,1,'2024-11-26 09:21:23.911062');
INSERT INTO "django_admin_log" VALUES(1185,'172','BoardSeat object (172)',3,'',17,1,'2024-11-26 09:21:23.911072');
INSERT INTO "django_admin_log" VALUES(1186,'171','BoardSeat object (171)',3,'',17,1,'2024-11-26 09:21:23.911082');
INSERT INTO "django_admin_log" VALUES(1187,'170','BoardSeat object (170)',3,'',17,1,'2024-11-26 09:21:23.911092');
INSERT INTO "django_admin_log" VALUES(1188,'169','BoardSeat object (169)',3,'',17,1,'2024-11-26 09:21:23.911102');
INSERT INTO "django_admin_log" VALUES(1189,'168','BoardSeat object (168)',3,'',17,1,'2024-11-26 09:21:23.911112');
INSERT INTO "django_admin_log" VALUES(1190,'167','BoardSeat object (167)',3,'',17,1,'2024-11-26 09:21:23.911122');
INSERT INTO "django_admin_log" VALUES(1191,'166','BoardSeat object (166)',3,'',17,1,'2024-11-26 09:21:23.911132');
INSERT INTO "django_admin_log" VALUES(1192,'165','BoardSeat object (165)',3,'',17,1,'2024-11-26 09:21:23.911142');
INSERT INTO "django_admin_log" VALUES(1193,'164','BoardSeat object (164)',3,'',17,1,'2024-11-26 09:21:23.911152');
INSERT INTO "django_admin_log" VALUES(1194,'163','BoardSeat object (163)',3,'',17,1,'2024-11-26 09:21:23.911162');
INSERT INTO "django_admin_log" VALUES(1195,'162','BoardSeat object (162)',3,'',17,1,'2024-11-26 09:21:23.911172');
INSERT INTO "django_admin_log" VALUES(1196,'161','BoardSeat object (161)',3,'',17,1,'2024-11-26 09:21:23.911182');
INSERT INTO "django_admin_log" VALUES(1197,'160','BoardSeat object (160)',3,'',17,1,'2024-11-26 09:21:23.911192');
INSERT INTO "django_admin_log" VALUES(1198,'159','BoardSeat object (159)',3,'',17,1,'2024-11-26 09:21:23.911202');
INSERT INTO "django_admin_log" VALUES(1199,'158','BoardSeat object (158)',3,'',17,1,'2024-11-26 09:21:23.911212');
INSERT INTO "django_admin_log" VALUES(1200,'157','BoardSeat object (157)',3,'',17,1,'2024-11-26 09:21:23.911222');
INSERT INTO "django_admin_log" VALUES(1201,'156','BoardSeat object (156)',3,'',17,1,'2024-11-26 09:21:23.911232');
INSERT INTO "django_admin_log" VALUES(1202,'155','BoardSeat object (155)',3,'',17,1,'2024-11-26 09:21:23.911242');
INSERT INTO "django_admin_log" VALUES(1203,'154','BoardSeat object (154)',3,'',17,1,'2024-11-26 09:21:23.911252');
INSERT INTO "django_admin_log" VALUES(1204,'153','BoardSeat object (153)',3,'',17,1,'2024-11-26 09:21:23.911262');
INSERT INTO "django_admin_log" VALUES(1205,'152','BoardSeat object (152)',3,'',17,1,'2024-11-26 09:21:23.911272');
INSERT INTO "django_admin_log" VALUES(1206,'151','BoardSeat object (151)',3,'',17,1,'2024-11-26 09:21:23.911282');
INSERT INTO "django_admin_log" VALUES(1207,'150','BoardSeat object (150)',3,'',17,1,'2024-11-26 09:21:23.911292');
INSERT INTO "django_admin_log" VALUES(1208,'149','BoardSeat object (149)',3,'',17,1,'2024-11-26 09:21:23.911302');
INSERT INTO "django_admin_log" VALUES(1209,'148','BoardSeat object (148)',3,'',17,1,'2024-11-26 09:21:23.911312');
INSERT INTO "django_admin_log" VALUES(1210,'147','BoardSeat object (147)',3,'',17,1,'2024-11-26 09:21:23.911322');
INSERT INTO "django_admin_log" VALUES(1211,'146','BoardSeat object (146)',3,'',17,1,'2024-11-26 09:21:23.911332');
INSERT INTO "django_admin_log" VALUES(1212,'145','BoardSeat object (145)',3,'',17,1,'2024-11-26 09:21:23.911342');
INSERT INTO "django_admin_log" VALUES(1213,'144','BoardSeat object (144)',3,'',17,1,'2024-11-26 09:21:23.911352');
INSERT INTO "django_admin_log" VALUES(1214,'143','BoardSeat object (143)',3,'',17,1,'2024-11-26 09:21:23.911362');
INSERT INTO "django_admin_log" VALUES(1215,'142','BoardSeat object (142)',3,'',17,1,'2024-11-26 09:21:23.911372');
INSERT INTO "django_admin_log" VALUES(1216,'141','BoardSeat object (141)',3,'',17,1,'2024-11-26 09:21:23.911382');
INSERT INTO "django_admin_log" VALUES(1217,'140','BoardSeat object (140)',3,'',17,1,'2024-11-26 09:21:23.911392');
INSERT INTO "django_admin_log" VALUES(1218,'139','BoardSeat object (139)',3,'',17,1,'2024-11-26 09:21:23.911402');
INSERT INTO "django_admin_log" VALUES(1219,'138','BoardSeat object (138)',3,'',17,1,'2024-11-26 09:21:23.911412');
INSERT INTO "django_admin_log" VALUES(1220,'137','BoardSeat object (137)',3,'',17,1,'2024-11-26 09:21:23.911422');
INSERT INTO "django_admin_log" VALUES(1221,'136','BoardSeat object (136)',3,'',17,1,'2024-11-26 09:21:23.911432');
INSERT INTO "django_admin_log" VALUES(1222,'135','BoardSeat object (135)',3,'',17,1,'2024-11-26 09:21:23.911442');
INSERT INTO "django_admin_log" VALUES(1223,'134','BoardSeat object (134)',3,'',17,1,'2024-11-26 09:21:23.911452');
INSERT INTO "django_admin_log" VALUES(1224,'133','BoardSeat object (133)',3,'',17,1,'2024-11-26 09:21:23.911462');
INSERT INTO "django_admin_log" VALUES(1225,'132','BoardSeat object (132)',3,'',17,1,'2024-11-26 09:21:29.383363');
INSERT INTO "django_admin_log" VALUES(1226,'131','BoardSeat object (131)',3,'',17,1,'2024-11-26 09:21:29.383389');
INSERT INTO "django_admin_log" VALUES(1227,'130','BoardSeat object (130)',3,'',17,1,'2024-11-26 09:21:29.383402');
INSERT INTO "django_admin_log" VALUES(1228,'129','BoardSeat object (129)',3,'',17,1,'2024-11-26 09:21:29.383414');
INSERT INTO "django_admin_log" VALUES(1229,'128','BoardSeat object (128)',3,'',17,1,'2024-11-26 09:21:29.383425');
INSERT INTO "django_admin_log" VALUES(1230,'127','BoardSeat object (127)',3,'',17,1,'2024-11-26 09:21:29.383436');
INSERT INTO "django_admin_log" VALUES(1231,'126','BoardSeat object (126)',3,'',17,1,'2024-11-26 09:21:29.383447');
INSERT INTO "django_admin_log" VALUES(1232,'125','BoardSeat object (125)',3,'',17,1,'2024-11-26 09:21:29.383457');
INSERT INTO "django_admin_log" VALUES(1233,'124','BoardSeat object (124)',3,'',17,1,'2024-11-26 09:21:29.383467');
INSERT INTO "django_admin_log" VALUES(1234,'123','BoardSeat object (123)',3,'',17,1,'2024-11-26 09:21:29.383477');
INSERT INTO "django_admin_log" VALUES(1235,'122','BoardSeat object (122)',3,'',17,1,'2024-11-26 09:21:29.383487');
INSERT INTO "django_admin_log" VALUES(1236,'121','BoardSeat object (121)',3,'',17,1,'2024-11-26 09:21:29.383497');
INSERT INTO "django_admin_log" VALUES(1237,'120','BoardSeat object (120)',3,'',17,1,'2024-11-26 09:21:29.383507');
INSERT INTO "django_admin_log" VALUES(1238,'119','BoardSeat object (119)',3,'',17,1,'2024-11-26 09:21:29.383518');
INSERT INTO "django_admin_log" VALUES(1239,'118','BoardSeat object (118)',3,'',17,1,'2024-11-26 09:21:29.383528');
INSERT INTO "django_admin_log" VALUES(1240,'117','BoardSeat object (117)',3,'',17,1,'2024-11-26 09:21:29.383538');
INSERT INTO "django_admin_log" VALUES(1241,'116','BoardSeat object (116)',3,'',17,1,'2024-11-26 09:21:29.383548');
INSERT INTO "django_admin_log" VALUES(1242,'115','BoardSeat object (115)',3,'',17,1,'2024-11-26 09:21:29.383558');
INSERT INTO "django_admin_log" VALUES(1243,'114','BoardSeat object (114)',3,'',17,1,'2024-11-26 09:21:29.383568');
INSERT INTO "django_admin_log" VALUES(1244,'113','BoardSeat object (113)',3,'',17,1,'2024-11-26 09:21:29.383578');
INSERT INTO "django_admin_log" VALUES(1245,'112','BoardSeat object (112)',3,'',17,1,'2024-11-26 09:21:29.383588');
INSERT INTO "django_admin_log" VALUES(1246,'111','BoardSeat object (111)',3,'',17,1,'2024-11-26 09:21:29.383598');
INSERT INTO "django_admin_log" VALUES(1247,'110','BoardSeat object (110)',3,'',17,1,'2024-11-26 09:21:29.383608');
INSERT INTO "django_admin_log" VALUES(1248,'109','BoardSeat object (109)',3,'',17,1,'2024-11-26 09:21:29.383619');
INSERT INTO "django_admin_log" VALUES(1249,'108','BoardSeat object (108)',3,'',17,1,'2024-11-26 09:21:29.383628');
INSERT INTO "django_admin_log" VALUES(1250,'107','BoardSeat object (107)',3,'',17,1,'2024-11-26 09:21:29.383639');
INSERT INTO "django_admin_log" VALUES(1251,'106','BoardSeat object (106)',3,'',17,1,'2024-11-26 09:21:29.383649');
INSERT INTO "django_admin_log" VALUES(1252,'105','BoardSeat object (105)',3,'',17,1,'2024-11-26 09:21:29.383659');
INSERT INTO "django_admin_log" VALUES(1253,'104','BoardSeat object (104)',3,'',17,1,'2024-11-26 09:21:29.383669');
INSERT INTO "django_admin_log" VALUES(1254,'103','BoardSeat object (103)',3,'',17,1,'2024-11-26 09:21:29.383679');
INSERT INTO "django_admin_log" VALUES(1255,'102','BoardSeat object (102)',3,'',17,1,'2024-11-26 09:21:29.383689');
INSERT INTO "django_admin_log" VALUES(1256,'101','BoardSeat object (101)',3,'',17,1,'2024-11-26 09:21:29.383699');
INSERT INTO "django_admin_log" VALUES(1257,'100','BoardSeat object (100)',3,'',17,1,'2024-11-26 09:21:29.383709');
INSERT INTO "django_admin_log" VALUES(1258,'99','BoardSeat object (99)',3,'',17,1,'2024-11-26 09:21:29.383720');
INSERT INTO "django_admin_log" VALUES(1259,'98','BoardSeat object (98)',3,'',17,1,'2024-11-26 09:21:29.383730');
INSERT INTO "django_admin_log" VALUES(1260,'97','BoardSeat object (97)',3,'',17,1,'2024-11-26 09:21:29.383740');
INSERT INTO "django_admin_log" VALUES(1261,'96','BoardSeat object (96)',3,'',17,1,'2024-11-26 09:21:29.383750');
INSERT INTO "django_admin_log" VALUES(1262,'95','BoardSeat object (95)',3,'',17,1,'2024-11-26 09:21:29.383760');
INSERT INTO "django_admin_log" VALUES(1263,'94','BoardSeat object (94)',3,'',17,1,'2024-11-26 09:21:29.383770');
INSERT INTO "django_admin_log" VALUES(1264,'93','BoardSeat object (93)',3,'',17,1,'2024-11-26 09:21:29.383780');
INSERT INTO "django_admin_log" VALUES(1265,'92','BoardSeat object (92)',3,'',17,1,'2024-11-26 09:21:29.383790');
INSERT INTO "django_admin_log" VALUES(1266,'91','BoardSeat object (91)',3,'',17,1,'2024-11-26 09:21:29.383800');
INSERT INTO "django_admin_log" VALUES(1267,'90','BoardSeat object (90)',3,'',17,1,'2024-11-26 09:21:29.383810');
INSERT INTO "django_admin_log" VALUES(1268,'89','BoardSeat object (89)',3,'',17,1,'2024-11-26 09:21:29.383820');
INSERT INTO "django_admin_log" VALUES(1269,'88','BoardSeat object (88)',3,'',17,1,'2024-11-26 09:21:29.383830');
INSERT INTO "django_admin_log" VALUES(1270,'87','BoardSeat object (87)',3,'',17,1,'2024-11-26 09:21:29.383840');
INSERT INTO "django_admin_log" VALUES(1271,'86','BoardSeat object (86)',3,'',17,1,'2024-11-26 09:21:29.383850');
INSERT INTO "django_admin_log" VALUES(1272,'85','BoardSeat object (85)',3,'',17,1,'2024-11-26 09:21:29.383859');
INSERT INTO "django_admin_log" VALUES(1273,'84','BoardSeat object (84)',3,'',17,1,'2024-11-26 09:21:29.383869');
INSERT INTO "django_admin_log" VALUES(1274,'83','BoardSeat object (83)',3,'',17,1,'2024-11-26 09:21:29.383879');
INSERT INTO "django_admin_log" VALUES(1275,'82','BoardSeat object (82)',3,'',17,1,'2024-11-26 09:21:29.383889');
INSERT INTO "django_admin_log" VALUES(1276,'81','BoardSeat object (81)',3,'',17,1,'2024-11-26 09:21:29.383899');
INSERT INTO "django_admin_log" VALUES(1277,'80','BoardSeat object (80)',3,'',17,1,'2024-11-26 09:21:29.383908');
INSERT INTO "django_admin_log" VALUES(1278,'79','BoardSeat object (79)',3,'',17,1,'2024-11-26 09:21:29.383918');
INSERT INTO "django_admin_log" VALUES(1279,'78','BoardSeat object (78)',3,'',17,1,'2024-11-26 09:21:29.383928');
INSERT INTO "django_admin_log" VALUES(1280,'77','BoardSeat object (77)',3,'',17,1,'2024-11-26 09:21:29.383938');
INSERT INTO "django_admin_log" VALUES(1281,'76','BoardSeat object (76)',3,'',17,1,'2024-11-26 09:21:29.383948');
INSERT INTO "django_admin_log" VALUES(1282,'75','BoardSeat object (75)',3,'',17,1,'2024-11-26 09:21:29.383958');
INSERT INTO "django_admin_log" VALUES(1283,'74','BoardSeat object (74)',3,'',17,1,'2024-11-26 09:21:29.383968');
INSERT INTO "django_admin_log" VALUES(1284,'73','BoardSeat object (73)',3,'',17,1,'2024-11-26 09:21:29.383978');
INSERT INTO "django_admin_log" VALUES(1285,'72','BoardSeat object (72)',3,'',17,1,'2024-11-26 09:21:29.383988');
INSERT INTO "django_admin_log" VALUES(1286,'71','BoardSeat object (71)',3,'',17,1,'2024-11-26 09:21:29.383997');
INSERT INTO "django_admin_log" VALUES(1287,'70','BoardSeat object (70)',3,'',17,1,'2024-11-26 09:21:29.384007');
INSERT INTO "django_admin_log" VALUES(1288,'69','BoardSeat object (69)',3,'',17,1,'2024-11-26 09:21:29.384017');
INSERT INTO "django_admin_log" VALUES(1289,'68','BoardSeat object (68)',3,'',17,1,'2024-11-26 09:21:29.384027');
INSERT INTO "django_admin_log" VALUES(1290,'67','BoardSeat object (67)',3,'',17,1,'2024-11-26 09:21:29.384037');
INSERT INTO "django_admin_log" VALUES(1291,'66','BoardSeat object (66)',3,'',17,1,'2024-11-26 09:21:29.384047');
INSERT INTO "django_admin_log" VALUES(1292,'65','BoardSeat object (65)',3,'',17,1,'2024-11-26 09:21:29.384057');
INSERT INTO "django_admin_log" VALUES(1293,'64','BoardSeat object (64)',3,'',17,1,'2024-11-26 09:21:29.384067');
INSERT INTO "django_admin_log" VALUES(1294,'63','BoardSeat object (63)',3,'',17,1,'2024-11-26 09:21:29.384077');
INSERT INTO "django_admin_log" VALUES(1295,'62','BoardSeat object (62)',3,'',17,1,'2024-11-26 09:21:29.384087');
INSERT INTO "django_admin_log" VALUES(1296,'61','BoardSeat object (61)',3,'',17,1,'2024-11-26 09:21:29.384097');
INSERT INTO "django_admin_log" VALUES(1297,'60','BoardSeat object (60)',3,'',17,1,'2024-11-26 09:21:29.384107');
INSERT INTO "django_admin_log" VALUES(1298,'59','BoardSeat object (59)',3,'',17,1,'2024-11-26 09:21:29.384117');
INSERT INTO "django_admin_log" VALUES(1299,'58','BoardSeat object (58)',3,'',17,1,'2024-11-26 09:21:29.384128');
INSERT INTO "django_admin_log" VALUES(1300,'57','BoardSeat object (57)',3,'',17,1,'2024-11-26 09:21:29.384138');
INSERT INTO "django_admin_log" VALUES(1301,'56','BoardSeat object (56)',3,'',17,1,'2024-11-26 09:21:29.384148');
INSERT INTO "django_admin_log" VALUES(1302,'55','BoardSeat object (55)',3,'',17,1,'2024-11-26 09:21:29.384159');
INSERT INTO "django_admin_log" VALUES(1303,'54','BoardSeat object (54)',3,'',17,1,'2024-11-26 09:21:29.384170');
INSERT INTO "django_admin_log" VALUES(1304,'53','BoardSeat object (53)',3,'',17,1,'2024-11-26 09:21:29.384180');
INSERT INTO "django_admin_log" VALUES(1305,'52','BoardSeat object (52)',3,'',17,1,'2024-11-26 09:21:29.384191');
INSERT INTO "django_admin_log" VALUES(1306,'51','BoardSeat object (51)',3,'',17,1,'2024-11-26 09:21:29.384201');
INSERT INTO "django_admin_log" VALUES(1307,'50','BoardSeat object (50)',3,'',17,1,'2024-11-26 09:21:29.384211');
INSERT INTO "django_admin_log" VALUES(1308,'49','BoardSeat object (49)',3,'',17,1,'2024-11-26 09:21:29.384221');
INSERT INTO "django_admin_log" VALUES(1309,'48','BoardSeat object (48)',3,'',17,1,'2024-11-26 09:21:29.384231');
INSERT INTO "django_admin_log" VALUES(1310,'47','BoardSeat object (47)',3,'',17,1,'2024-11-26 09:21:29.384241');
INSERT INTO "django_admin_log" VALUES(1311,'46','BoardSeat object (46)',3,'',17,1,'2024-11-26 09:21:29.384251');
INSERT INTO "django_admin_log" VALUES(1312,'45','BoardSeat object (45)',3,'',17,1,'2024-11-26 09:21:29.384261');
INSERT INTO "django_admin_log" VALUES(1313,'44','BoardSeat object (44)',3,'',17,1,'2024-11-26 09:21:29.384271');
INSERT INTO "django_admin_log" VALUES(1314,'43','BoardSeat object (43)',3,'',17,1,'2024-11-26 09:21:29.384281');
INSERT INTO "django_admin_log" VALUES(1315,'42','BoardSeat object (42)',3,'',17,1,'2024-11-26 09:21:29.384291');
INSERT INTO "django_admin_log" VALUES(1316,'41','BoardSeat object (41)',3,'',17,1,'2024-11-26 09:21:29.384300');
INSERT INTO "django_admin_log" VALUES(1317,'40','BoardSeat object (40)',3,'',17,1,'2024-11-26 09:21:29.384310');
INSERT INTO "django_admin_log" VALUES(1318,'39','BoardSeat object (39)',3,'',17,1,'2024-11-26 09:21:29.384320');
INSERT INTO "django_admin_log" VALUES(1319,'38','BoardSeat object (38)',3,'',17,1,'2024-11-26 09:21:29.384330');
INSERT INTO "django_admin_log" VALUES(1320,'37','BoardSeat object (37)',3,'',17,1,'2024-11-26 09:21:29.384340');
INSERT INTO "django_admin_log" VALUES(1321,'36','BoardSeat object (36)',3,'',17,1,'2024-11-26 09:21:29.384350');
INSERT INTO "django_admin_log" VALUES(1322,'35','BoardSeat object (35)',3,'',17,1,'2024-11-26 09:21:29.384360');
INSERT INTO "django_admin_log" VALUES(1323,'34','BoardSeat object (34)',3,'',17,1,'2024-11-26 09:21:29.384370');
INSERT INTO "django_admin_log" VALUES(1324,'33','BoardSeat object (33)',3,'',17,1,'2024-11-26 09:21:29.384380');
INSERT INTO "django_admin_log" VALUES(1325,'32','BoardSeat object (32)',3,'',17,1,'2024-11-26 09:21:33.970768');
INSERT INTO "django_admin_log" VALUES(1326,'31','BoardSeat object (31)',3,'',17,1,'2024-11-26 09:21:33.970792');
INSERT INTO "django_admin_log" VALUES(1327,'30','BoardSeat object (30)',3,'',17,1,'2024-11-26 09:21:33.970804');
INSERT INTO "django_admin_log" VALUES(1328,'29','BoardSeat object (29)',3,'',17,1,'2024-11-26 09:21:33.970815');
INSERT INTO "django_admin_log" VALUES(1329,'28','BoardSeat object (28)',3,'',17,1,'2024-11-26 09:21:33.970826');
INSERT INTO "django_admin_log" VALUES(1330,'27','BoardSeat object (27)',3,'',17,1,'2024-11-26 09:21:33.970837');
INSERT INTO "django_admin_log" VALUES(1331,'26','BoardSeat object (26)',3,'',17,1,'2024-11-26 09:21:33.970847');
INSERT INTO "django_admin_log" VALUES(1332,'25','BoardSeat object (25)',3,'',17,1,'2024-11-26 09:21:33.970857');
INSERT INTO "django_admin_log" VALUES(1333,'24','BoardSeat object (24)',3,'',17,1,'2024-11-26 09:21:33.970867');
INSERT INTO "django_admin_log" VALUES(1334,'23','BoardSeat object (23)',3,'',17,1,'2024-11-26 09:21:33.970877');
INSERT INTO "django_admin_log" VALUES(1335,'22','BoardSeat object (22)',3,'',17,1,'2024-11-26 09:21:33.970887');
INSERT INTO "django_admin_log" VALUES(1336,'21','BoardSeat object (21)',3,'',17,1,'2024-11-26 09:21:33.970897');
INSERT INTO "django_admin_log" VALUES(1337,'20','BoardSeat object (20)',3,'',17,1,'2024-11-26 09:21:33.970907');
INSERT INTO "django_admin_log" VALUES(1338,'19','BoardSeat object (19)',3,'',17,1,'2024-11-26 09:21:33.970917');
INSERT INTO "django_admin_log" VALUES(1339,'18','BoardSeat object (18)',3,'',17,1,'2024-11-26 09:21:33.970927');
INSERT INTO "django_admin_log" VALUES(1340,'17','BoardSeat object (17)',3,'',17,1,'2024-11-26 09:21:33.970937');
INSERT INTO "django_admin_log" VALUES(1341,'16','BoardSeat object (16)',3,'',17,1,'2024-11-26 09:21:33.970947');
INSERT INTO "django_admin_log" VALUES(1342,'15','BoardSeat object (15)',3,'',17,1,'2024-11-26 09:21:33.970957');
INSERT INTO "django_admin_log" VALUES(1343,'14','BoardSeat object (14)',3,'',17,1,'2024-11-26 09:21:33.970967');
INSERT INTO "django_admin_log" VALUES(1344,'13','BoardSeat object (13)',3,'',17,1,'2024-11-26 09:21:33.970977');
INSERT INTO "django_admin_log" VALUES(1345,'12','BoardSeat object (12)',3,'',17,1,'2024-11-26 09:21:33.970987');
INSERT INTO "django_admin_log" VALUES(1346,'11','BoardSeat object (11)',3,'',17,1,'2024-11-26 09:21:33.970997');
INSERT INTO "django_admin_log" VALUES(1347,'10','BoardSeat object (10)',3,'',17,1,'2024-11-26 09:21:33.971007');
INSERT INTO "django_admin_log" VALUES(1348,'9','BoardSeat object (9)',3,'',17,1,'2024-11-26 09:21:33.971017');
INSERT INTO "django_admin_log" VALUES(1349,'8','BoardSeat object (8)',3,'',17,1,'2024-11-26 09:21:33.971027');
INSERT INTO "django_admin_log" VALUES(1350,'7','BoardSeat object (7)',3,'',17,1,'2024-11-26 09:21:33.971038');
INSERT INTO "django_admin_log" VALUES(1351,'6','BoardSeat object (6)',3,'',17,1,'2024-11-26 09:21:33.971048');
INSERT INTO "django_admin_log" VALUES(1352,'5','BoardSeat object (5)',3,'',17,1,'2024-11-26 09:21:33.971058');
INSERT INTO "django_admin_log" VALUES(1353,'1','Client object (1)',1,'[{"added": {}}]',8,1,'2024-11-29 06:22:04.930335');
INSERT INTO "django_admin_log" VALUES(1354,'1','Ticket object (1)',1,'[{"added": {}}]',14,1,'2024-11-29 06:22:40.356168');
INSERT INTO "django_admin_log" VALUES(1355,'1','Ticket object (1)',2,'[{"changed": {"fields": ["Flight seat"]}}]',14,1,'2024-11-29 06:26:59.250691');
INSERT INTO "django_admin_log" VALUES(1356,'312','FlightSeat object (312)',3,'',10,1,'2024-11-29 07:39:10.191374');
INSERT INTO "django_admin_log" VALUES(1357,'311','FlightSeat object (311)',3,'',10,1,'2024-11-29 07:39:10.191414');
INSERT INTO "django_admin_log" VALUES(1358,'310','FlightSeat object (310)',3,'',10,1,'2024-11-29 07:39:10.191428');
INSERT INTO "django_admin_log" VALUES(1359,'309','FlightSeat object (309)',3,'',10,1,'2024-11-29 07:39:10.191440');
INSERT INTO "django_admin_log" VALUES(1360,'308','FlightSeat object (308)',3,'',10,1,'2024-11-29 07:39:10.191451');
INSERT INTO "django_admin_log" VALUES(1361,'307','FlightSeat object (307)',3,'',10,1,'2024-11-29 07:39:10.191462');
INSERT INTO "django_admin_log" VALUES(1362,'306','FlightSeat object (306)',3,'',10,1,'2024-11-29 07:39:10.191473');
INSERT INTO "django_admin_log" VALUES(1363,'305','FlightSeat object (305)',3,'',10,1,'2024-11-29 07:39:10.191483');
INSERT INTO "django_admin_log" VALUES(1364,'304','FlightSeat object (304)',3,'',10,1,'2024-11-29 07:39:10.191493');
INSERT INTO "django_admin_log" VALUES(1365,'303','FlightSeat object (303)',3,'',10,1,'2024-11-29 07:39:10.191504');
INSERT INTO "django_admin_log" VALUES(1366,'302','FlightSeat object (302)',3,'',10,1,'2024-11-29 07:39:10.191515');
INSERT INTO "django_admin_log" VALUES(1367,'301','FlightSeat object (301)',3,'',10,1,'2024-11-29 07:39:10.191525');
INSERT INTO "django_admin_log" VALUES(1368,'300','FlightSeat object (300)',3,'',10,1,'2024-11-29 07:39:10.191535');
INSERT INTO "django_admin_log" VALUES(1369,'299','FlightSeat object (299)',3,'',10,1,'2024-11-29 07:39:10.191546');
INSERT INTO "django_admin_log" VALUES(1370,'298','FlightSeat object (298)',3,'',10,1,'2024-11-29 07:39:10.191556');
INSERT INTO "django_admin_log" VALUES(1371,'297','FlightSeat object (297)',3,'',10,1,'2024-11-29 07:39:10.191566');
INSERT INTO "django_admin_log" VALUES(1372,'296','FlightSeat object (296)',3,'',10,1,'2024-11-29 07:39:10.191577');
INSERT INTO "django_admin_log" VALUES(1373,'295','FlightSeat object (295)',3,'',10,1,'2024-11-29 07:39:10.191587');
INSERT INTO "django_admin_log" VALUES(1374,'294','FlightSeat object (294)',3,'',10,1,'2024-11-29 07:39:10.191597');
INSERT INTO "django_admin_log" VALUES(1375,'293','FlightSeat object (293)',3,'',10,1,'2024-11-29 07:39:10.191608');
INSERT INTO "django_admin_log" VALUES(1376,'292','FlightSeat object (292)',3,'',10,1,'2024-11-29 07:39:10.191618');
INSERT INTO "django_admin_log" VALUES(1377,'291','FlightSeat object (291)',3,'',10,1,'2024-11-29 07:39:10.191628');
INSERT INTO "django_admin_log" VALUES(1378,'290','FlightSeat object (290)',3,'',10,1,'2024-11-29 07:39:10.191639');
INSERT INTO "django_admin_log" VALUES(1379,'289','FlightSeat object (289)',3,'',10,1,'2024-11-29 07:39:10.191649');
INSERT INTO "django_admin_log" VALUES(1380,'288','FlightSeat object (288)',3,'',10,1,'2024-11-29 07:39:10.191659');
INSERT INTO "django_admin_log" VALUES(1381,'287','FlightSeat object (287)',3,'',10,1,'2024-11-29 07:39:10.191669');
INSERT INTO "django_admin_log" VALUES(1382,'286','FlightSeat object (286)',3,'',10,1,'2024-11-29 07:39:10.191679');
INSERT INTO "django_admin_log" VALUES(1383,'285','FlightSeat object (285)',3,'',10,1,'2024-11-29 07:39:10.191690');
INSERT INTO "django_admin_log" VALUES(1384,'284','FlightSeat object (284)',3,'',10,1,'2024-11-29 07:39:10.191700');
INSERT INTO "django_admin_log" VALUES(1385,'283','FlightSeat object (283)',3,'',10,1,'2024-11-29 07:39:10.191710');
INSERT INTO "django_admin_log" VALUES(1386,'282','FlightSeat object (282)',3,'',10,1,'2024-11-29 07:39:10.191720');
INSERT INTO "django_admin_log" VALUES(1387,'281','FlightSeat object (281)',3,'',10,1,'2024-11-29 07:39:10.191730');
INSERT INTO "django_admin_log" VALUES(1388,'280','FlightSeat object (280)',3,'',10,1,'2024-11-29 07:39:10.191741');
INSERT INTO "django_admin_log" VALUES(1389,'279','FlightSeat object (279)',3,'',10,1,'2024-11-29 07:39:10.191751');
INSERT INTO "django_admin_log" VALUES(1390,'278','FlightSeat object (278)',3,'',10,1,'2024-11-29 07:39:10.191761');
INSERT INTO "django_admin_log" VALUES(1391,'277','FlightSeat object (277)',3,'',10,1,'2024-11-29 07:39:10.191771');
INSERT INTO "django_admin_log" VALUES(1392,'276','FlightSeat object (276)',3,'',10,1,'2024-11-29 07:39:10.191782');
INSERT INTO "django_admin_log" VALUES(1393,'275','FlightSeat object (275)',3,'',10,1,'2024-11-29 07:39:10.191792');
INSERT INTO "django_admin_log" VALUES(1394,'274','FlightSeat object (274)',3,'',10,1,'2024-11-29 07:39:10.191802');
INSERT INTO "django_admin_log" VALUES(1395,'273','FlightSeat object (273)',3,'',10,1,'2024-11-29 07:39:10.191812');
INSERT INTO "django_admin_log" VALUES(1396,'272','FlightSeat object (272)',3,'',10,1,'2024-11-29 07:39:10.191822');
INSERT INTO "django_admin_log" VALUES(1397,'271','FlightSeat object (271)',3,'',10,1,'2024-11-29 07:39:10.191833');
INSERT INTO "django_admin_log" VALUES(1398,'270','FlightSeat object (270)',3,'',10,1,'2024-11-29 07:39:10.191843');
INSERT INTO "django_admin_log" VALUES(1399,'269','FlightSeat object (269)',3,'',10,1,'2024-11-29 07:39:10.191853');
INSERT INTO "django_admin_log" VALUES(1400,'268','FlightSeat object (268)',3,'',10,1,'2024-11-29 07:39:10.191863');
INSERT INTO "django_admin_log" VALUES(1401,'267','FlightSeat object (267)',3,'',10,1,'2024-11-29 07:39:10.191874');
INSERT INTO "django_admin_log" VALUES(1402,'266','FlightSeat object (266)',3,'',10,1,'2024-11-29 07:39:10.191884');
INSERT INTO "django_admin_log" VALUES(1403,'265','FlightSeat object (265)',3,'',10,1,'2024-11-29 07:39:10.191895');
INSERT INTO "django_admin_log" VALUES(1404,'264','FlightSeat object (264)',3,'',10,1,'2024-11-29 07:39:10.191905');
INSERT INTO "django_admin_log" VALUES(1405,'263','FlightSeat object (263)',3,'',10,1,'2024-11-29 07:39:10.192012');
INSERT INTO "django_admin_log" VALUES(1406,'262','FlightSeat object (262)',3,'',10,1,'2024-11-29 07:39:10.192023');
INSERT INTO "django_admin_log" VALUES(1407,'261','FlightSeat object (261)',3,'',10,1,'2024-11-29 07:39:10.192034');
INSERT INTO "django_admin_log" VALUES(1408,'260','FlightSeat object (260)',3,'',10,1,'2024-11-29 07:39:10.192045');
INSERT INTO "django_admin_log" VALUES(1409,'259','FlightSeat object (259)',3,'',10,1,'2024-11-29 07:39:10.192055');
INSERT INTO "django_admin_log" VALUES(1410,'258','FlightSeat object (258)',3,'',10,1,'2024-11-29 07:39:10.192066');
INSERT INTO "django_admin_log" VALUES(1411,'257','FlightSeat object (257)',3,'',10,1,'2024-11-29 07:39:10.192076');
INSERT INTO "django_admin_log" VALUES(1412,'256','FlightSeat object (256)',3,'',10,1,'2024-11-29 07:39:10.192087');
INSERT INTO "django_admin_log" VALUES(1413,'255','FlightSeat object (255)',3,'',10,1,'2024-11-29 07:39:10.192097');
INSERT INTO "django_admin_log" VALUES(1414,'254','FlightSeat object (254)',3,'',10,1,'2024-11-29 07:39:10.192107');
INSERT INTO "django_admin_log" VALUES(1415,'253','FlightSeat object (253)',3,'',10,1,'2024-11-29 07:39:10.192117');
INSERT INTO "django_admin_log" VALUES(1416,'252','FlightSeat object (252)',3,'',10,1,'2024-11-29 07:39:10.192128');
INSERT INTO "django_admin_log" VALUES(1417,'251','FlightSeat object (251)',3,'',10,1,'2024-11-29 07:39:10.192138');
INSERT INTO "django_admin_log" VALUES(1418,'250','FlightSeat object (250)',3,'',10,1,'2024-11-29 07:39:10.192148');
INSERT INTO "django_admin_log" VALUES(1419,'249','FlightSeat object (249)',3,'',10,1,'2024-11-29 07:39:10.192158');
INSERT INTO "django_admin_log" VALUES(1420,'248','FlightSeat object (248)',3,'',10,1,'2024-11-29 07:39:10.192169');
INSERT INTO "django_admin_log" VALUES(1421,'247','FlightSeat object (247)',3,'',10,1,'2024-11-29 07:39:10.192179');
INSERT INTO "django_admin_log" VALUES(1422,'246','FlightSeat object (246)',3,'',10,1,'2024-11-29 07:39:10.192190');
INSERT INTO "django_admin_log" VALUES(1423,'245','FlightSeat object (245)',3,'',10,1,'2024-11-29 07:39:10.192200');
INSERT INTO "django_admin_log" VALUES(1424,'244','FlightSeat object (244)',3,'',10,1,'2024-11-29 07:39:10.192210');
INSERT INTO "django_admin_log" VALUES(1425,'243','FlightSeat object (243)',3,'',10,1,'2024-11-29 07:39:10.192221');
INSERT INTO "django_admin_log" VALUES(1426,'242','FlightSeat object (242)',3,'',10,1,'2024-11-29 07:39:10.192231');
INSERT INTO "django_admin_log" VALUES(1427,'241','FlightSeat object (241)',3,'',10,1,'2024-11-29 07:39:10.192242');
INSERT INTO "django_admin_log" VALUES(1428,'240','FlightSeat object (240)',3,'',10,1,'2024-11-29 07:39:10.192252');
INSERT INTO "django_admin_log" VALUES(1429,'239','FlightSeat object (239)',3,'',10,1,'2024-11-29 07:39:10.192262');
INSERT INTO "django_admin_log" VALUES(1430,'238','FlightSeat object (238)',3,'',10,1,'2024-11-29 07:39:10.192273');
INSERT INTO "django_admin_log" VALUES(1431,'237','FlightSeat object (237)',3,'',10,1,'2024-11-29 07:39:10.192283');
INSERT INTO "django_admin_log" VALUES(1432,'236','FlightSeat object (236)',3,'',10,1,'2024-11-29 07:39:10.192294');
INSERT INTO "django_admin_log" VALUES(1433,'235','FlightSeat object (235)',3,'',10,1,'2024-11-29 07:39:10.192305');
INSERT INTO "django_admin_log" VALUES(1434,'234','FlightSeat object (234)',3,'',10,1,'2024-11-29 07:39:10.192331');
INSERT INTO "django_admin_log" VALUES(1435,'233','FlightSeat object (233)',3,'',10,1,'2024-11-29 07:39:10.192342');
INSERT INTO "django_admin_log" VALUES(1436,'232','FlightSeat object (232)',3,'',10,1,'2024-11-29 07:39:10.192352');
INSERT INTO "django_admin_log" VALUES(1437,'231','FlightSeat object (231)',3,'',10,1,'2024-11-29 07:39:10.192363');
INSERT INTO "django_admin_log" VALUES(1438,'230','FlightSeat object (230)',3,'',10,1,'2024-11-29 07:39:10.192373');
INSERT INTO "django_admin_log" VALUES(1439,'229','FlightSeat object (229)',3,'',10,1,'2024-11-29 07:39:10.192383');
INSERT INTO "django_admin_log" VALUES(1440,'228','FlightSeat object (228)',3,'',10,1,'2024-11-29 07:39:10.192393');
INSERT INTO "django_admin_log" VALUES(1441,'227','FlightSeat object (227)',3,'',10,1,'2024-11-29 07:39:10.192403');
INSERT INTO "django_admin_log" VALUES(1442,'226','FlightSeat object (226)',3,'',10,1,'2024-11-29 07:39:10.192413');
INSERT INTO "django_admin_log" VALUES(1443,'225','FlightSeat object (225)',3,'',10,1,'2024-11-29 07:39:10.192424');
INSERT INTO "django_admin_log" VALUES(1444,'224','FlightSeat object (224)',3,'',10,1,'2024-11-29 07:39:10.192435');
INSERT INTO "django_admin_log" VALUES(1445,'223','FlightSeat object (223)',3,'',10,1,'2024-11-29 07:39:10.192446');
INSERT INTO "django_admin_log" VALUES(1446,'222','FlightSeat object (222)',3,'',10,1,'2024-11-29 07:39:10.192457');
INSERT INTO "django_admin_log" VALUES(1447,'221','FlightSeat object (221)',3,'',10,1,'2024-11-29 07:39:10.192467');
INSERT INTO "django_admin_log" VALUES(1448,'220','FlightSeat object (220)',3,'',10,1,'2024-11-29 07:39:10.192478');
INSERT INTO "django_admin_log" VALUES(1449,'219','FlightSeat object (219)',3,'',10,1,'2024-11-29 07:39:10.192489');
INSERT INTO "django_admin_log" VALUES(1450,'218','FlightSeat object (218)',3,'',10,1,'2024-11-29 07:39:10.192499');
INSERT INTO "django_admin_log" VALUES(1451,'217','FlightSeat object (217)',3,'',10,1,'2024-11-29 07:39:10.192509');
INSERT INTO "django_admin_log" VALUES(1452,'216','FlightSeat object (216)',3,'',10,1,'2024-11-29 07:39:10.192519');
INSERT INTO "django_admin_log" VALUES(1453,'215','FlightSeat object (215)',3,'',10,1,'2024-11-29 07:39:10.192529');
INSERT INTO "django_admin_log" VALUES(1454,'214','FlightSeat object (214)',3,'',10,1,'2024-11-29 07:39:10.192539');
INSERT INTO "django_admin_log" VALUES(1455,'213','FlightSeat object (213)',3,'',10,1,'2024-11-29 07:39:10.192550');
INSERT INTO "django_admin_log" VALUES(1456,'212','FlightSeat object (212)',3,'',10,1,'2024-11-29 07:39:17.238620');
INSERT INTO "django_admin_log" VALUES(1457,'211','FlightSeat object (211)',3,'',10,1,'2024-11-29 07:39:17.238645');
INSERT INTO "django_admin_log" VALUES(1458,'210','FlightSeat object (210)',3,'',10,1,'2024-11-29 07:39:17.238658');
INSERT INTO "django_admin_log" VALUES(1459,'209','FlightSeat object (209)',3,'',10,1,'2024-11-29 07:39:17.238669');
INSERT INTO "django_admin_log" VALUES(1460,'208','FlightSeat object (208)',3,'',10,1,'2024-11-29 07:39:17.238679');
INSERT INTO "django_admin_log" VALUES(1461,'207','FlightSeat object (207)',3,'',10,1,'2024-11-29 07:39:17.238690');
INSERT INTO "django_admin_log" VALUES(1462,'206','FlightSeat object (206)',3,'',10,1,'2024-11-29 07:39:17.238701');
INSERT INTO "django_admin_log" VALUES(1463,'205','FlightSeat object (205)',3,'',10,1,'2024-11-29 07:39:17.238711');
INSERT INTO "django_admin_log" VALUES(1464,'204','FlightSeat object (204)',3,'',10,1,'2024-11-29 07:39:17.238721');
INSERT INTO "django_admin_log" VALUES(1465,'203','FlightSeat object (203)',3,'',10,1,'2024-11-29 07:39:17.238732');
INSERT INTO "django_admin_log" VALUES(1466,'202','FlightSeat object (202)',3,'',10,1,'2024-11-29 07:39:17.238742');
INSERT INTO "django_admin_log" VALUES(1467,'201','FlightSeat object (201)',3,'',10,1,'2024-11-29 07:39:17.238752');
INSERT INTO "django_admin_log" VALUES(1468,'200','FlightSeat object (200)',3,'',10,1,'2024-11-29 07:39:17.238763');
INSERT INTO "django_admin_log" VALUES(1469,'199','FlightSeat object (199)',3,'',10,1,'2024-11-29 07:39:17.238773');
INSERT INTO "django_admin_log" VALUES(1470,'198','FlightSeat object (198)',3,'',10,1,'2024-11-29 07:39:17.238783');
INSERT INTO "django_admin_log" VALUES(1471,'197','FlightSeat object (197)',3,'',10,1,'2024-11-29 07:39:17.238794');
INSERT INTO "django_admin_log" VALUES(1472,'196','FlightSeat object (196)',3,'',10,1,'2024-11-29 07:39:17.238804');
INSERT INTO "django_admin_log" VALUES(1473,'195','FlightSeat object (195)',3,'',10,1,'2024-11-29 07:39:17.238814');
INSERT INTO "django_admin_log" VALUES(1474,'194','FlightSeat object (194)',3,'',10,1,'2024-11-29 07:39:17.238824');
INSERT INTO "django_admin_log" VALUES(1475,'193','FlightSeat object (193)',3,'',10,1,'2024-11-29 07:39:17.238835');
INSERT INTO "django_admin_log" VALUES(1476,'192','FlightSeat object (192)',3,'',10,1,'2024-11-29 07:39:17.238845');
INSERT INTO "django_admin_log" VALUES(1477,'191','FlightSeat object (191)',3,'',10,1,'2024-11-29 07:39:17.238855');
INSERT INTO "django_admin_log" VALUES(1478,'190','FlightSeat object (190)',3,'',10,1,'2024-11-29 07:39:17.238865');
INSERT INTO "django_admin_log" VALUES(1479,'189','FlightSeat object (189)',3,'',10,1,'2024-11-29 07:39:17.238876');
INSERT INTO "django_admin_log" VALUES(1480,'188','FlightSeat object (188)',3,'',10,1,'2024-11-29 07:39:17.238887');
INSERT INTO "django_admin_log" VALUES(1481,'187','FlightSeat object (187)',3,'',10,1,'2024-11-29 07:39:17.238900');
INSERT INTO "django_admin_log" VALUES(1482,'186','FlightSeat object (186)',3,'',10,1,'2024-11-29 07:39:17.238911');
INSERT INTO "django_admin_log" VALUES(1483,'185','FlightSeat object (185)',3,'',10,1,'2024-11-29 07:39:17.238922');
INSERT INTO "django_admin_log" VALUES(1484,'184','FlightSeat object (184)',3,'',10,1,'2024-11-29 07:39:17.238932');
INSERT INTO "django_admin_log" VALUES(1485,'183','FlightSeat object (183)',3,'',10,1,'2024-11-29 07:39:17.238942');
INSERT INTO "django_admin_log" VALUES(1486,'182','FlightSeat object (182)',3,'',10,1,'2024-11-29 07:39:17.238952');
INSERT INTO "django_admin_log" VALUES(1487,'181','FlightSeat object (181)',3,'',10,1,'2024-11-29 07:39:17.238963');
INSERT INTO "django_admin_log" VALUES(1488,'180','FlightSeat object (180)',3,'',10,1,'2024-11-29 07:39:17.238973');
INSERT INTO "django_admin_log" VALUES(1489,'179','FlightSeat object (179)',3,'',10,1,'2024-11-29 07:39:17.238983');
INSERT INTO "django_admin_log" VALUES(1490,'178','FlightSeat object (178)',3,'',10,1,'2024-11-29 07:39:17.238994');
INSERT INTO "django_admin_log" VALUES(1491,'177','FlightSeat object (177)',3,'',10,1,'2024-11-29 07:39:17.239004');
INSERT INTO "django_admin_log" VALUES(1492,'176','FlightSeat object (176)',3,'',10,1,'2024-11-29 07:39:17.239015');
INSERT INTO "django_admin_log" VALUES(1493,'175','FlightSeat object (175)',3,'',10,1,'2024-11-29 07:39:17.239122');
INSERT INTO "django_admin_log" VALUES(1494,'174','FlightSeat object (174)',3,'',10,1,'2024-11-29 07:39:17.239133');
INSERT INTO "django_admin_log" VALUES(1495,'173','FlightSeat object (173)',3,'',10,1,'2024-11-29 07:39:17.239144');
INSERT INTO "django_admin_log" VALUES(1496,'172','FlightSeat object (172)',3,'',10,1,'2024-11-29 07:39:17.239155');
INSERT INTO "django_admin_log" VALUES(1497,'171','FlightSeat object (171)',3,'',10,1,'2024-11-29 07:39:17.239166');
INSERT INTO "django_admin_log" VALUES(1498,'170','FlightSeat object (170)',3,'',10,1,'2024-11-29 07:39:17.239176');
INSERT INTO "django_admin_log" VALUES(1499,'169','FlightSeat object (169)',3,'',10,1,'2024-11-29 07:39:17.239186');
INSERT INTO "django_admin_log" VALUES(1500,'168','FlightSeat object (168)',3,'',10,1,'2024-11-29 07:39:17.239196');
INSERT INTO "django_admin_log" VALUES(1501,'167','FlightSeat object (167)',3,'',10,1,'2024-11-29 07:39:17.239207');
INSERT INTO "django_admin_log" VALUES(1502,'166','FlightSeat object (166)',3,'',10,1,'2024-11-29 07:39:17.239217');
INSERT INTO "django_admin_log" VALUES(1503,'165','FlightSeat object (165)',3,'',10,1,'2024-11-29 07:39:17.239227');
INSERT INTO "django_admin_log" VALUES(1504,'164','FlightSeat object (164)',3,'',10,1,'2024-11-29 07:39:17.239238');
INSERT INTO "django_admin_log" VALUES(1505,'163','FlightSeat object (163)',3,'',10,1,'2024-11-29 07:39:17.239248');
INSERT INTO "django_admin_log" VALUES(1506,'162','FlightSeat object (162)',3,'',10,1,'2024-11-29 07:39:17.239259');
INSERT INTO "django_admin_log" VALUES(1507,'161','FlightSeat object (161)',3,'',10,1,'2024-11-29 07:39:17.239269');
INSERT INTO "django_admin_log" VALUES(1508,'160','FlightSeat object (160)',3,'',10,1,'2024-11-29 07:39:17.239280');
INSERT INTO "django_admin_log" VALUES(1509,'159','FlightSeat object (159)',3,'',10,1,'2024-11-29 07:39:17.239290');
INSERT INTO "django_admin_log" VALUES(1510,'158','FlightSeat object (158)',3,'',10,1,'2024-11-29 07:39:17.239301');
INSERT INTO "django_admin_log" VALUES(1511,'157','FlightSeat object (157)',3,'',10,1,'2024-11-29 07:39:17.239311');
INSERT INTO "django_admin_log" VALUES(1512,'156','FlightSeat object (156)',3,'',10,1,'2024-11-29 07:39:17.239321');
INSERT INTO "django_admin_log" VALUES(1513,'155','FlightSeat object (155)',3,'',10,1,'2024-11-29 07:39:17.239332');
INSERT INTO "django_admin_log" VALUES(1514,'154','FlightSeat object (154)',3,'',10,1,'2024-11-29 07:39:17.239342');
INSERT INTO "django_admin_log" VALUES(1515,'153','FlightSeat object (153)',3,'',10,1,'2024-11-29 07:39:17.239352');
INSERT INTO "django_admin_log" VALUES(1516,'152','FlightSeat object (152)',3,'',10,1,'2024-11-29 07:39:17.239363');
INSERT INTO "django_admin_log" VALUES(1517,'151','FlightSeat object (151)',3,'',10,1,'2024-11-29 07:39:17.239373');
INSERT INTO "django_admin_log" VALUES(1518,'150','FlightSeat object (150)',3,'',10,1,'2024-11-29 07:39:17.239383');
INSERT INTO "django_admin_log" VALUES(1519,'149','FlightSeat object (149)',3,'',10,1,'2024-11-29 07:39:17.239393');
INSERT INTO "django_admin_log" VALUES(1520,'148','FlightSeat object (148)',3,'',10,1,'2024-11-29 07:39:17.239405');
INSERT INTO "django_admin_log" VALUES(1521,'147','FlightSeat object (147)',3,'',10,1,'2024-11-29 07:39:17.239416');
INSERT INTO "django_admin_log" VALUES(1522,'146','FlightSeat object (146)',3,'',10,1,'2024-11-29 07:39:17.239427');
INSERT INTO "django_admin_log" VALUES(1523,'145','FlightSeat object (145)',3,'',10,1,'2024-11-29 07:39:17.239438');
INSERT INTO "django_admin_log" VALUES(1524,'144','FlightSeat object (144)',3,'',10,1,'2024-11-29 07:39:17.239449');
INSERT INTO "django_admin_log" VALUES(1525,'143','FlightSeat object (143)',3,'',10,1,'2024-11-29 07:39:17.239460');
INSERT INTO "django_admin_log" VALUES(1526,'142','FlightSeat object (142)',3,'',10,1,'2024-11-29 07:39:17.239470');
INSERT INTO "django_admin_log" VALUES(1527,'141','FlightSeat object (141)',3,'',10,1,'2024-11-29 07:39:17.239480');
INSERT INTO "django_admin_log" VALUES(1528,'140','FlightSeat object (140)',3,'',10,1,'2024-11-29 07:39:17.239491');
INSERT INTO "django_admin_log" VALUES(1529,'139','FlightSeat object (139)',3,'',10,1,'2024-11-29 07:39:17.239501');
INSERT INTO "django_admin_log" VALUES(1530,'138','FlightSeat object (138)',3,'',10,1,'2024-11-29 07:39:17.239512');
INSERT INTO "django_admin_log" VALUES(1531,'137','FlightSeat object (137)',3,'',10,1,'2024-11-29 07:39:17.239522');
INSERT INTO "django_admin_log" VALUES(1532,'136','FlightSeat object (136)',3,'',10,1,'2024-11-29 07:39:17.239532');
INSERT INTO "django_admin_log" VALUES(1533,'135','FlightSeat object (135)',3,'',10,1,'2024-11-29 07:39:17.239542');
INSERT INTO "django_admin_log" VALUES(1534,'134','FlightSeat object (134)',3,'',10,1,'2024-11-29 07:39:17.239552');
INSERT INTO "django_admin_log" VALUES(1535,'133','FlightSeat object (133)',3,'',10,1,'2024-11-29 07:39:17.239562');
INSERT INTO "django_admin_log" VALUES(1536,'132','FlightSeat object (132)',3,'',10,1,'2024-11-29 07:39:17.239573');
INSERT INTO "django_admin_log" VALUES(1537,'131','FlightSeat object (131)',3,'',10,1,'2024-11-29 07:39:17.239583');
INSERT INTO "django_admin_log" VALUES(1538,'130','FlightSeat object (130)',3,'',10,1,'2024-11-29 07:39:17.239593');
INSERT INTO "django_admin_log" VALUES(1539,'129','FlightSeat object (129)',3,'',10,1,'2024-11-29 07:39:17.239603');
INSERT INTO "django_admin_log" VALUES(1540,'128','FlightSeat object (128)',3,'',10,1,'2024-11-29 07:39:17.239614');
INSERT INTO "django_admin_log" VALUES(1541,'127','FlightSeat object (127)',3,'',10,1,'2024-11-29 07:39:17.239624');
INSERT INTO "django_admin_log" VALUES(1542,'126','FlightSeat object (126)',3,'',10,1,'2024-11-29 07:39:17.239634');
INSERT INTO "django_admin_log" VALUES(1543,'125','FlightSeat object (125)',3,'',10,1,'2024-11-29 07:39:17.239644');
INSERT INTO "django_admin_log" VALUES(1544,'124','FlightSeat object (124)',3,'',10,1,'2024-11-29 07:39:17.239654');
INSERT INTO "django_admin_log" VALUES(1545,'123','FlightSeat object (123)',3,'',10,1,'2024-11-29 07:39:17.239665');
INSERT INTO "django_admin_log" VALUES(1546,'122','FlightSeat object (122)',3,'',10,1,'2024-11-29 07:39:17.239675');
INSERT INTO "django_admin_log" VALUES(1547,'121','FlightSeat object (121)',3,'',10,1,'2024-11-29 07:39:17.239685');
INSERT INTO "django_admin_log" VALUES(1548,'120','FlightSeat object (120)',3,'',10,1,'2024-11-29 07:39:17.239695');
INSERT INTO "django_admin_log" VALUES(1549,'119','FlightSeat object (119)',3,'',10,1,'2024-11-29 07:39:17.239705');
INSERT INTO "django_admin_log" VALUES(1550,'118','FlightSeat object (118)',3,'',10,1,'2024-11-29 07:39:17.239716');
INSERT INTO "django_admin_log" VALUES(1551,'117','FlightSeat object (117)',3,'',10,1,'2024-11-29 07:39:17.239726');
INSERT INTO "django_admin_log" VALUES(1552,'116','FlightSeat object (116)',3,'',10,1,'2024-11-29 07:39:17.239736');
INSERT INTO "django_admin_log" VALUES(1553,'115','FlightSeat object (115)',3,'',10,1,'2024-11-29 07:39:17.239746');
INSERT INTO "django_admin_log" VALUES(1554,'114','FlightSeat object (114)',3,'',10,1,'2024-11-29 07:39:17.239756');
INSERT INTO "django_admin_log" VALUES(1555,'113','FlightSeat object (113)',3,'',10,1,'2024-11-29 07:39:17.239766');
INSERT INTO "django_admin_log" VALUES(1556,'112','FlightSeat object (112)',3,'',10,1,'2024-11-29 07:39:26.844954');
INSERT INTO "django_admin_log" VALUES(1557,'111','FlightSeat object (111)',3,'',10,1,'2024-11-29 07:39:26.844979');
INSERT INTO "django_admin_log" VALUES(1558,'110','FlightSeat object (110)',3,'',10,1,'2024-11-29 07:39:26.844991');
INSERT INTO "django_admin_log" VALUES(1559,'109','FlightSeat object (109)',3,'',10,1,'2024-11-29 07:39:26.845002');
INSERT INTO "django_admin_log" VALUES(1560,'108','FlightSeat object (108)',3,'',10,1,'2024-11-29 07:39:26.845013');
INSERT INTO "django_admin_log" VALUES(1561,'107','FlightSeat object (107)',3,'',10,1,'2024-11-29 07:39:26.845024');
INSERT INTO "django_admin_log" VALUES(1562,'106','FlightSeat object (106)',3,'',10,1,'2024-11-29 07:39:26.845035');
INSERT INTO "django_admin_log" VALUES(1563,'105','FlightSeat object (105)',3,'',10,1,'2024-11-29 07:39:26.845045');
INSERT INTO "django_admin_log" VALUES(1564,'104','FlightSeat object (104)',3,'',10,1,'2024-11-29 07:39:26.845055');
INSERT INTO "django_admin_log" VALUES(1565,'103','FlightSeat object (103)',3,'',10,1,'2024-11-29 07:39:26.845066');
INSERT INTO "django_admin_log" VALUES(1566,'102','FlightSeat object (102)',3,'',10,1,'2024-11-29 07:39:26.845076');
INSERT INTO "django_admin_log" VALUES(1567,'101','FlightSeat object (101)',3,'',10,1,'2024-11-29 07:39:26.845086');
INSERT INTO "django_admin_log" VALUES(1568,'100','FlightSeat object (100)',3,'',10,1,'2024-11-29 07:39:26.845097');
INSERT INTO "django_admin_log" VALUES(1569,'99','FlightSeat object (99)',3,'',10,1,'2024-11-29 07:39:26.845108');
INSERT INTO "django_admin_log" VALUES(1570,'98','FlightSeat object (98)',3,'',10,1,'2024-11-29 07:39:26.845118');
INSERT INTO "django_admin_log" VALUES(1571,'97','FlightSeat object (97)',3,'',10,1,'2024-11-29 07:39:26.845128');
INSERT INTO "django_admin_log" VALUES(1572,'96','FlightSeat object (96)',3,'',10,1,'2024-11-29 07:39:26.845139');
INSERT INTO "django_admin_log" VALUES(1573,'95','FlightSeat object (95)',3,'',10,1,'2024-11-29 07:39:26.845150');
INSERT INTO "django_admin_log" VALUES(1574,'94','FlightSeat object (94)',3,'',10,1,'2024-11-29 07:39:26.845160');
INSERT INTO "django_admin_log" VALUES(1575,'93','FlightSeat object (93)',3,'',10,1,'2024-11-29 07:39:26.845170');
INSERT INTO "django_admin_log" VALUES(1576,'92','FlightSeat object (92)',3,'',10,1,'2024-11-29 07:39:26.845181');
INSERT INTO "django_admin_log" VALUES(1577,'91','FlightSeat object (91)',3,'',10,1,'2024-11-29 07:39:26.845191');
INSERT INTO "django_admin_log" VALUES(1578,'90','FlightSeat object (90)',3,'',10,1,'2024-11-29 07:39:26.845201');
INSERT INTO "django_admin_log" VALUES(1579,'89','FlightSeat object (89)',3,'',10,1,'2024-11-29 07:39:26.845211');
INSERT INTO "django_admin_log" VALUES(1580,'88','FlightSeat object (88)',3,'',10,1,'2024-11-29 07:39:26.845222');
INSERT INTO "django_admin_log" VALUES(1581,'87','FlightSeat object (87)',3,'',10,1,'2024-11-29 07:39:26.845232');
INSERT INTO "django_admin_log" VALUES(1582,'86','FlightSeat object (86)',3,'',10,1,'2024-11-29 07:39:26.845242');
INSERT INTO "django_admin_log" VALUES(1583,'85','FlightSeat object (85)',3,'',10,1,'2024-11-29 07:39:26.845252');
INSERT INTO "django_admin_log" VALUES(1584,'84','FlightSeat object (84)',3,'',10,1,'2024-11-29 07:39:26.845263');
INSERT INTO "django_admin_log" VALUES(1585,'83','FlightSeat object (83)',3,'',10,1,'2024-11-29 07:39:26.845273');
INSERT INTO "django_admin_log" VALUES(1586,'82','FlightSeat object (82)',3,'',10,1,'2024-11-29 07:39:26.845283');
INSERT INTO "django_admin_log" VALUES(1587,'81','FlightSeat object (81)',3,'',10,1,'2024-11-29 07:39:26.845294');
INSERT INTO "django_admin_log" VALUES(1588,'80','FlightSeat object (80)',3,'',10,1,'2024-11-29 07:39:26.845304');
INSERT INTO "django_admin_log" VALUES(1589,'79','FlightSeat object (79)',3,'',10,1,'2024-11-29 07:39:26.845314');
INSERT INTO "django_admin_log" VALUES(1590,'78','FlightSeat object (78)',3,'',10,1,'2024-11-29 07:39:26.845325');
INSERT INTO "django_admin_log" VALUES(1591,'77','FlightSeat object (77)',3,'',10,1,'2024-11-29 07:39:26.845335');
INSERT INTO "django_admin_log" VALUES(1592,'76','FlightSeat object (76)',3,'',10,1,'2024-11-29 07:39:26.845345');
INSERT INTO "django_admin_log" VALUES(1593,'75','FlightSeat object (75)',3,'',10,1,'2024-11-29 07:39:26.845453');
INSERT INTO "django_admin_log" VALUES(1594,'74','FlightSeat object (74)',3,'',10,1,'2024-11-29 07:39:26.845465');
INSERT INTO "django_admin_log" VALUES(1595,'73','FlightSeat object (73)',3,'',10,1,'2024-11-29 07:39:26.845475');
INSERT INTO "django_admin_log" VALUES(1596,'72','FlightSeat object (72)',3,'',10,1,'2024-11-29 07:39:26.845486');
INSERT INTO "django_admin_log" VALUES(1597,'71','FlightSeat object (71)',3,'',10,1,'2024-11-29 07:39:26.845496');
INSERT INTO "django_admin_log" VALUES(1598,'70','FlightSeat object (70)',3,'',10,1,'2024-11-29 07:39:26.845507');
INSERT INTO "django_admin_log" VALUES(1599,'69','FlightSeat object (69)',3,'',10,1,'2024-11-29 07:39:26.845517');
INSERT INTO "django_admin_log" VALUES(1600,'68','FlightSeat object (68)',3,'',10,1,'2024-11-29 07:39:26.845527');
INSERT INTO "django_admin_log" VALUES(1601,'67','FlightSeat object (67)',3,'',10,1,'2024-11-29 07:39:26.845538');
INSERT INTO "django_admin_log" VALUES(1602,'66','FlightSeat object (66)',3,'',10,1,'2024-11-29 07:39:26.845548');
INSERT INTO "django_admin_log" VALUES(1603,'65','FlightSeat object (65)',3,'',10,1,'2024-11-29 07:39:26.845558');
INSERT INTO "django_admin_log" VALUES(1604,'64','FlightSeat object (64)',3,'',10,1,'2024-11-29 07:39:26.845568');
INSERT INTO "django_admin_log" VALUES(1605,'63','FlightSeat object (63)',3,'',10,1,'2024-11-29 07:39:26.845579');
INSERT INTO "django_admin_log" VALUES(1606,'62','FlightSeat object (62)',3,'',10,1,'2024-11-29 07:39:26.845589');
INSERT INTO "django_admin_log" VALUES(1607,'61','FlightSeat object (61)',3,'',10,1,'2024-11-29 07:39:26.845599');
INSERT INTO "django_admin_log" VALUES(1608,'60','FlightSeat object (60)',3,'',10,1,'2024-11-29 07:39:26.845610');
INSERT INTO "django_admin_log" VALUES(1609,'59','FlightSeat object (59)',3,'',10,1,'2024-11-29 07:39:26.845620');
INSERT INTO "django_admin_log" VALUES(1610,'58','FlightSeat object (58)',3,'',10,1,'2024-11-29 07:39:26.845631');
INSERT INTO "django_admin_log" VALUES(1611,'57','FlightSeat object (57)',3,'',10,1,'2024-11-29 07:39:26.845641');
INSERT INTO "django_admin_log" VALUES(1612,'56','FlightSeat object (56)',3,'',10,1,'2024-11-29 07:39:26.845651');
INSERT INTO "django_admin_log" VALUES(1613,'55','FlightSeat object (55)',3,'',10,1,'2024-11-29 07:39:26.845661');
INSERT INTO "django_admin_log" VALUES(1614,'54','FlightSeat object (54)',3,'',10,1,'2024-11-29 07:39:26.845671');
INSERT INTO "django_admin_log" VALUES(1615,'53','FlightSeat object (53)',3,'',10,1,'2024-11-29 07:39:26.845681');
INSERT INTO "django_admin_log" VALUES(1616,'52','FlightSeat object (52)',3,'',10,1,'2024-11-29 07:39:26.845692');
INSERT INTO "django_admin_log" VALUES(1617,'51','FlightSeat object (51)',3,'',10,1,'2024-11-29 07:39:26.845702');
INSERT INTO "django_admin_log" VALUES(1618,'50','FlightSeat object (50)',3,'',10,1,'2024-11-29 07:39:26.845712');
INSERT INTO "django_admin_log" VALUES(1619,'49','FlightSeat object (49)',3,'',10,1,'2024-11-29 07:39:26.845722');
INSERT INTO "django_admin_log" VALUES(1620,'48','FlightSeat object (48)',3,'',10,1,'2024-11-29 07:39:26.845732');
INSERT INTO "django_admin_log" VALUES(1621,'47','FlightSeat object (47)',3,'',10,1,'2024-11-29 07:39:26.845743');
INSERT INTO "django_admin_log" VALUES(1622,'46','FlightSeat object (46)',3,'',10,1,'2024-11-29 07:39:26.845753');
INSERT INTO "django_admin_log" VALUES(1623,'45','FlightSeat object (45)',3,'',10,1,'2024-11-29 07:39:26.845763');
INSERT INTO "django_admin_log" VALUES(1624,'44','FlightSeat object (44)',3,'',10,1,'2024-11-29 07:39:26.845773');
INSERT INTO "django_admin_log" VALUES(1625,'43','FlightSeat object (43)',3,'',10,1,'2024-11-29 07:39:26.845784');
INSERT INTO "django_admin_log" VALUES(1626,'42','FlightSeat object (42)',3,'',10,1,'2024-11-29 07:39:26.845794');
INSERT INTO "django_admin_log" VALUES(1627,'41','FlightSeat object (41)',3,'',10,1,'2024-11-29 07:39:26.845804');
INSERT INTO "django_admin_log" VALUES(1628,'40','FlightSeat object (40)',3,'',10,1,'2024-11-29 07:39:26.845814');
INSERT INTO "django_admin_log" VALUES(1629,'39','FlightSeat object (39)',3,'',10,1,'2024-11-29 07:39:26.845825');
INSERT INTO "django_admin_log" VALUES(1630,'38','FlightSeat object (38)',3,'',10,1,'2024-11-29 07:39:26.845835');
INSERT INTO "django_admin_log" VALUES(1631,'37','FlightSeat object (37)',3,'',10,1,'2024-11-29 07:39:26.845845');
INSERT INTO "django_admin_log" VALUES(1632,'36','FlightSeat object (36)',3,'',10,1,'2024-11-29 07:39:26.845855');
INSERT INTO "django_admin_log" VALUES(1633,'35','FlightSeat object (35)',3,'',10,1,'2024-11-29 07:39:26.845866');
INSERT INTO "django_admin_log" VALUES(1634,'34','FlightSeat object (34)',3,'',10,1,'2024-11-29 07:39:26.845877');
INSERT INTO "django_admin_log" VALUES(1635,'33','FlightSeat object (33)',3,'',10,1,'2024-11-29 07:39:26.845887');
INSERT INTO "django_admin_log" VALUES(1636,'32','FlightSeat object (32)',3,'',10,1,'2024-11-29 07:39:26.845897');
INSERT INTO "django_admin_log" VALUES(1637,'31','FlightSeat object (31)',3,'',10,1,'2024-11-29 07:39:26.845907');
INSERT INTO "django_admin_log" VALUES(1638,'30','FlightSeat object (30)',3,'',10,1,'2024-11-29 07:39:26.845917');
INSERT INTO "django_admin_log" VALUES(1639,'29','FlightSeat object (29)',3,'',10,1,'2024-11-29 07:39:26.845928');
INSERT INTO "django_admin_log" VALUES(1640,'28','FlightSeat object (28)',3,'',10,1,'2024-11-29 07:39:26.845938');
INSERT INTO "django_admin_log" VALUES(1641,'27','FlightSeat object (27)',3,'',10,1,'2024-11-29 07:39:26.845948');
INSERT INTO "django_admin_log" VALUES(1642,'26','FlightSeat object (26)',3,'',10,1,'2024-11-29 07:39:26.845958');
INSERT INTO "django_admin_log" VALUES(1643,'25','FlightSeat object (25)',3,'',10,1,'2024-11-29 07:39:26.845969');
INSERT INTO "django_admin_log" VALUES(1644,'24','FlightSeat object (24)',3,'',10,1,'2024-11-29 07:39:26.845979');
INSERT INTO "django_admin_log" VALUES(1645,'23','FlightSeat object (23)',3,'',10,1,'2024-11-29 07:39:26.845989');
INSERT INTO "django_admin_log" VALUES(1646,'22','FlightSeat object (22)',3,'',10,1,'2024-11-29 07:39:26.846000');
INSERT INTO "django_admin_log" VALUES(1647,'21','FlightSeat object (21)',3,'',10,1,'2024-11-29 07:39:26.846017');
INSERT INTO "django_admin_log" VALUES(1648,'20','FlightSeat object (20)',3,'',10,1,'2024-11-29 07:39:26.846027');
INSERT INTO "django_admin_log" VALUES(1649,'19','FlightSeat object (19)',3,'',10,1,'2024-11-29 07:39:26.846038');
INSERT INTO "django_admin_log" VALUES(1650,'18','FlightSeat object (18)',3,'',10,1,'2024-11-29 07:39:26.846048');
INSERT INTO "django_admin_log" VALUES(1651,'17','FlightSeat object (17)',3,'',10,1,'2024-11-29 07:39:26.846059');
INSERT INTO "django_admin_log" VALUES(1652,'16','FlightSeat object (16)',3,'',10,1,'2024-11-29 07:39:26.846069');
INSERT INTO "django_admin_log" VALUES(1653,'15','FlightSeat object (15)',3,'',10,1,'2024-11-29 07:39:26.846079');
INSERT INTO "django_admin_log" VALUES(1654,'14','FlightSeat object (14)',3,'',10,1,'2024-11-29 07:39:26.846090');
INSERT INTO "django_admin_log" VALUES(1655,'13','FlightSeat object (13)',3,'',10,1,'2024-11-29 07:39:26.846100');
INSERT INTO "django_admin_log" VALUES(1656,'12','FlightSeat object (12)',3,'',10,1,'2024-11-29 07:39:31.960461');
INSERT INTO "django_admin_log" VALUES(1657,'11','FlightSeat object (11)',3,'',10,1,'2024-11-29 07:39:31.960485');
INSERT INTO "django_admin_log" VALUES(1658,'10','FlightSeat object (10)',3,'',10,1,'2024-11-29 07:39:31.960497');
INSERT INTO "django_admin_log" VALUES(1659,'9','FlightSeat object (9)',3,'',10,1,'2024-11-29 07:39:31.960508');
INSERT INTO "django_admin_log" VALUES(1660,'8','FlightSeat object (8)',3,'',10,1,'2024-11-29 07:39:31.960519');
INSERT INTO "django_admin_log" VALUES(1661,'7','FlightSeat object (7)',3,'',10,1,'2024-11-29 07:39:31.960530');
INSERT INTO "django_admin_log" VALUES(1662,'6','FlightSeat object (6)',3,'',10,1,'2024-11-29 07:39:31.960540');
INSERT INTO "django_admin_log" VALUES(1663,'5','FlightSeat object (5)',3,'',10,1,'2024-11-29 07:39:31.960550');
INSERT INTO "django_admin_log" VALUES(1664,'4','FlightSeat object (4)',3,'',10,1,'2024-11-29 07:39:31.960561');
INSERT INTO "django_admin_log" VALUES(1665,'3','FlightSeat object (3)',3,'',10,1,'2024-11-29 07:39:31.960571');
INSERT INTO "django_admin_log" VALUES(1666,'2','FlightSeat object (2)',3,'',10,1,'2024-11-29 07:39:31.960581');
INSERT INTO "django_admin_log" VALUES(1667,'1','FlightSeat object (1)',3,'',10,1,'2024-11-29 07:39:31.960591');
INSERT INTO "django_admin_log" VALUES(1668,'3','DME',1,'[{"added": {}}]',18,1,'2024-11-29 07:40:48.145964');
INSERT INTO "django_admin_log" VALUES(1669,'3','DME',2,'[]',18,1,'2024-11-29 07:41:32.416294');
INSERT INTO "django_admin_log" VALUES(1670,'3','Нью-Йорк',1,'[{"added": {}}]',12,1,'2024-11-29 07:41:59.942495');
INSERT INTO "django_admin_log" VALUES(1671,'4','Лондон',1,'[{"added": {}}]',12,1,'2024-11-29 07:42:19.138936');
INSERT INTO "django_admin_log" VALUES(1672,'5','Токио',1,'[{"added": {}}]',12,1,'2024-11-29 07:42:46.199483');
INSERT INTO "django_admin_log" VALUES(1673,'6','Париж',1,'[{"added": {}}]',12,1,'2024-11-29 07:43:00.867414');
INSERT INTO "django_admin_log" VALUES(1674,'7','Пекин',1,'[{"added": {}}]',12,1,'2024-11-29 07:43:17.014451');
INSERT INTO "django_admin_log" VALUES(1675,'4','LGA',1,'[{"added": {}}]',18,1,'2024-11-29 07:44:42.850320');
INSERT INTO "django_admin_log" VALUES(1676,'3','DME',2,'[{"changed": {"fields": ["Full name"]}}]',18,1,'2024-11-29 07:44:53.584287');
INSERT INTO "django_admin_log" VALUES(1677,'3','DME',2,'[]',18,1,'2024-11-29 07:44:55.078704');
INSERT INTO "django_admin_log" VALUES(1678,'1','SVO',2,'[{"changed": {"fields": ["Full name"]}}]',18,1,'2024-11-29 07:45:02.103110');
INSERT INTO "django_admin_log" VALUES(1679,'2','SPB',2,'[{"changed": {"fields": ["Full name"]}}]',18,1,'2024-11-29 07:45:21.902897');
INSERT INTO "django_admin_log" VALUES(1680,'5','JFK',1,'[{"added": {}}]',18,1,'2024-11-29 07:45:50.998505');
INSERT INTO "django_admin_log" VALUES(1681,'6','EWR',1,'[{"added": {}}]',18,1,'2024-11-29 07:46:08.061201');
INSERT INTO "django_admin_log" VALUES(1682,'7','LKR',1,'[{"added": {}}]',18,1,'2024-11-29 07:46:31.816566');
INSERT INTO "django_admin_log" VALUES(1683,'8','Гатвик',1,'[{"added": {}}]',18,1,'2024-11-29 07:46:45.112985');
INSERT INTO "django_admin_log" VALUES(1684,'9','LTN',1,'[{"added": {}}]',18,1,'2024-11-29 07:46:59.913031');
INSERT INTO "django_admin_log" VALUES(1685,'10','STN',1,'[{"added": {}}]',18,1,'2024-11-29 07:47:21.637889');
INSERT INTO "django_admin_log" VALUES(1686,'11','NRT',1,'[{"added": {}}]',18,1,'2024-11-29 07:47:40.883907');
INSERT INTO "django_admin_log" VALUES(1687,'12','HND',1,'[{"added": {}}]',18,1,'2024-11-29 07:47:52.916787');
INSERT INTO "django_admin_log" VALUES(1688,'13','CDG',1,'[{"added": {}}]',18,1,'2024-11-29 07:48:10.250512');
INSERT INTO "django_admin_log" VALUES(1689,'14','ORY',1,'[{"added": {}}]',18,1,'2024-11-29 07:49:35.568201');
INSERT INTO "django_admin_log" VALUES(1690,'15','PEK',1,'[{"added": {}}]',18,1,'2024-11-29 07:49:49.672608');
INSERT INTO "django_admin_log" VALUES(1691,'16','Дасин',1,'[{"added": {}}]',18,1,'2024-11-29 07:50:06.486169');
INSERT INTO "django_admin_log" VALUES(1692,'8','LGW',2,'[{"changed": {"fields": ["Name", "Full name"]}}]',18,1,'2024-11-29 07:50:19.036716');
INSERT INTO "django_admin_log" VALUES(1693,'16','PKX',2,'[{"changed": {"fields": ["Name", "Full name"]}}]',18,1,'2024-11-29 07:50:33.062855');
INSERT INTO "django_admin_log" VALUES(1694,'28','Flight 28 from SVO to SPB',3,'',9,1,'2024-11-29 07:55:01.620923');
INSERT INTO "django_admin_log" VALUES(1695,'27','Flight 27 from SVO to SPB',3,'',9,1,'2024-11-29 07:55:01.620964');
INSERT INTO "django_admin_log" VALUES(1696,'26','Flight 26 from SVO to SPB',3,'',9,1,'2024-11-29 07:55:01.620978');
INSERT INTO "django_admin_log" VALUES(1697,'25','Flight 25 from SVO to SPB',3,'',9,1,'2024-11-29 07:55:01.620991');
INSERT INTO "django_admin_log" VALUES(1698,'24','Flight 24 from SVO to SPB',3,'',9,1,'2024-11-29 07:55:01.621003');
INSERT INTO "django_admin_log" VALUES(1699,'23','Flight 23 from SVO to SPB',3,'',9,1,'2024-11-29 07:55:01.621015');
INSERT INTO "django_admin_log" VALUES(1700,'22','Flight 22 from SVO to SPB',3,'',9,1,'2024-11-29 07:55:01.621026');
INSERT INTO "django_admin_log" VALUES(1701,'21','Flight 21 from SVO to SPB',3,'',9,1,'2024-11-29 07:55:01.621038');
INSERT INTO "django_admin_log" VALUES(1702,'20','Flight 20 from SVO to SPB',3,'',9,1,'2024-11-29 07:55:01.621049');
INSERT INTO "django_admin_log" VALUES(1703,'19','Flight 19 from SVO to SPB',3,'',9,1,'2024-11-29 07:55:01.621060');
INSERT INTO "django_admin_log" VALUES(1704,'18','Flight 18 from SVO to SPB',3,'',9,1,'2024-11-29 07:55:01.621071');
INSERT INTO "django_admin_log" VALUES(1705,'17','Flight 17 from SVO to SPB',3,'',9,1,'2024-11-29 07:55:01.621083');
INSERT INTO "django_admin_log" VALUES(1706,'16','Flight 16 from SVO to SPB',3,'',9,1,'2024-11-29 07:55:01.621094');
INSERT INTO "django_admin_log" VALUES(1707,'15','Flight 15 from SVO to SPB',3,'',9,1,'2024-11-29 07:55:01.621105');
INSERT INTO "django_admin_log" VALUES(1708,'14','Flight 14 from SVO to SPB',3,'',9,1,'2024-11-29 07:55:01.621116');
INSERT INTO "django_admin_log" VALUES(1709,'13','Flight 13 from SVO to SPB',3,'',9,1,'2024-11-29 07:55:01.621127');
INSERT INTO "django_admin_log" VALUES(1710,'12','Flight 12 from SVO to SPB',3,'',9,1,'2024-11-29 07:55:01.621138');
INSERT INTO "django_admin_log" VALUES(1711,'11','Flight 11 from SVO to SPB',3,'',9,1,'2024-11-29 07:55:01.621149');
INSERT INTO "django_admin_log" VALUES(1712,'10','Flight 10 from SVO to SPB',3,'',9,1,'2024-11-29 07:55:01.621160');
INSERT INTO "django_admin_log" VALUES(1713,'9','Flight 9 from SVO to SPB',3,'',9,1,'2024-11-29 07:55:01.621171');
INSERT INTO "django_admin_log" VALUES(1714,'8','Flight 8 from SVO to SPB',3,'',9,1,'2024-11-29 07:55:01.621182');
INSERT INTO "django_admin_log" VALUES(1715,'7','Flight 7 from SVO to SPB',3,'',9,1,'2024-11-29 07:55:01.621193');
INSERT INTO "django_admin_log" VALUES(1716,'6','Flight 6 from SVO to SPB',3,'',9,1,'2024-11-29 07:55:01.621204');
INSERT INTO "django_admin_log" VALUES(1717,'5','Flight 5 from SVO to SPB',3,'',9,1,'2024-11-29 07:55:01.621214');
INSERT INTO "django_admin_log" VALUES(1718,'4','Flight 4 from SVO to SPB',3,'',9,1,'2024-11-29 07:55:01.621225');
INSERT INTO "django_admin_log" VALUES(1719,'3','Flight 3 from SPB to SVO',3,'',9,1,'2024-11-29 07:55:01.621236');
INSERT INTO "django_admin_log" VALUES(1720,'2','Flight 2 from SVO to SVO',3,'',9,1,'2024-11-29 07:55:01.621247');
INSERT INTO "django_admin_log" VALUES(1721,'1','Flight 1 from SVO to SVO',3,'',9,1,'2024-11-29 07:55:01.621258');
INSERT INTO "django_admin_log" VALUES(1722,'2','Ticket object (2)',1,'[{"added": {}}]',14,1,'2024-11-29 07:58:41.855346');
INSERT INTO "django_admin_log" VALUES(1723,'33','Flight from SVO to JFK',2,'[]',9,1,'2024-12-08 17:47:29.780174');
INSERT INTO "django_admin_log" VALUES(1724,'31','Flight from SVO to LGA',2,'[{"changed": {"fields": ["\u041d\u0430\u0437\u0432\u0430\u043d\u0438\u0435"]}}]',9,1,'2024-12-08 17:47:49.213377');
INSERT INTO "django_admin_log" VALUES(1725,'32','Flight from SVO to JFK',2,'[{"changed": {"fields": ["\u041d\u0430\u0437\u0432\u0430\u043d\u0438\u0435"]}}]',9,1,'2024-12-08 17:47:56.246469');
CREATE UNIQUE INDEX "auth_group_permissions_group_id_permission_id_0cd325b0_uniq" ON "auth_group_permissions" ("group_id", "permission_id");
CREATE INDEX IF NOT EXISTS "auth_group_permissions_group_id_b120cbf9" ON "auth_group_permissions" ("group_id");
CREATE INDEX IF NOT EXISTS "auth_group_permissions_permission_id_84c5c92e" ON "auth_group_permissions" ("permission_id");
CREATE UNIQUE INDEX "auth_user_groups_user_id_group_id_94350c0c_uniq" ON "auth_user_groups" ("user_id", "group_id");
CREATE INDEX IF NOT EXISTS "auth_user_groups_user_id_6a12ed8b" ON "auth_user_groups" ("user_id");
CREATE INDEX IF NOT EXISTS "auth_user_groups_group_id_97559544" ON "auth_user_groups" ("group_id");
CREATE UNIQUE INDEX "auth_user_user_permissions_user_id_permission_id_14a6b632_uniq" ON "auth_user_user_permissions" ("user_id", "permission_id");
CREATE INDEX IF NOT EXISTS "auth_user_user_permissions_user_id_a95ead1b" ON "auth_user_user_permissions" ("user_id");
CREATE INDEX IF NOT EXISTS "auth_user_user_permissions_permission_id_1fbb5f2c" ON "auth_user_user_permissions" ("permission_id");
CREATE INDEX IF NOT EXISTS "django_admin_log_content_type_id_c4bce8eb" ON "django_admin_log" ("content_type_id");
CREATE INDEX IF NOT EXISTS "django_admin_log_user_id_c564eba6" ON "django_admin_log" ("user_id");
CREATE UNIQUE INDEX "django_content_type_app_label_model_76bd3d3b_uniq" ON "django_content_type" ("app_label", "model");
CREATE UNIQUE INDEX "auth_permission_content_type_id_codename_01ab375a_uniq" ON "auth_permission" ("content_type_id", "codename");
CREATE INDEX IF NOT EXISTS "auth_permission_content_type_id_2f476e4b" ON "auth_permission" ("content_type_id");
CREATE UNIQUE INDEX "api_user_groups_user_id_group_id_9c7ddfb5_uniq" ON "api_user_groups" ("user_id", "group_id");
CREATE INDEX IF NOT EXISTS "api_user_groups_user_id_a5ff39fa" ON "api_user_groups" ("user_id");
CREATE INDEX IF NOT EXISTS "api_user_groups_group_id_3af85785" ON "api_user_groups" ("group_id");
CREATE UNIQUE INDEX "api_user_user_permissions_user_id_permission_id_a06dd704_uniq" ON "api_user_user_permissions" ("user_id", "permission_id");
CREATE INDEX IF NOT EXISTS "api_user_user_permissions_user_id_f3945d65" ON "api_user_user_permissions" ("user_id");
CREATE INDEX IF NOT EXISTS "api_user_user_permissions_permission_id_305b7fea" ON "api_user_user_permissions" ("permission_id");
CREATE INDEX IF NOT EXISTS "django_session_expire_date_a5c62663" ON "django_session" ("expire_date");
CREATE INDEX IF NOT EXISTS "api_boardseat_board_id_c8b81e01" ON "api_boardseat" ("board_id");
CREATE INDEX IF NOT EXISTS "api_ticket_client_id_d04c22cf" ON "api_ticket" ("client_id");
CREATE INDEX IF NOT EXISTS "api_ticket_flight_seat_id_634dcb49" ON "api_ticket" ("flight_seat_id");
CREATE INDEX IF NOT EXISTS "api_airport_place_id_0a3400d0" ON "api_airport" ("place_id");
CREATE INDEX IF NOT EXISTS "api_board_model_id_f80a4023" ON "api_board" ("model_id");
CREATE INDEX IF NOT EXISTS "api_model_manufacturer_id_d978a9ae" ON "api_model" ("manufacturer_id");
CREATE INDEX IF NOT EXISTS "api_flight_board_id_723b5fc3" ON "api_flight" ("board_id");
CREATE INDEX IF NOT EXISTS "api_flight_arrival_airport_id_52080e3a" ON "api_flight" ("arrival_airport_id");
CREATE INDEX IF NOT EXISTS "api_flight_departure_airport_id_8d678b10" ON "api_flight" ("departure_airport_id");
CREATE INDEX IF NOT EXISTS "api_flightseat_flight_id_9bc0032c" ON "api_flightseat" ("flight_id");
CREATE TABLE IF NOT EXISTS "django_content_type" ("id" integer NOT NULL PRIMARY KEY AUTOINCREMENT, "app_label" varchar(100) NOT NULL, "model" varchar(100) NOT NULL);
INSERT INTO "django_content_type" VALUES(1,'admin','logentry');
INSERT INTO "django_content_type" VALUES(2,'auth','permission');
INSERT INTO "django_content_type" VALUES(3,'auth','group');
INSERT INTO "django_content_type" VALUES(4,'auth','user');
INSERT INTO "django_content_type" VALUES(5,'contenttypes','contenttype');
INSERT INTO "django_content_type" VALUES(6,'sessions','session');
INSERT INTO "django_content_type" VALUES(7,'api','board');
INSERT INTO "django_content_type" VALUES(8,'api','client');
INSERT INTO "django_content_type" VALUES(9,'api','flight');
INSERT INTO "django_content_type" VALUES(10,'api','flightseat');
INSERT INTO "django_content_type" VALUES(11,'api','manufacturer');
INSERT INTO "django_content_type" VALUES(12,'api','place');
INSERT INTO "django_content_type" VALUES(13,'api','user');
INSERT INTO "django_content_type" VALUES(14,'api','ticket');
INSERT INTO "django_content_type" VALUES(15,'api','model');
INSERT INTO "django_content_type" VALUES(16,'api','employee');
INSERT INTO "django_content_type" VALUES(17,'api','boardseat');
INSERT INTO "django_content_type" VALUES(18,'api','airport');
INSERT INTO "django_content_type" VALUES(19,'social_django','usersocialauth');
INSERT INTO "django_content_type" VALUES(20,'social_django','nonce');
INSERT INTO "django_content_type" VALUES(21,'social_django','association');
INSERT INTO "django_content_type" VALUES(22,'social_django','code');
INSERT INTO "django_content_type" VALUES(23,'social_django','partial');
INSERT INTO "django_content_type" VALUES(24,'taggit','tag');
INSERT INTO "django_content_type" VALUES(25,'taggit','taggeditem');
INSERT INTO "django_content_type" VALUES(26,'core','objectchange');
INSERT INTO "django_content_type" VALUES(27,'core','configrevision');
INSERT INTO "django_content_type" VALUES(28,'core','datasource');
INSERT INTO "django_content_type" VALUES(29,'core','datafile');
INSERT INTO "django_content_type" VALUES(30,'core','autosyncrecord');
INSERT INTO "django_content_type" VALUES(31,'core','managedfile');
INSERT INTO "django_content_type" VALUES(32,'core','job');
INSERT INTO "django_content_type" VALUES(33,'users','token');
INSERT INTO "django_content_type" VALUES(34,'circuits','circuittype');
INSERT INTO "django_content_type" VALUES(35,'circuits','circuit');
INSERT INTO "django_content_type" VALUES(36,'circuits','circuitgroup');
INSERT INTO "django_content_type" VALUES(37,'circuits','circuitgroupassignment');
INSERT INTO "django_content_type" VALUES(38,'circuits','circuittermination');
INSERT INTO "django_content_type" VALUES(39,'circuits','provider');
INSERT INTO "django_content_type" VALUES(40,'circuits','provideraccount');
INSERT INTO "django_content_type" VALUES(41,'circuits','providernetwork');
INSERT INTO "django_content_type" VALUES(42,'dcim','consoleport');
INSERT INTO "django_content_type" VALUES(43,'dcim','consoleserverport');
INSERT INTO "django_content_type" VALUES(44,'dcim','powerport');
INSERT INTO "django_content_type" VALUES(45,'dcim','poweroutlet');
INSERT INTO "django_content_type" VALUES(46,'dcim','interface');
INSERT INTO "django_content_type" VALUES(47,'dcim','frontport');
INSERT INTO "django_content_type" VALUES(48,'dcim','rearport');
INSERT INTO "django_content_type" VALUES(49,'dcim','modulebay');
INSERT INTO "django_content_type" VALUES(50,'dcim','devicebay');
INSERT INTO "django_content_type" VALUES(51,'dcim','inventoryitemrole');
INSERT INTO "django_content_type" VALUES(52,'dcim','inventoryitem');
INSERT INTO "django_content_type" VALUES(53,'dcim','cable');
INSERT INTO "django_content_type" VALUES(54,'dcim','cabletermination');
INSERT INTO "django_content_type" VALUES(55,'dcim','cablepath');
INSERT INTO "django_content_type" VALUES(56,'dcim','consoleporttemplate');
INSERT INTO "django_content_type" VALUES(57,'dcim','consoleserverporttemplate');
INSERT INTO "django_content_type" VALUES(58,'dcim','powerporttemplate');
INSERT INTO "django_content_type" VALUES(59,'dcim','poweroutlettemplate');
INSERT INTO "django_content_type" VALUES(60,'dcim','interfacetemplate');
INSERT INTO "django_content_type" VALUES(61,'dcim','frontporttemplate');
INSERT INTO "django_content_type" VALUES(62,'dcim','rearporttemplate');
INSERT INTO "django_content_type" VALUES(63,'dcim','modulebaytemplate');
INSERT INTO "django_content_type" VALUES(64,'dcim','devicebaytemplate');
INSERT INTO "django_content_type" VALUES(65,'dcim','inventoryitemtemplate');
INSERT INTO "django_content_type" VALUES(66,'dcim','manufacturer');
INSERT INTO "django_content_type" VALUES(67,'dcim','devicetype');
INSERT INTO "django_content_type" VALUES(68,'dcim','moduletype');
INSERT INTO "django_content_type" VALUES(69,'dcim','devicerole');
INSERT INTO "django_content_type" VALUES(70,'dcim','platform');
INSERT INTO "django_content_type" VALUES(71,'dcim','device');
INSERT INTO "django_content_type" VALUES(72,'dcim','module');
INSERT INTO "django_content_type" VALUES(73,'dcim','virtualchassis');
INSERT INTO "django_content_type" VALUES(74,'dcim','virtualdevicecontext');
INSERT INTO "django_content_type" VALUES(75,'dcim','powerpanel');
INSERT INTO "django_content_type" VALUES(76,'dcim','powerfeed');
INSERT INTO "django_content_type" VALUES(77,'dcim','racktype');
INSERT INTO "django_content_type" VALUES(78,'dcim','rackrole');
INSERT INTO "django_content_type" VALUES(79,'dcim','rack');
INSERT INTO "django_content_type" VALUES(80,'dcim','rackreservation');
INSERT INTO "django_content_type" VALUES(81,'dcim','region');
INSERT INTO "django_content_type" VALUES(82,'dcim','sitegroup');
INSERT INTO "django_content_type" VALUES(83,'dcim','site');
INSERT INTO "django_content_type" VALUES(84,'dcim','location');
INSERT INTO "django_content_type" VALUES(85,'ipam','asnrange');
INSERT INTO "django_content_type" VALUES(86,'ipam','asn');
INSERT INTO "django_content_type" VALUES(87,'ipam','fhrpgroup');
INSERT INTO "django_content_type" VALUES(88,'ipam','fhrpgroupassignment');
INSERT INTO "django_content_type" VALUES(89,'ipam','vrf');
INSERT INTO "django_content_type" VALUES(90,'ipam','routetarget');
INSERT INTO "django_content_type" VALUES(91,'ipam','rir');
INSERT INTO "django_content_type" VALUES(92,'ipam','aggregate');
INSERT INTO "django_content_type" VALUES(93,'ipam','role');
INSERT INTO "django_content_type" VALUES(94,'ipam','prefix');
INSERT INTO "django_content_type" VALUES(95,'ipam','iprange');
INSERT INTO "django_content_type" VALUES(96,'ipam','ipaddress');
INSERT INTO "django_content_type" VALUES(97,'ipam','servicetemplate');
INSERT INTO "django_content_type" VALUES(98,'ipam','service');
INSERT INTO "django_content_type" VALUES(99,'ipam','vlangroup');
INSERT INTO "django_content_type" VALUES(100,'ipam','vlan');
INSERT INTO "django_content_type" VALUES(101,'extras','tag');
INSERT INTO "django_content_type" VALUES(102,'extras','taggeditem');
INSERT INTO "django_content_type" VALUES(103,'extras','configcontext');
INSERT INTO "django_content_type" VALUES(104,'extras','configtemplate');
INSERT INTO "django_content_type" VALUES(105,'extras','customfield');
INSERT INTO "django_content_type" VALUES(106,'extras','customfieldchoiceset');
INSERT INTO "django_content_type" VALUES(107,'extras','dashboard');
INSERT INTO "django_content_type" VALUES(108,'extras','eventrule');
INSERT INTO "django_content_type" VALUES(109,'extras','webhook');
INSERT INTO "django_content_type" VALUES(110,'extras','customlink');
INSERT INTO "django_content_type" VALUES(111,'extras','exporttemplate');
INSERT INTO "django_content_type" VALUES(112,'extras','savedfilter');
INSERT INTO "django_content_type" VALUES(113,'extras','imageattachment');
INSERT INTO "django_content_type" VALUES(114,'extras','journalentry');
INSERT INTO "django_content_type" VALUES(115,'extras','bookmark');
INSERT INTO "django_content_type" VALUES(116,'extras','notification');
INSERT INTO "django_content_type" VALUES(117,'extras','notificationgroup');
INSERT INTO "django_content_type" VALUES(118,'extras','subscription');
INSERT INTO "django_content_type" VALUES(119,'extras','script');
INSERT INTO "django_content_type" VALUES(120,'extras','cachedvalue');
INSERT INTO "django_content_type" VALUES(121,'extras','branch');
INSERT INTO "django_content_type" VALUES(122,'extras','stagedchange');
INSERT INTO "django_content_type" VALUES(123,'tenancy','contactgroup');
INSERT INTO "django_content_type" VALUES(124,'tenancy','contactrole');
INSERT INTO "django_content_type" VALUES(125,'tenancy','contact');
INSERT INTO "django_content_type" VALUES(126,'tenancy','contactassignment');
INSERT INTO "django_content_type" VALUES(127,'tenancy','tenantgroup');
INSERT INTO "django_content_type" VALUES(128,'tenancy','tenant');
INSERT INTO "django_content_type" VALUES(129,'users','group');
INSERT INTO "django_content_type" VALUES(130,'users','user');
INSERT INTO "django_content_type" VALUES(131,'users','userconfig');
INSERT INTO "django_content_type" VALUES(132,'users','objectpermission');
INSERT INTO "django_content_type" VALUES(133,'virtualization','clustertype');
INSERT INTO "django_content_type" VALUES(134,'virtualization','clustergroup');
INSERT INTO "django_content_type" VALUES(135,'virtualization','cluster');
INSERT INTO "django_content_type" VALUES(136,'virtualization','virtualmachine');
INSERT INTO "django_content_type" VALUES(137,'virtualization','vminterface');
INSERT INTO "django_content_type" VALUES(138,'virtualization','virtualdisk');
INSERT INTO "django_content_type" VALUES(139,'vpn','ikeproposal');
INSERT INTO "django_content_type" VALUES(140,'vpn','ikepolicy');
INSERT INTO "django_content_type" VALUES(141,'vpn','ipsecproposal');
INSERT INTO "django_content_type" VALUES(142,'vpn','ipsecpolicy');
INSERT INTO "django_content_type" VALUES(143,'vpn','ipsecprofile');
INSERT INTO "django_content_type" VALUES(144,'vpn','l2vpn');
INSERT INTO "django_content_type" VALUES(145,'vpn','l2vpntermination');
INSERT INTO "django_content_type" VALUES(146,'vpn','tunnelgroup');
INSERT INTO "django_content_type" VALUES(147,'vpn','tunnel');
INSERT INTO "django_content_type" VALUES(148,'vpn','tunneltermination');
INSERT INTO "django_content_type" VALUES(149,'wireless','wirelesslangroup');
INSERT INTO "django_content_type" VALUES(150,'wireless','wirelesslan');
INSERT INTO "django_content_type" VALUES(151,'wireless','wirelesslink');
INSERT INTO "django_content_type" VALUES(152,'django_rq','queue');
CREATE UNIQUE INDEX "auth_group_permissions_group_id_permission_id_0cd325b0_uniq" ON "auth_group_permissions" ("group_id", "permission_id");
CREATE INDEX IF NOT EXISTS "auth_group_permissions_group_id_b120cbf9" ON "auth_group_permissions" ("group_id");
CREATE INDEX IF NOT EXISTS "auth_group_permissions_permission_id_84c5c92e" ON "auth_group_permissions" ("permission_id");
CREATE UNIQUE INDEX "auth_user_groups_user_id_group_id_94350c0c_uniq" ON "auth_user_groups" ("user_id", "group_id");
CREATE INDEX IF NOT EXISTS "auth_user_groups_user_id_6a12ed8b" ON "auth_user_groups" ("user_id");
CREATE INDEX IF NOT EXISTS "auth_user_groups_group_id_97559544" ON "auth_user_groups" ("group_id");
CREATE UNIQUE INDEX "auth_user_user_permissions_user_id_permission_id_14a6b632_uniq" ON "auth_user_user_permissions" ("user_id", "permission_id");
CREATE INDEX IF NOT EXISTS "auth_user_user_permissions_user_id_a95ead1b" ON "auth_user_user_permissions" ("user_id");
CREATE INDEX IF NOT EXISTS "auth_user_user_permissions_permission_id_1fbb5f2c" ON "auth_user_user_permissions" ("permission_id");
CREATE INDEX IF NOT EXISTS "django_admin_log_content_type_id_c4bce8eb" ON "django_admin_log" ("content_type_id");
CREATE INDEX IF NOT EXISTS "django_admin_log_user_id_c564eba6" ON "django_admin_log" ("user_id");
CREATE UNIQUE INDEX "django_content_type_app_label_model_76bd3d3b_uniq" ON "django_content_type" ("app_label", "model");
CREATE UNIQUE INDEX "auth_permission_content_type_id_codename_01ab375a_uniq" ON "auth_permission" ("content_type_id", "codename");
CREATE INDEX IF NOT EXISTS "auth_permission_content_type_id_2f476e4b" ON "auth_permission" ("content_type_id");
CREATE UNIQUE INDEX "api_user_groups_user_id_group_id_9c7ddfb5_uniq" ON "api_user_groups" ("user_id", "group_id");
CREATE INDEX IF NOT EXISTS "api_user_groups_user_id_a5ff39fa" ON "api_user_groups" ("user_id");
CREATE INDEX IF NOT EXISTS "api_user_groups_group_id_3af85785" ON "api_user_groups" ("group_id");
CREATE UNIQUE INDEX "api_user_user_permissions_user_id_permission_id_a06dd704_uniq" ON "api_user_user_permissions" ("user_id", "permission_id");
CREATE INDEX IF NOT EXISTS "api_user_user_permissions_user_id_f3945d65" ON "api_user_user_permissions" ("user_id");
CREATE INDEX IF NOT EXISTS "api_user_user_permissions_permission_id_305b7fea" ON "api_user_user_permissions" ("permission_id");
CREATE INDEX IF NOT EXISTS "django_session_expire_date_a5c62663" ON "django_session" ("expire_date");
CREATE INDEX IF NOT EXISTS "api_boardseat_board_id_c8b81e01" ON "api_boardseat" ("board_id");
CREATE INDEX IF NOT EXISTS "api_ticket_client_id_d04c22cf" ON "api_ticket" ("client_id");
CREATE INDEX IF NOT EXISTS "api_ticket_flight_seat_id_634dcb49" ON "api_ticket" ("flight_seat_id");
CREATE INDEX IF NOT EXISTS "api_airport_place_id_0a3400d0" ON "api_airport" ("place_id");
CREATE INDEX IF NOT EXISTS "api_board_model_id_f80a4023" ON "api_board" ("model_id");
CREATE INDEX IF NOT EXISTS "api_model_manufacturer_id_d978a9ae" ON "api_model" ("manufacturer_id");
CREATE INDEX IF NOT EXISTS "api_flight_board_id_723b5fc3" ON "api_flight" ("board_id");
CREATE INDEX IF NOT EXISTS "api_flight_arrival_airport_id_52080e3a" ON "api_flight" ("arrival_airport_id");
CREATE INDEX IF NOT EXISTS "api_flight_departure_airport_id_8d678b10" ON "api_flight" ("departure_airport_id");
CREATE INDEX IF NOT EXISTS "api_flightseat_flight_id_9bc0032c" ON "api_flightseat" ("flight_id");
CREATE TABLE IF NOT EXISTS "django_migrations" ("id" integer NOT NULL PRIMARY KEY AUTOINCREMENT, "app" varchar(255) NOT NULL, "name" varchar(255) NOT NULL, "applied" datetime NOT NULL);
INSERT INTO "django_migrations" VALUES(1,'contenttypes','0001_initial','2024-10-20 22:59:25.982107');
INSERT INTO "django_migrations" VALUES(2,'auth','0001_initial','2024-10-20 22:59:25.991956');
INSERT INTO "django_migrations" VALUES(3,'admin','0001_initial','2024-10-20 22:59:25.997870');
INSERT INTO "django_migrations" VALUES(4,'admin','0002_logentry_remove_auto_add','2024-10-20 22:59:26.004254');
INSERT INTO "django_migrations" VALUES(5,'admin','0003_logentry_add_action_flag_choices','2024-10-20 22:59:26.008497');
INSERT INTO "django_migrations" VALUES(6,'contenttypes','0002_remove_content_type_name','2024-10-20 22:59:26.019845');
INSERT INTO "django_migrations" VALUES(7,'auth','0002_alter_permission_name_max_length','2024-10-20 22:59:26.026910');
INSERT INTO "django_migrations" VALUES(8,'auth','0003_alter_user_email_max_length','2024-10-20 22:59:26.032923');
INSERT INTO "django_migrations" VALUES(9,'auth','0004_alter_user_username_opts','2024-10-20 22:59:26.037116');
INSERT INTO "django_migrations" VALUES(10,'auth','0005_alter_user_last_login_null','2024-10-20 22:59:26.043023');
INSERT INTO "django_migrations" VALUES(11,'auth','0006_require_contenttypes_0002','2024-10-20 22:59:26.043866');
INSERT INTO "django_migrations" VALUES(12,'auth','0007_alter_validators_add_error_messages','2024-10-20 22:59:26.048622');
INSERT INTO "django_migrations" VALUES(13,'auth','0008_alter_user_username_max_length','2024-10-20 22:59:26.054849');
INSERT INTO "django_migrations" VALUES(14,'auth','0009_alter_user_last_name_max_length','2024-10-20 22:59:26.061919');
INSERT INTO "django_migrations" VALUES(15,'auth','0010_alter_group_name_max_length','2024-10-20 22:59:26.067397');
INSERT INTO "django_migrations" VALUES(16,'auth','0011_update_proxy_permissions','2024-10-20 22:59:26.071475');
INSERT INTO "django_migrations" VALUES(17,'auth','0012_alter_user_first_name_max_length','2024-10-20 22:59:26.077589');
INSERT INTO "django_migrations" VALUES(18,'api','0001_initial','2024-10-20 22:59:26.147859');
INSERT INTO "django_migrations" VALUES(19,'sessions','0001_initial','2024-10-20 22:59:26.150676');
INSERT INTO "django_migrations" VALUES(20,'api','0002_place_latitude_place_longitude_and_more','2024-10-21 01:11:10.465693');
INSERT INTO "django_migrations" VALUES(21,'api','0003_airport_is_deleted_board_is_deleted_and_more','2024-10-21 19:16:52.524634');
INSERT INTO "django_migrations" VALUES(22,'api','0004_boardseat_seats_version','2024-11-26 07:50:33.593166');
INSERT INTO "django_migrations" VALUES(23,'api','0005_flight_delay_time_flight_gate_flight_terminal','2024-11-28 20:12:38.876558');
INSERT INTO "django_migrations" VALUES(24,'api','0006_remove_flight_arrival_place_and_more','2024-11-28 20:18:40.554906');
INSERT INTO "django_migrations" VALUES(25,'api','0007_ticket_is_canceled_ticket_is_paid','2024-11-28 22:01:38.538046');
INSERT INTO "django_migrations" VALUES(26,'api','0008_alter_airport_options_alter_board_options_and_more','2024-11-28 22:13:06.825364');
INSERT INTO "django_migrations" VALUES(27,'api','0009_flight_business_class_price_and_more','2024-11-29 06:49:50.400894');
INSERT INTO "django_migrations" VALUES(28,'api','0010_flightseat_row_number','2024-11-29 07:38:07.462965');
INSERT INTO "django_migrations" VALUES(29,'api','0011_airport_full_name','2024-11-29 07:44:31.192509');
INSERT INTO "django_migrations" VALUES(30,'api','0012_alter_board_model_alter_model_manufacturer','2024-11-30 16:53:02.566204');
INSERT INTO "django_migrations" VALUES(31,'api','0013_alter_flight_arrival_airport_and_more','2024-11-30 16:54:07.756296');
INSERT INTO "django_migrations" VALUES(32,'api','0014_flight_name','2024-11-30 16:55:08.241218');
INSERT INTO "django_migrations" VALUES(33,'api','0015_remove_flight_name_user_accent_color_and_more','2024-12-02 15:17:11.106088');
INSERT INTO "django_migrations" VALUES(34,'api','0016_flight_name_alter_airport_full_name_and_more','2024-12-08 17:41:48.638109');
INSERT INTO "django_migrations" VALUES(35,'api','0017_alter_flight_name','2024-12-08 17:44:49.532873');
INSERT INTO "django_migrations" VALUES(36,'api','0018_alter_flightseat_id','2024-12-08 19:06:43.427442');
INSERT INTO "django_migrations" VALUES(37,'api','0019_alter_user_password','2024-12-08 23:31:33.198043');
INSERT INTO "django_migrations" VALUES(38,'api','0020_user_first_name_user_last_name_user_middle_name_and_more','2024-12-09 01:59:51.347700');
CREATE UNIQUE INDEX "auth_group_permissions_group_id_permission_id_0cd325b0_uniq" ON "auth_group_permissions" ("group_id", "permission_id");
CREATE INDEX IF NOT EXISTS "auth_group_permissions_group_id_b120cbf9" ON "auth_group_permissions" ("group_id");
CREATE INDEX IF NOT EXISTS "auth_group_permissions_permission_id_84c5c92e" ON "auth_group_permissions" ("permission_id");
CREATE UNIQUE INDEX "auth_user_groups_user_id_group_id_94350c0c_uniq" ON "auth_user_groups" ("user_id", "group_id");
CREATE INDEX IF NOT EXISTS "auth_user_groups_user_id_6a12ed8b" ON "auth_user_groups" ("user_id");
CREATE INDEX IF NOT EXISTS "auth_user_groups_group_id_97559544" ON "auth_user_groups" ("group_id");
CREATE UNIQUE INDEX "auth_user_user_permissions_user_id_permission_id_14a6b632_uniq" ON "auth_user_user_permissions" ("user_id", "permission_id");
CREATE INDEX IF NOT EXISTS "auth_user_user_permissions_user_id_a95ead1b" ON "auth_user_user_permissions" ("user_id");
CREATE INDEX IF NOT EXISTS "auth_user_user_permissions_permission_id_1fbb5f2c" ON "auth_user_user_permissions" ("permission_id");
CREATE INDEX IF NOT EXISTS "django_admin_log_content_type_id_c4bce8eb" ON "django_admin_log" ("content_type_id");
CREATE INDEX IF NOT EXISTS "django_admin_log_user_id_c564eba6" ON "django_admin_log" ("user_id");
CREATE UNIQUE INDEX "django_content_type_app_label_model_76bd3d3b_uniq" ON "django_content_type" ("app_label", "model");
CREATE UNIQUE INDEX "auth_permission_content_type_id_codename_01ab375a_uniq" ON "auth_permission" ("content_type_id", "codename");
CREATE INDEX IF NOT EXISTS "auth_permission_content_type_id_2f476e4b" ON "auth_permission" ("content_type_id");
CREATE UNIQUE INDEX "api_user_groups_user_id_group_id_9c7ddfb5_uniq" ON "api_user_groups" ("user_id", "group_id");
CREATE INDEX IF NOT EXISTS "api_user_groups_user_id_a5ff39fa" ON "api_user_groups" ("user_id");
CREATE INDEX IF NOT EXISTS "api_user_groups_group_id_3af85785" ON "api_user_groups" ("group_id");
CREATE UNIQUE INDEX "api_user_user_permissions_user_id_permission_id_a06dd704_uniq" ON "api_user_user_permissions" ("user_id", "permission_id");
CREATE INDEX IF NOT EXISTS "api_user_user_permissions_user_id_f3945d65" ON "api_user_user_permissions" ("user_id");
CREATE INDEX IF NOT EXISTS "api_user_user_permissions_permission_id_305b7fea" ON "api_user_user_permissions" ("permission_id");
CREATE INDEX IF NOT EXISTS "django_session_expire_date_a5c62663" ON "django_session" ("expire_date");
CREATE INDEX IF NOT EXISTS "api_boardseat_board_id_c8b81e01" ON "api_boardseat" ("board_id");
CREATE INDEX IF NOT EXISTS "api_ticket_client_id_d04c22cf" ON "api_ticket" ("client_id");
CREATE INDEX IF NOT EXISTS "api_ticket_flight_seat_id_634dcb49" ON "api_ticket" ("flight_seat_id");
CREATE INDEX IF NOT EXISTS "api_airport_place_id_0a3400d0" ON "api_airport" ("place_id");
CREATE INDEX IF NOT EXISTS "api_board_model_id_f80a4023" ON "api_board" ("model_id");
CREATE INDEX IF NOT EXISTS "api_model_manufacturer_id_d978a9ae" ON "api_model" ("manufacturer_id");
CREATE INDEX IF NOT EXISTS "api_flight_board_id_723b5fc3" ON "api_flight" ("board_id");
CREATE INDEX IF NOT EXISTS "api_flight_arrival_airport_id_52080e3a" ON "api_flight" ("arrival_airport_id");
CREATE INDEX IF NOT EXISTS "api_flight_departure_airport_id_8d678b10" ON "api_flight" ("departure_airport_id");
CREATE INDEX IF NOT EXISTS "api_flightseat_flight_id_9bc0032c" ON "api_flightseat" ("flight_id");
CREATE TABLE IF NOT EXISTS "django_session" ("session_key" varchar(40) NOT NULL PRIMARY KEY, "session_data" text NOT NULL, "expire_date" datetime NOT NULL);
INSERT INTO "django_session" VALUES('dtcuzrujclwo2wj236d1eftvjvtc59q8','.eJxVjEEOwiAQRe_C2hBgqJ26dN8zkIEZpGpoUtqV8e7apAvd_vfef6lA21rC1mQJE6uLsur0u0VKD6k74DvV26zTXNdlinpX9EGbHmeW5_Vw_w4KtfKtxQA4EE85dREYnM-YQYyNnJJkiwNl9Mw-dYDRsu0tYc8GReDsBlLvD_9EOIo:1t2h0o:EfTmNbMH1r-dpad9XFqwCEQryb5dKhADp4PIM3ip5v0','2024-11-04 01:15:10.925678');
INSERT INTO "django_session" VALUES('niptt3oyrca2yexb5xrp3x6hf40vkyik','.eJxVjEEOwiAQRe_C2hBgqJ26dN8zkIEZpGpoUtqV8e7apAvd_vfef6lA21rC1mQJE6uLsur0u0VKD6k74DvV26zTXNdlinpX9EGbHmeW5_Vw_w4KtfKtxQA4EE85dREYnM-YQYyNnJJkiwNl9Mw-dYDRsu0tYc8GReDsBlLvD_9EOIo:1t2ygT:csQuen2ZDrS9WQrn8f6FGf7Z7PywxSl-4vKjK2xt1-8','2024-11-04 20:07:21.279070');
INSERT INTO "django_session" VALUES('8zbg8uxjmvp7dbqnqzwy0bbprarngc7s','.eJxVjMsOwiAQRf-FtSFQqMy4dN9vIMNjpGogKe3K-O_apAvd3nPOfQlP21r81vPi5yQuQovT7xYoPnLdQbpTvTUZW12XOchdkQftcmopP6-H-3dQqJdv7TQSxBRZWZttZM4YkRn1WTMwkx4CaDROKceo0Bp0w8hICYwDM4J4fwD56Del:1tFq9C:XzZZXo90YOcjYemSmYkP56sWmIzUlrj0fR9v4WRecIY','2024-12-10 07:38:10.226101');
INSERT INTO "django_session" VALUES('d2l4g79tegomjbdyuvb8azrt08iphxs2','.eJxVjMsOwiAQRf-FtSFQqMy4dN9vIMNjpGogKe3K-O_apAvd3nPOfQlP21r81vPi5yQuQovT7xYoPnLdQbpTvTUZW12XOchdkQftcmopP6-H-3dQqJdv7TQSxBRZWZttZM4YkRn1WTMwkx4CaDROKceo0Bp0w8hICYwDM4J4fwD56Del:1tGmVO:xeaJMjcGiC0BSNcaoF4FC9tOolatD5c9ipMXs5hme_4','2024-12-12 21:56:58.776752');
INSERT INTO "django_session" VALUES('eii41s9hdtwp7mglueccrkytz35wt6ur','.eJxVjMsOwiAQRf-FtSFQqMy4dN9vIMNjpGogKe3K-O_apAvd3nPOfQlP21r81vPi5yQuQovT7xYoPnLdQbpTvTUZW12XOchdkQftcmopP6-H-3dQqJdv7TQSxBRZWZttZM4YkRn1WTMwkx4CaDROKceo0Bp0w8hICYwDM4J4fwD56Del:1tGmm6:SpaiBkmtsjBLdHph7WyNmaOK-zLneWcKhWedG8-sZU4','2024-12-12 22:14:14.468713');
INSERT INTO "django_session" VALUES('fxtmxiviqro0k5ab4y2oyvh7de7dkzw7','.eJxVjMsOwiAQRf-FtSFQqMy4dN9vIMNjpGogKe3K-O_apAvd3nPOfQlP21r81vPi5yQuQovT7xYoPnLdQbpTvTUZW12XOchdkQftcmopP6-H-3dQqJdv7TQSxBRZWZttZM4YkRn1WTMwkx4CaDROKceo0Bp0w8hICYwDM4J4fwD56Del:1tHCia:MoSuE8TjAwftsWDP4cgp0Mxtaa01cxJ8AaW74MkZWGY','2024-12-14 01:56:20.941301');
INSERT INTO "django_session" VALUES('zb4d1mmevg1j6eb8tmfoaqztkm5x7x5c','.eJxVjMsOwiAQRf-FtSFQqMy4dN9vIMNjpGogKe3K-O_apAvd3nPOfQlP21r81vPi5yQuQovT7xYoPnLdQbpTvTUZW12XOchdkQftcmopP6-H-3dQqJdv7TQSxBRZWZttZM4YkRn1WTMwkx4CaDROKceo0Bp0w8hICYwDM4J4fwD56Del:1tI7Fu:UxipwQu-_16gePXcSK3lMkWlwNcTIioBaWDFu6NSiAE','2024-12-16 14:18:30.535730');
INSERT INTO "django_session" VALUES('csmly32t46ysq7eber3ernokb199x124','.eJxVjMsOwiAQRf-FtSFQqMy4dN9vIMNjpGogKe3K-O_apAvd3nPOfQlP21r81vPi5yQuQovT7xYoPnLdQbpTvTUZW12XOchdkQftcmopP6-H-3dQqJdv7TQSxBRZWZttZM4YkRn1WTMwkx4CaDROKceo0Bp0w8hICYwDM4J4fwD56Del:1tI8CD:c_0QF-7VH6vpwsZtrCgGorVOIdXUdNOrtJhxtLQ9Q9w','2024-12-16 15:18:45.770913');
INSERT INTO "django_session" VALUES('pouk487jmrz1n36lo4xhcvsl2te0xtp2','.eJxVjMsOwiAQRf-FtSFQqMy4dN9vIMNjpGogKe3K-O_apAvd3nPOfQlP21r81vPi5yQuQovT7xYoPnLdQbpTvTUZW12XOchdkQftcmopP6-H-3dQqJdv7TQSxBRZWZttZM4YkRn1WTMwkx4CaDROKceo0Bp0w8hICYwDM4J4fwD56Del:1tINF7:xyTdiNgNWoSyeIitbf8_oNvQ2FnN3xjCqyqtKZmbMn8','2024-12-17 07:22:45.125712');
INSERT INTO "django_session" VALUES('gupdk28znscoq8e461wyg28pvgrn081e','.eJxVjMsOwiAQRf-FtSFQqMy4dN9vIMNjpGogKe3K-O_apAvd3nPOfQlP21r81vPi5yQuQovT7xYoPnLdQbpTvTUZW12XOchdkQftcmopP6-H-3dQqJdv7TQSxBRZWZttZM4YkRn1WTMwkx4CaDROKceo0Bp0w8hICYwDM4J4fwD56Del:1tKHes:QOJ0u6t8qzC72l-vv_AyIzSNKIE-NSUzsC76s_eziNQ','2024-12-22 13:49:14.508385');
INSERT INTO "django_session" VALUES('of5wcocndregsm6m5wpo1qm081laj5ow','.eJxVjMEOwiAQRP-FsyFQttB69N5vIAu7SNXQpLQn479Lkx70NnnzZt7C475lv1de_UziKrS4_LKA8cnlKOiB5b7IuJRtnYM8FHm2VU4L8et2un8HGWtuax76ERTjkEg7AwCE1ENQhCaYTo-aVXCWTOxUyxhtihY1NJAgxeTE5wvohTiB:1tKUAo:h1WlcW9hCvkiI6V7fDGbzzL-bmr3dAF1LDYwJ9Rejm0','2024-12-23 03:11:02.638499');
INSERT INTO "django_session" VALUES('krnnbhs3bt0y8t1dqb0p49g5q2frvjbx','.eJxVjMEOwiAQRP-FsyFQttB69N5vIAu7SNXQpLQn479Lkx70NnnzZt7C475lv1de_UziKrS4_LKA8cnlKOiB5b7IuJRtnYM8FHm2VU4L8et2un8HGWtuax76ERTjkEg7AwCE1ENQhCaYTo-aVXCWTOxUyxhtihY1NJAgxeTE5wvohTiB:1tKUt5:WuGUdUxiB1MdmfQW1e7vPY2AN0XENq6Yp-fiquu_hL8','2024-12-23 03:56:47.307990');
CREATE UNIQUE INDEX "auth_group_permissions_group_id_permission_id_0cd325b0_uniq" ON "auth_group_permissions" ("group_id", "permission_id");
CREATE INDEX IF NOT EXISTS "auth_group_permissions_group_id_b120cbf9" ON "auth_group_permissions" ("group_id");
CREATE INDEX IF NOT EXISTS "auth_group_permissions_permission_id_84c5c92e" ON "auth_group_permissions" ("permission_id");
CREATE UNIQUE INDEX "auth_user_groups_user_id_group_id_94350c0c_uniq" ON "auth_user_groups" ("user_id", "group_id");
CREATE INDEX IF NOT EXISTS "auth_user_groups_user_id_6a12ed8b" ON "auth_user_groups" ("user_id");
CREATE INDEX IF NOT EXISTS "auth_user_groups_group_id_97559544" ON "auth_user_groups" ("group_id");
CREATE UNIQUE INDEX "auth_user_user_permissions_user_id_permission_id_14a6b632_uniq" ON "auth_user_user_permissions" ("user_id", "permission_id");
CREATE INDEX IF NOT EXISTS "auth_user_user_permissions_user_id_a95ead1b" ON "auth_user_user_permissions" ("user_id");
CREATE INDEX IF NOT EXISTS "auth_user_user_permissions_permission_id_1fbb5f2c" ON "auth_user_user_permissions" ("permission_id");
CREATE INDEX IF NOT EXISTS "django_admin_log_content_type_id_c4bce8eb" ON "django_admin_log" ("content_type_id");
CREATE INDEX IF NOT EXISTS "django_admin_log_user_id_c564eba6" ON "django_admin_log" ("user_id");
CREATE UNIQUE INDEX "django_content_type_app_label_model_76bd3d3b_uniq" ON "django_content_type" ("app_label", "model");
CREATE UNIQUE INDEX "auth_permission_content_type_id_codename_01ab375a_uniq" ON "auth_permission" ("content_type_id", "codename");
CREATE INDEX IF NOT EXISTS "auth_permission_content_type_id_2f476e4b" ON "auth_permission" ("content_type_id");
CREATE UNIQUE INDEX "api_user_groups_user_id_group_id_9c7ddfb5_uniq" ON "api_user_groups" ("user_id", "group_id");
CREATE INDEX IF NOT EXISTS "api_user_groups_user_id_a5ff39fa" ON "api_user_groups" ("user_id");
CREATE INDEX IF NOT EXISTS "api_user_groups_group_id_3af85785" ON "api_user_groups" ("group_id");
CREATE UNIQUE INDEX "api_user_user_permissions_user_id_permission_id_a06dd704_uniq" ON "api_user_user_permissions" ("user_id", "permission_id");
CREATE INDEX IF NOT EXISTS "api_user_user_permissions_user_id_f3945d65" ON "api_user_user_permissions" ("user_id");
CREATE INDEX IF NOT EXISTS "api_user_user_permissions_permission_id_305b7fea" ON "api_user_user_permissions" ("permission_id");
CREATE INDEX IF NOT EXISTS "django_session_expire_date_a5c62663" ON "django_session" ("expire_date");
CREATE INDEX IF NOT EXISTS "api_boardseat_board_id_c8b81e01" ON "api_boardseat" ("board_id");
CREATE INDEX IF NOT EXISTS "api_ticket_client_id_d04c22cf" ON "api_ticket" ("client_id");
CREATE INDEX IF NOT EXISTS "api_ticket_flight_seat_id_634dcb49" ON "api_ticket" ("flight_seat_id");
CREATE INDEX IF NOT EXISTS "api_airport_place_id_0a3400d0" ON "api_airport" ("place_id");
CREATE INDEX IF NOT EXISTS "api_board_model_id_f80a4023" ON "api_board" ("model_id");
CREATE INDEX IF NOT EXISTS "api_model_manufacturer_id_d978a9ae" ON "api_model" ("manufacturer_id");
CREATE INDEX IF NOT EXISTS "api_flight_board_id_723b5fc3" ON "api_flight" ("board_id");
CREATE INDEX IF NOT EXISTS "api_flight_arrival_airport_id_52080e3a" ON "api_flight" ("arrival_airport_id");
CREATE INDEX IF NOT EXISTS "api_flight_departure_airport_id_8d678b10" ON "api_flight" ("departure_airport_id");
CREATE INDEX IF NOT EXISTS "api_flightseat_flight_id_9bc0032c" ON "api_flightseat" ("flight_id");
